-- phpMyAdmin SQL Dump
-- version 4.8.5
-- https://www.phpmyadmin.net/
--
-- Servidor: 127.0.0.1
-- Tiempo de generación: 29-11-2021 a las 17:00:10
-- Versión del servidor: 10.1.40-MariaDB
-- Versión de PHP: 7.3.5

SET SQL_MODE = "NO_AUTO_VALUE_ON_ZERO";
SET AUTOCOMMIT = 0;
START TRANSACTION;
SET time_zone = "+00:00";


/*!40101 SET @OLD_CHARACTER_SET_CLIENT=@@CHARACTER_SET_CLIENT */;
/*!40101 SET @OLD_CHARACTER_SET_RESULTS=@@CHARACTER_SET_RESULTS */;
/*!40101 SET @OLD_COLLATION_CONNECTION=@@COLLATION_CONNECTION */;
/*!40101 SET NAMES utf8mb4 */;

--
-- Base de datos: `seguimiento21`
--

-- --------------------------------------------------------

--
-- Estructura de tabla para la tabla `banco`
--

CREATE TABLE `banco` (
  `id` bigint(20) UNSIGNED NOT NULL,
  `banco_rif` varchar(50) COLLATE utf8mb4_unicode_ci NOT NULL,
  `banco_nombre` varchar(100) COLLATE utf8mb4_unicode_ci NOT NULL,
  `banco_estado` tinyint(1) NOT NULL DEFAULT '1',
  `created_at` timestamp NULL DEFAULT NULL,
  `updated_at` timestamp NULL DEFAULT NULL
) ENGINE=InnoDB DEFAULT CHARSET=utf8mb4 COLLATE=utf8mb4_unicode_ci;

--
-- Volcado de datos para la tabla `banco`
--

INSERT INTO `banco` (`id`, `banco_rif`, `banco_nombre`, `banco_estado`, `created_at`, `updated_at`) VALUES
(1, 'J-00002949-0', 'Banco del Caribe', 1, NULL, NULL),
(2, 'J-00002961-0', 'Banco Mercantil', 1, NULL, NULL),
(3, 'G-20009997-6', 'Banco de Venezuela', 1, NULL, NULL),
(4, 'J-107013380-5', 'Banesco', 1, NULL, NULL),
(5, 'J-30061946-0', 'Banco Occidental de Descuento (BOD)', 1, NULL, NULL),
(6, 'J-00002950-4', 'Banco Exterior', 1, NULL, NULL),
(7, 'J-00002967-9', 'Banco Provincial BBVA', 1, NULL, NULL),
(8, 'J-09504855-1', 'Banco Caroni', 1, NULL, NULL),
(9, 'G-20005187-6', 'Banco del Tesoro', 1, NULL, NULL),
(10, 'G-20009148-7', 'Banco Bicentenario', 1, NULL, NULL),
(11, 'J-30984132-7', 'Banco Nacional de Crédito (BNC)', 1, NULL, NULL),
(12, 'J-000029709', 'Banco Venezolano de Crédito', 1, NULL, NULL),
(13, 'J000423032', 'Banplus', 1, NULL, NULL),
(14, 'G-200106760', 'Banco Industrial', 1, NULL, NULL),
(15, 'J-08500776-8', '100% Banco', 1, NULL, NULL),
(16, 'J-123', 'Banco Fondo Comun', 1, NULL, NULL),
(17, '1234567890', 'Banco Sofitasa', 1, NULL, NULL),
(18, '012345', 'Banco del Sur', 1, NULL, NULL),
(19, '0123', 'Banco Plaza', 1, NULL, NULL),
(20, 'J-08006622-7', 'BANCO ACTIVO C.A , BANCO UNIVERSAL', 1, NULL, NULL),
(21, '2018011', 'BANESCO PANAMA', 1, NULL, NULL),
(22, 'G-20009997-6', 'Banco de Venezuela', 1, NULL, NULL);

-- --------------------------------------------------------

--
-- Estructura de tabla para la tabla `banco_proveedor`
--

CREATE TABLE `banco_proveedor` (
  `id` bigint(20) UNSIGNED NOT NULL,
  `banco_id` bigint(20) UNSIGNED NOT NULL,
  `proveedor_id` bigint(20) UNSIGNED NOT NULL,
  `tipodecuenta` int(11) NOT NULL,
  `numero` varchar(20) COLLATE utf8mb4_unicode_ci DEFAULT NULL,
  `estado` tinyint(1) NOT NULL,
  `created_at` timestamp NULL DEFAULT NULL,
  `updated_at` timestamp NULL DEFAULT NULL
) ENGINE=InnoDB DEFAULT CHARSET=utf8mb4 COLLATE=utf8mb4_unicode_ci;

--
-- Volcado de datos para la tabla `banco_proveedor`
--

INSERT INTO `banco_proveedor` (`id`, `banco_id`, `proveedor_id`, `tipodecuenta`, `numero`, `estado`, `created_at`, `updated_at`) VALUES
(1, 5, 3, 2, '01160472210104277959', 1, NULL, NULL),
(2, 4, 2, 2, '01340154391543034413', 1, NULL, NULL),
(3, 4, 1, 2, '01340444584443029813', 1, NULL, NULL),
(4, 4, 4, 2, '01341020890001002776', 1, NULL, NULL),
(5, 4, 5, 2, '01340466684661041563', 1, NULL, NULL),
(6, 6, 6, 2, '01150024211000377659', 1, NULL, NULL),
(7, 4, 7, 2, '01340423274233039720', 1, NULL, NULL),
(8, 4, 8, 2, '01340350313501040883', 1, NULL, NULL),
(9, 1, 9, 2, '01140523195230107388', 1, NULL, NULL),
(10, 7, 11, 2, '01080053640100169168', 1, NULL, NULL),
(11, 4, 12, 2, '01340946370001228679', 1, NULL, NULL),
(12, 4, 13, 2, '01340444534443030570', 1, NULL, NULL),
(13, 4, 14, 2, '01340153571533046688', 1, NULL, NULL),
(14, 4, 15, 2, '01340331783311045554', 1, NULL, NULL),
(15, 3, 23, 2, '01020121790000038344', 1, NULL, NULL),
(16, 3, 22, 2, '01020121730000102869', 1, NULL, NULL),
(17, 4, 21, 2, '01340945599461527929', 1, NULL, NULL),
(18, 8, 21, 2, '0128006400015282', 1, NULL, NULL),
(19, 4, 24, 2, '01340080650803161060', 1, NULL, NULL),
(20, 4, 25, 2, '01340359723593040223', 1, NULL, NULL),
(21, 7, 26, 2, '01080240750100029443', 1, NULL, NULL),
(22, 2, 27, 2, '01050097451097155757', 1, NULL, NULL),
(23, 4, 28, 2, '01340379133793016432', 1, NULL, NULL),
(24, 4, 29, 2, '01340363573631304135', 1, NULL, NULL),
(25, 9, 30, 2, '01630228772283006038', 1, NULL, NULL),
(26, 4, 33, 2, '01340194271943002319', 1, NULL, NULL),
(27, 4, 35, 2, '01340333323331004395', 1, NULL, NULL),
(28, 1, 36, 1, '01140168611681055866', 1, NULL, NULL),
(29, 8, 37, 2, '01280066536602932300', 1, NULL, NULL),
(30, 8, 38, 2, '01280066586601328302', 1, NULL, NULL),
(31, 8, 39, 2, '01280066546600009549', 1, NULL, NULL),
(32, 2, 40, 2, '01050193861193080908', 1, NULL, NULL),
(33, 4, 41, 2, '01340060110603263714', 1, NULL, NULL),
(34, 4, 42, 2, '01340008340081073147', 1, NULL, NULL),
(35, 5, 43, 2, '01210160190106628869', 1, NULL, NULL),
(36, 4, 44, 2, '01340335093353030403', 1, NULL, NULL),
(37, 4, 45, 2, '01340946330001114328', 1, NULL, NULL),
(38, 4, 46, 2, '01341022470002001781', 1, NULL, NULL),
(39, 4, 47, 2, '01340946330001094694', 1, NULL, NULL),
(40, 4, 48, 2, '01340945579461028789', 1, NULL, NULL),
(41, 4, 49, 2, '01340080650803161060', 1, NULL, NULL),
(42, 8, 54, 2, '01280066536602932300', 1, NULL, NULL),
(43, 4, 55, 2, '01340391133913019481', 1, NULL, NULL),
(44, 8, 56, 2, '01280066546600009549', 1, NULL, NULL),
(45, 8, 57, 2, '01280066586601328302', 1, NULL, NULL),
(46, 2, 58, 1, '01050017620017490324', 1, NULL, NULL),
(47, 4, 59, 2, '01340438114383021990', 1, NULL, NULL),
(48, 4, 60, 2, '01340438144381032545', 1, NULL, NULL),
(49, 4, 61, 2, '01340060110603263714', 1, NULL, NULL),
(50, 3, 63, 2, '01020121770008469630', 1, NULL, NULL),
(51, 8, 64, 2, '01280064936401556102', 1, NULL, NULL),
(52, 4, 66, 2, '01340018180181077017', 1, NULL, NULL),
(53, 4, 67, 2, '01340466604663025245', 1, NULL, NULL),
(54, 3, 68, 2, '01020467420000345037', 1, NULL, NULL),
(55, 2, 69, 2, '01050131831131014375', 1, NULL, NULL),
(56, 4, 72, 2, '01340359783593060337', 1, NULL, NULL),
(57, 4, 73, 2, '01340106311063209106', 1, NULL, NULL),
(58, 4, 74, 2, '01340806898061003348', 1, NULL, NULL),
(59, 3, 75, 1, '01020584110100001487', 1, NULL, NULL),
(60, 2, 77, 2, '01050668753168712345', 1, NULL, NULL),
(61, 7, 78, 2, '01080074910100155226', 1, NULL, NULL),
(62, 3, 79, 2, '01020507780000034555', 1, NULL, NULL),
(63, 3, 80, 2, '01020507750100011929', 1, NULL, NULL),
(64, 4, 81, 2, '01340178171783048609', 1, NULL, NULL),
(65, 4, 82, 2, '01340548415481002418', 1, NULL, NULL),
(66, 4, 83, 2, '01340548495481003151', 1, NULL, NULL),
(67, 3, 84, 2, '01020491730009435964', 1, NULL, NULL),
(68, 4, 85, 2, '01340403864031029717', 1, NULL, NULL),
(69, 3, 86, 2, '010204402855568961', 1, NULL, NULL),
(70, 3, 87, 1, '01020228140100018863', 1, NULL, NULL),
(71, 3, 88, 1, '01020467460101636145', 1, NULL, NULL),
(72, 4, 89, 2, '01340352043523013687', 1, NULL, NULL),
(73, 4, 90, 2, '01340363503631290999', 1, NULL, NULL),
(74, 3, 91, 1, '01020488730100034438', 1, NULL, NULL),
(75, 7, 92, 2, '01080130320100124626', 1, NULL, NULL),
(76, 4, 93, 1, '01340378333782033912', 1, NULL, NULL),
(77, 2, 95, 2, '01050026541026450510', 1, NULL, NULL),
(78, 2, 96, 2, '01050286150286043637', 1, NULL, NULL),
(79, 4, 98, 2, '01340194211941019590', 1, NULL, NULL),
(80, 4, 99, 2, '01341019460001001949', 1, NULL, NULL),
(81, 4, 100, 2, '01340431314311067070', 1, NULL, NULL),
(82, 10, 101, 2, '01750102050070293285', 1, NULL, NULL),
(83, 4, 102, 2, '01340350323503042900', 1, NULL, NULL),
(84, 3, 103, 2, '01020513170000204233', 1, NULL, NULL),
(85, 4, 104, 1, '01340946310005020504', 1, NULL, NULL),
(86, 4, 105, 2, '01340194251943021504', 1, NULL, NULL),
(87, 2, 106, 2, '01050694851694051633', 1, NULL, NULL),
(88, 11, 107, 2, '01910111812100031659', 1, NULL, NULL),
(89, 4, 108, 2, '01340350323501040793', 1, NULL, NULL),
(90, 5, 108, 2, '4411330325521074', 1, NULL, NULL),
(91, 5, 108, 2, '601400000062979662', 1, NULL, NULL),
(92, 5, 110, 2, '01160024780012665495', 1, NULL, NULL),
(93, 11, 111, 2, '01910115192100000081', 1, NULL, NULL),
(94, 4, 113, 2, '01340278732783024414', 1, NULL, NULL),
(95, 4, 112, 2, '01340278732783024414', 1, NULL, NULL),
(96, 4, 112, 2, '01340278732783024414', 1, NULL, NULL),
(97, 2, 114, 2, '01050103261103059106', 1, NULL, NULL),
(98, 4, 115, 2, '01340120961201222288', 1, NULL, NULL),
(99, 3, 116, 2, '01020226440000078508', 1, NULL, NULL),
(100, 4, 117, 2, '01340339273393131755', 0, NULL, NULL),
(101, 3, 118, 2, '01020497650000102021', 1, NULL, NULL),
(102, 4, 119, 1, '01340226402262055194', 1, NULL, NULL),
(103, 10, 120, 2, '01750221290071572644', 1, NULL, NULL),
(104, 1, 121, 2, '01140170811700160994', 1, NULL, NULL),
(105, 4, 122, 2, '01340145471451070432', 1, NULL, NULL),
(106, 3, 124, 2, '01020722320000007210', 1, NULL, NULL),
(107, 4, 125, 2, '01340041570411017754', 1, NULL, NULL),
(108, 11, 127, 1, '01910079101179026423', 1, NULL, NULL),
(109, 3, 126, 1, '01020510720100000358', 1, NULL, NULL),
(110, 10, 129, 2, '01750116010072569630', 1, NULL, NULL),
(111, 10, 43, 2, '01750116010072569630', 1, NULL, NULL),
(112, 5, 130, 2, '01160024750207323259', 1, NULL, NULL),
(113, 2, 97, 1, '01050180627180052256', 1, NULL, NULL),
(114, 3, 132, 2, '01020226440000078508', 1, NULL, NULL),
(115, 2, 133, 2, '01050753710753002493', 1, NULL, NULL),
(116, 4, 134, 2, '01340383093831037304', 1, NULL, NULL),
(117, 4, 136, 2, '01340277922773560237', 1, NULL, NULL),
(118, 4, 137, 2, '01340333323331004395', 1, NULL, NULL),
(119, 4, 140, 2, '01340278732783024414', 1, NULL, NULL),
(120, 4, 141, 2, '01340350333501040400', 1, NULL, NULL),
(121, 2, 88, 1, '01050105990105220396', 1, NULL, NULL),
(122, 2, 142, 1, '01050069990069438579', 1, NULL, NULL),
(123, 4, 144, 1, '01340016410162208268', 1, NULL, NULL),
(124, 4, 145, 2, '01340419494191033586', 1, NULL, NULL),
(125, 2, 146, 2, '01050111320111284015', 1, NULL, NULL),
(126, 2, 147, 2, '01050625518625000258', 1, NULL, NULL),
(127, 4, 148, 2, '01340386463863018800', 1, NULL, NULL),
(128, 2, 149, 2, '01050111321111044600', 1, NULL, NULL),
(129, 4, 151, 2, '01340351123513062744', 1, NULL, NULL),
(130, 2, 152, 2, '01050111321111044600', 1, NULL, NULL),
(131, 10, 153, 2, '01750051170073384734', 1, NULL, NULL),
(132, 11, 155, 2, '01910043012143026949', 1, NULL, NULL),
(133, 3, 18, 2, '01020121780000028969', 1, NULL, NULL),
(134, 4, 158, 2, '01340350303501039296', 1, NULL, NULL),
(135, 2, 159, 2, '0105007021070299049', 1, NULL, NULL),
(136, 4, 161, 2, '01340018180183068962', 1, NULL, NULL),
(137, 4, 162, 2, '01340874288741003016', 1, NULL, NULL),
(138, 4, 150, 2, '01340350333501040395', 1, NULL, NULL),
(139, 4, 163, 2, '01340127611271055646', 1, NULL, NULL),
(140, 3, 165, 2, '01020121760000023210', 1, NULL, NULL),
(141, 5, 166, 1, '01210144900203699653', 1, NULL, NULL),
(142, 4, 167, 2, '01340359783593060337', 1, NULL, NULL),
(143, 4, 168, 2, '01340946300000121315', 1, NULL, NULL),
(144, 4, 169, 2, '01340342263422037097', 1, NULL, NULL),
(145, 4, 170, 2, '01340424114241029813', 1, NULL, NULL),
(146, 4, 171, 2, '01341095010001012860', 1, NULL, NULL),
(147, 6, 172, 2, '01150069221001276463', 1, NULL, NULL),
(148, 4, 173, 2, '01340277922773560237', 1, NULL, NULL),
(149, 4, 176, 2, '01340466684661041563', 1, NULL, NULL),
(150, 3, 177, 2, '01020722320000007210', 1, NULL, NULL),
(151, 1, 179, 2, '01140206212060089887', 1, NULL, NULL),
(152, 10, 180, 2, '01750493290073172248', 1, NULL, NULL),
(153, 4, 181, 2, '01340194201941018870', 1, NULL, NULL),
(154, 4, 182, 2, '01340194201941018870', 1, NULL, NULL),
(155, 3, 183, 2, '01020229900000068026', 1, NULL, NULL),
(156, 2, 184, 2, '01050101698101031340', 1, NULL, NULL),
(157, 3, 185, 1, '01020481080101976443', 1, NULL, NULL),
(158, 12, 186, 2, '01040034140340115988', 1, NULL, NULL),
(159, 1, 187, 2, '01140184821840026457', 1, NULL, NULL),
(160, 4, 188, 2, '01340027050271041109', 1, NULL, NULL),
(161, 4, 190, 2, '01340688066881012753', 1, NULL, NULL),
(162, 12, 191, 2, '01040119420119004918', 1, NULL, NULL),
(163, 4, 194, 2, '01340281792811013806', 1, NULL, NULL),
(164, 2, 195, 2, '01050687531687123454', 1, NULL, NULL),
(165, 4, 46, 2, '01341022440001004949', 1, NULL, NULL),
(166, 4, 196, 2, '01340424184241030088', 1, NULL, NULL),
(167, 2, 197, 2, '01050161001161045333', 1, NULL, NULL),
(168, 4, 198, 2, '01340142011421447995', 1, NULL, NULL),
(169, 3, 199, 2, '01020871850000008316', 1, NULL, NULL),
(170, 11, 200, 2, '01910053762153002308', 1, NULL, NULL),
(171, 10, 201, 2, '01750081310071225527', 1, NULL, NULL),
(172, 3, 202, 2, '01020121780000026851', 1, NULL, NULL),
(173, 4, 206, 2, '01340890428903015601', 1, NULL, NULL),
(174, 4, 208, 2, '01340343153433052675', 1, NULL, NULL),
(175, 4, 209, 2, '01340366093661289820', 1, NULL, NULL),
(176, 3, 211, 1, '01020507720100014100', 1, NULL, NULL),
(177, 2, 212, 2, '01050027311027404928', 1, NULL, NULL),
(178, 2, 213, 2, '01050710391710000465', 1, NULL, NULL),
(179, 2, 214, 2, '01050091511091227829', 1, NULL, NULL),
(180, 4, 32, 2, '01340350353501040444', 1, NULL, NULL),
(181, 7, 215, 2, '01080029300100317506', 1, NULL, NULL),
(182, 3, 216, 2, '01020121770008466002', 1, NULL, NULL),
(183, 3, 217, 2, '01020121780000102830', 1, NULL, NULL),
(184, 4, 219, 2, '01340291402913000199', 1, NULL, NULL),
(185, 3, 220, 2, '01020661860000026631', 1, NULL, NULL),
(186, 3, 221, 2, '01020695220000011086', 1, NULL, NULL),
(187, 3, 222, 2, '01020507750100009906', 1, NULL, NULL),
(188, 2, 223, 1, '01050191180191186376', 1, NULL, NULL),
(189, 2, 224, 2, '01050190340190338083', 1, NULL, NULL),
(190, 7, 225, 2, '01082463060100097170', 1, NULL, NULL),
(191, 4, 226, 2, '01340215932151051661', 1, NULL, NULL),
(192, 4, 227, 2, '01341099290003001069', 1, NULL, NULL),
(193, 4, 228, 2, '01340245162451070376', 1, NULL, NULL),
(194, 4, 229, 2, '01341095010001012860', 1, NULL, NULL),
(195, 7, 230, 2, '01080084610100048378', 1, NULL, NULL),
(196, 4, 231, 2, '01340448874481022703', 1, NULL, NULL),
(197, 4, 232, 2, '01340334103343048065', 1, NULL, NULL),
(198, 4, 234, 2, '01340407144073028183', 1, NULL, NULL),
(199, 4, 235, 2, '01340194201941018870', 1, NULL, NULL),
(200, 4, 218, 2, '01340946380001216975', 1, NULL, NULL),
(201, 4, 239, 2, '01340423254233032493', 1, NULL, NULL),
(202, 4, 240, 2, '01341037280001002998', 1, NULL, NULL),
(203, 4, 241, 1, '01340444584443029813', 1, NULL, NULL),
(204, 3, 242, 2, '01020486150000009629', 1, NULL, NULL),
(205, 2, 243, 2, '01050051671051690943', 1, NULL, NULL),
(206, 2, 243, 2, '01050051671051690943', 1, NULL, NULL),
(207, 4, 244, 2, '01340350393501040408', 1, NULL, NULL),
(208, 2, 246, 2, '010506991699054886', 1, NULL, NULL),
(209, 3, 247, 2, '01020121750000111229', 1, NULL, NULL),
(210, 3, 250, 1, '01020121730106535435', 1, NULL, NULL),
(211, 4, 251, 2, '01341019410001001607', 1, NULL, NULL),
(212, 10, 252, 2, '01750395200060595023', 1, NULL, NULL),
(213, 3, 253, 1, '01020507790100017324', 1, NULL, NULL),
(214, 1, 254, 2, '01140186421860062409', 1, NULL, NULL),
(215, 4, 255, 2, '01340874228741004977', 1, NULL, NULL),
(216, 3, 256, 2, '01020862990000042990', 1, NULL, NULL),
(217, 4, 257, 2, '01341075510001003689', 1, NULL, NULL),
(218, 7, 258, 2, '01080053600100082267', 1, NULL, NULL),
(219, 2, 259, 2, '01050048651048284239', 1, NULL, NULL),
(220, 4, 260, 2, '01340438114381031406', 1, NULL, NULL),
(221, 4, 261, 2, '01340466644661041470', 1, NULL, NULL),
(222, 4, 262, 2, '01340945559461209330', 1, NULL, NULL),
(223, 4, 263, 1, '01340452664522112920', 1, NULL, NULL),
(224, 4, 264, 2, '01340374163741033894', 1, NULL, NULL),
(225, 4, 265, 2, '01340804118041004860', 1, NULL, NULL),
(226, 2, 267, 1, '01050034610034405003', 1, NULL, NULL),
(227, 4, 266, 2, '01340403884031011782', 1, NULL, NULL),
(228, 4, 268, 2, '01340339203393170531', 1, NULL, NULL),
(229, 4, 269, 2, '01340468214681056444', 1, NULL, NULL),
(230, 4, 270, 2, '01340876908763015603', 1, NULL, NULL),
(231, 4, 271, 2, '01340403814033024767', 1, NULL, NULL),
(232, 4, 272, 2, '01340946330005099663', 1, NULL, NULL),
(233, 4, 273, 2, '01340261222611018596', 1, NULL, NULL),
(234, 4, 276, 2, '01340880758801004350', 1, NULL, NULL),
(235, 4, 277, 2, '01340202712023035096', 1, NULL, NULL),
(236, 4, 278, 2, '01340334193343048184', 1, NULL, NULL),
(237, 2, 279, 2, '01050071121071383558', 1, NULL, NULL),
(238, 4, 280, 2, '01340406294061049153', 1, NULL, NULL),
(239, 2, 281, 2, '01050731681731032501', 1, NULL, NULL),
(240, 4, 282, 2, '01340069510691041651', 1, NULL, NULL),
(241, 7, 283, 2, '01080058720100243152', 1, NULL, NULL),
(242, 2, 284, 2, '01050115601115150502', 1, NULL, NULL),
(243, 1, 285, 2, '01460711177110054275', 1, NULL, NULL),
(244, 6, 40, 1, '01150029344002297490', 0, NULL, NULL),
(245, 4, 286, 2, '01340945509461452978', 1, NULL, NULL),
(246, 4, 287, 2, '01340385663851050826', 1, NULL, NULL),
(247, 6, 287, 2, '01150058720580018975', 1, NULL, NULL),
(248, 3, 288, 2, '01020169170000041755', 1, NULL, NULL),
(249, 4, 289, 2, '01340046640461024432', 1, NULL, NULL),
(250, 4, 256, 2, '01340416084163015137', 1, NULL, NULL),
(251, 2, 290, 2, '01050225011225006449', 1, NULL, NULL),
(252, 4, 292, 2, '01340070950701031668', 1, NULL, NULL),
(253, 7, 293, 2, '01080198270100031009', 1, NULL, NULL),
(254, 3, 294, 2, '01020507700000035185', 1, NULL, NULL),
(255, 13, 295, 2, '01740131981314008820', 1, NULL, NULL),
(256, 4, 296, 1, '01340562045622017956', 1, NULL, NULL),
(257, 3, 297, 1, '01020121710106541267', 1, NULL, NULL),
(258, 4, 298, 2, '01340874218741006309', 1, NULL, NULL),
(259, 2, 299, 2, '01050660311660030595', 1, NULL, NULL),
(260, 4, 300, 2, '01340548415483002620', 1, NULL, NULL),
(261, 4, 301, 2, '01341057760001001146', 1, NULL, NULL),
(262, 6, 302, 2, '01150024291003231470', 1, NULL, NULL),
(263, 4, 303, 2, '01340033440333046830', 1, NULL, NULL),
(264, 7, 304, 2, '01080054400100359477', 1, NULL, NULL),
(265, 4, 305, 2, '01341010180001002377', 1, NULL, NULL),
(266, 3, 306, 2, '01020121730106535435', 1, NULL, NULL),
(267, 4, 307, 2, '01340989729893000337', 1, NULL, NULL),
(268, 4, 238, 2, '01340438164381033189', 1, NULL, NULL),
(269, 3, 308, 1, '01020121710106532416', 1, NULL, NULL),
(270, 4, 309, 2, '01340379103793022900', 1, NULL, NULL),
(271, 5, 310, 2, '01160026300004789652', 1, NULL, NULL),
(272, 2, 311, 2, '01050022281022331647', 1, NULL, NULL),
(273, 4, 312, 2, '01340082230823141752', 1, NULL, NULL),
(274, 4, 313, 2, '01341099240003001827', 1, NULL, NULL),
(275, 4, 315, 2, '01340342273421075759', 1, NULL, NULL),
(276, 4, 316, 2, '01340051240511031664', 1, NULL, NULL),
(277, 3, 317, 2, '01020467460000088488', 1, NULL, NULL),
(278, 4, 318, 2, '01341020870001002293', 1, NULL, NULL),
(279, 9, 319, 2, '01630210422103000546', 1, NULL, NULL),
(280, 4, 320, 2, '01341099250001001062', 1, NULL, NULL),
(281, 2, 321, 2, '01050021411021541524', 1, NULL, NULL),
(282, 4, 177, 2, '01340945519461566342', 1, NULL, NULL),
(283, 4, 322, 2, '01340103991031016009', 1, NULL, NULL),
(284, 4, 323, 2, '01340103911031027551', 1, NULL, NULL),
(285, 4, 324, 2, '01340027030271026188', 1, NULL, NULL),
(286, 2, 325, 1, '01050731677731004023', 1, NULL, NULL),
(287, 3, 326, 2, '01020552270000034827', 1, NULL, NULL),
(288, 10, 277, 2, '01750363470311021587', 1, NULL, NULL),
(289, 4, 327, 2, '01341075530001005982', 1, NULL, NULL),
(290, 7, 328, 2, '01080041290100048683', 1, NULL, NULL),
(291, 4, 329, 2, '01340946310001234821', 1, NULL, NULL),
(292, 4, 330, 2, '01340989709891001789', 1, NULL, NULL),
(293, 4, 331, 2, '01340350313503043442', 1, NULL, NULL),
(294, 4, 332, 2, '01340380513803016726', 1, NULL, NULL),
(295, 4, 333, 2, '01340315563151045836', 1, NULL, NULL),
(296, 4, 215, 2, '01340946330001400020', 1, NULL, NULL),
(297, 2, 334, 2, '01050623911623017602', 1, NULL, NULL),
(298, 3, 336, 1, '01020169110100030457', 1, NULL, NULL),
(299, 4, 337, 2, '01340374133741034473', 1, NULL, NULL),
(300, 3, 338, 2, '01020121790008472588', 1, NULL, NULL),
(301, 4, 339, 2, '01340013010133076428', 1, NULL, NULL),
(302, 4, 340, 2, '01340452694523018170', 1, NULL, NULL),
(303, 4, 341, 2, '01340226452263024974', 1, NULL, NULL),
(304, 4, 342, 2, '01340395313951025002', 1, NULL, NULL),
(305, 2, 343, 2, '01050620460620058773', 1, NULL, NULL),
(306, 4, 344, 2, '01340374133741034781', 1, NULL, NULL),
(307, 4, 345, 2, '01340359763592141261', 1, NULL, NULL),
(308, 2, 347, 1, '01050013340013806424', 1, NULL, NULL),
(309, 4, 348, 2, '01340710097103020118', 1, NULL, NULL),
(310, 4, 349, 2, '01340874208743018062', 1, NULL, NULL),
(311, 4, 350, 1, '01340333343333008166', 1, NULL, NULL),
(312, 3, 352, 1, '01020178190108215783', 1, NULL, NULL),
(313, 4, 353, 2, '01340335013353028639', 1, NULL, NULL),
(314, 4, 357, 2, '01340177251773016999', 1, NULL, NULL),
(315, 4, 358, 2, '01340363513633044286', 1, NULL, NULL),
(316, 4, 360, 2, '01340371613711037449', 1, NULL, NULL),
(317, 4, 361, 2, '01340375923751024052', 1, NULL, NULL),
(318, 4, 362, 2, '01340541735411093265', 1, NULL, NULL),
(319, 7, 365, 2, '01080013780100315697', 1, NULL, NULL),
(320, 4, 366, 1, '01341036410002000068', 1, NULL, NULL),
(321, 4, 368, 2, '01340850578503001668', 1, NULL, NULL),
(322, 3, 369, 2, '01020647200000012001', 1, NULL, NULL),
(323, 4, 370, 2, '01340031830331488912', 1, NULL, NULL),
(324, 4, 370, 1, '01340330953303012558', 1, NULL, NULL),
(325, 4, 371, 2, '01340946300001386848', 1, NULL, NULL),
(326, 3, 372, 2, '01020221310000249900', 1, NULL, NULL),
(327, 3, 373, 2, '01020475560000033857', 1, NULL, NULL),
(328, 3, 374, 2, '01020268060000033103', 1, NULL, NULL),
(329, 7, 375, 2, '01080154130100062494', 1, NULL, NULL),
(330, 4, 376, 2, '01340391133913000543', 1, NULL, NULL),
(331, 4, 378, 2, '01340193491931076730', 1, NULL, NULL),
(332, 1, 380, 2, '01140161911610034515', 1, NULL, NULL),
(333, 4, 381, 2, '01341020830001001454', 1, NULL, NULL),
(334, 5, 382, 2, '01160450170013076507', 1, NULL, NULL),
(335, 3, 345, 2, '01020215940000049155', 1, NULL, NULL),
(336, 4, 383, 2, '01341075590003001164', 1, NULL, NULL),
(337, 7, 384, 2, '01080091910100069241', 1, NULL, NULL),
(338, 7, 385, 2, '01080054430100447961', 1, NULL, NULL),
(339, 4, 386, 2, '01340556575561051666', 1, NULL, NULL),
(340, 4, 387, 2, '01340444504441207205', 1, NULL, NULL),
(341, 4, 388, 2, '01340461554613011527', 1, NULL, NULL),
(342, 6, 389, 2, '01150010251001465371', 1, NULL, NULL),
(343, 4, 390, 2, '01340464064641021845', 1, NULL, NULL),
(344, 4, 391, 2, '01340464064641013566', 1, NULL, NULL),
(345, 2, 392, 2, '01050032061032695951', 1, NULL, NULL),
(346, 3, 393, 2, '01020158610003846494', 1, NULL, NULL),
(347, 6, 394, 2, '00115010619100314632', 0, NULL, NULL),
(348, 7, 395, 2, '01080034020100309470', 1, NULL, NULL),
(349, 4, 396, 2, '01340215902151053767', 1, NULL, NULL),
(350, 4, 366, 2, '01341036430003000326', 1, NULL, NULL),
(351, 4, 397, 2, '01340862988623002395', 1, NULL, NULL),
(352, 7, 398, 2, '01080281470100199863', 1, NULL, NULL),
(353, 4, 399, 2, '01340032620321048161', 1, NULL, NULL),
(354, 2, 400, 2, '01050030381030233187', 1, NULL, NULL),
(355, 4, 401, 2, '01340135711351027352', 1, NULL, NULL),
(356, 9, 403, 2, '01630206662062000537', 1, NULL, NULL),
(357, 4, 404, 2, '01340946300001143685', 1, NULL, NULL),
(358, 4, 405, 2, '01340027020271042321', 1, NULL, NULL),
(359, 4, 407, 2, '01340876908763015603', 1, NULL, NULL),
(360, 3, 408, 2, '01020457710100646824', 1, NULL, NULL),
(361, 6, 394, 2, '01150106191003146323', 1, NULL, NULL),
(362, 4, 409, 2, '01340384823843093996', 1, NULL, NULL),
(363, 4, 410, 2, '01340332563321048098', 1, NULL, NULL),
(364, 2, 411, 2, '01050094021094475947', 1, NULL, NULL),
(365, 10, 412, 2, '01750133060060848774', 1, NULL, NULL),
(366, 3, 413, 2, '01020507730000007061', 1, NULL, NULL),
(367, 10, 414, 2, '01750133030000002068', 1, NULL, NULL),
(368, 2, 415, 2, '01050020681020581689', 1, NULL, NULL),
(369, 11, 416, 2, '01910098742198097332', 1, NULL, NULL),
(370, 7, 417, 2, '01080101070100131101', 1, NULL, NULL),
(371, 4, 418, 2, '01340187041873055228', 1, NULL, NULL),
(372, 3, 419, 2, '01020652940000023139', 1, NULL, NULL),
(373, 4, 421, 2, '01341075590003001164', 1, NULL, NULL),
(374, 4, 422, 2, '01340444544443026073', 1, NULL, NULL),
(375, 2, 423, 1, '01050029020029772699', 1, NULL, NULL),
(376, 7, 424, 2, '01080046340100085349', 1, NULL, NULL),
(377, 4, 425, 2, '01341057710001000686', 1, NULL, NULL),
(378, 4, 426, 2, '01340277922773573893', 1, NULL, NULL),
(379, 7, 428, 2, '01080124910100215084', 0, NULL, NULL),
(380, 10, 429, 2, '01750058980060222612', 1, NULL, NULL),
(381, 7, 430, 2, '01080505810100142959', 1, NULL, NULL),
(382, 3, 431, 2, '01020458530000053727', 1, NULL, NULL),
(383, 4, 118, 2, '01340946310001399977', 1, NULL, NULL),
(384, 4, 432, 2, '01340331713313029669', 1, NULL, NULL),
(385, 4, 433, 2, '01340447094471024738', 1, NULL, NULL),
(386, 4, 434, 2, '01340406294061049153', 1, NULL, NULL),
(387, 4, 435, 2, '01340416094161015259', 1, NULL, NULL),
(388, 4, 436, 2, '01340556525561015181', 1, NULL, NULL),
(389, 3, 428, 2, '01020358970000228251', 1, NULL, NULL),
(390, 2, 436, 2, '01050082631082109576', 1, NULL, NULL),
(391, 8, 437, 1, '01280508000830092248', 1, NULL, NULL),
(392, 4, 438, 2, '01340335003351049897', 1, NULL, NULL),
(393, 4, 439, 2, '01341031350001002455', 1, NULL, NULL),
(394, 3, 440, 2, '01020135790000056229', 1, NULL, NULL),
(395, 14, 441, 2, '00030039070000790128', 0, NULL, NULL),
(396, 3, 442, 2, '01020457710100646824', 1, NULL, NULL),
(397, 5, 443, 2, '01160426910195122100', 1, NULL, NULL),
(398, 4, 444, 2, '01340946340001137955', 1, NULL, NULL),
(399, 4, 445, 2, '01340193421931077793', 1, NULL, NULL),
(400, 4, 446, 2, '01340946360001282623', 1, NULL, NULL),
(401, 4, 447, 2, '01341099210003001661', 1, NULL, NULL),
(402, 4, 448, 2, '01340052170523001620', 1, NULL, NULL),
(403, 2, 449, 2, '01050093121093184256', 1, NULL, NULL),
(404, 4, 450, 2, '01340374113741033423', 1, NULL, NULL),
(405, 4, 451, 2, '01340281792811013806', 1, NULL, NULL),
(406, 4, 452, 2, '01340036980363000142', 1, NULL, NULL),
(407, 4, 453, 2, '01340946370001400063', 1, NULL, NULL),
(408, 10, 454, 2, '01750133050010002365', 1, NULL, NULL),
(409, 4, 455, 2, '01340016460162208802', 1, NULL, NULL),
(410, 14, 441, 2, '00030039070007901281', 0, NULL, NULL),
(411, 4, 456, 2, '01340397043971020648', 1, NULL, NULL),
(412, 4, 457, 2, '01340049180492102420', 0, NULL, NULL),
(413, 4, 458, 2, '01340008360083309999', 1, NULL, NULL),
(414, 4, 459, 2, '01340381363813068170', 1, NULL, NULL),
(415, 4, 460, 2, '01340945579461255934', 1, NULL, NULL),
(416, 7, 461, 2, '01080256330100379794', 1, NULL, NULL),
(417, 4, 462, 2, '01340060180603263058', 1, NULL, NULL),
(418, 4, 463, 2, '01340444584443024658', 1, NULL, NULL),
(419, 2, 464, 2, '01050135147135006755', 1, NULL, NULL),
(420, 4, 467, 2, '01340070970703021301', 1, NULL, NULL),
(421, 7, 116, 2, '01080590261500002544', 1, NULL, NULL),
(422, 4, 470, 2, '01340225612252169668', 1, NULL, NULL),
(423, 7, 471, 2, '01080053680100158247', 1, NULL, NULL),
(424, 2, 472, 1, '01050122940122061314', 1, NULL, NULL),
(425, 6, 473, 2, '01150024231002998418', 1, NULL, NULL),
(426, 7, 474, 2, '01080035810100017394', 1, NULL, NULL),
(427, 1, 475, 1, '01140191161912000172', 1, NULL, NULL),
(428, 1, 476, 2, '01140191121910001716', 1, NULL, NULL),
(429, 4, 477, 2, '01340145481453067311', 1, NULL, NULL),
(430, 4, 478, 2, '01340342213423082759', 1, NULL, NULL),
(431, 4, 479, 2, '01340348143483051557', 1, NULL, NULL),
(432, 4, 480, 2, '01340038510381053547', 1, NULL, NULL),
(433, 4, 481, 2, '01340120961203064032', 1, NULL, NULL),
(434, 4, 482, 2, '01340277982771091987', 1, NULL, NULL),
(435, 4, 484, 1, '01340364383642315322', 1, NULL, NULL),
(436, 15, 483, 2, '01560030670100118637', 1, NULL, NULL),
(437, 7, 485, 2, '01080160530100171199', 1, NULL, NULL),
(438, 4, 486, 2, '01340468284681057460', 1, NULL, NULL),
(439, 2, 487, 2, '01050169511169056857', 1, NULL, NULL),
(440, 4, 488, 2, '01340277942773563430', 1, NULL, NULL),
(441, 4, 492, 2, '01340946330005037079', 1, NULL, NULL),
(442, 4, 493, 2, '01340027060273056701', 1, NULL, NULL),
(443, 2, 494, 2, '01050149181149202831', 1, NULL, NULL),
(444, 4, 495, 1, '01340428314282339240', 1, NULL, NULL),
(445, 7, 495, 2, '01089112520100086459', 1, NULL, NULL),
(446, 16, 496, 2, '01510015064150034992', 1, NULL, NULL),
(447, 4, 497, 2, '01340034270341059703', 1, NULL, NULL),
(448, 4, 498, 1, '01340390263905041885', 1, NULL, NULL),
(449, 4, 499, 2, '01340062810621038277', 1, NULL, NULL),
(450, 4, 500, 2, '01340339253392020593', 1, NULL, NULL),
(451, 2, 500, 2, '01050242080242077765', 1, NULL, NULL),
(452, 4, 501, 2, '01340381313811007926', 1, NULL, NULL),
(453, 4, 503, 2, '01340225662253094898', 1, NULL, NULL),
(454, 4, 504, 2, '01340946360001249105', 1, NULL, NULL),
(455, 4, 505, 2, '01340353843533025081', 1, NULL, NULL),
(456, 4, 506, 2, '01340946370001298411', 1, NULL, NULL),
(457, 2, 507, 1, '01050145840145085872', 1, NULL, NULL),
(458, 2, 508, 2, '01080016160100291034', 1, NULL, NULL),
(459, 2, 509, 1, '01050063010063337177', 1, NULL, NULL),
(460, 3, 510, 2, '01020123360000053895', 1, NULL, NULL),
(461, 5, 511, 2, '01160049260008953066', 1, NULL, NULL),
(462, 4, 512, 2, '01340070910701032080', 1, NULL, NULL),
(463, 4, 513, 2, '01340226432263015080', 1, NULL, NULL),
(464, 4, 514, 2, '01340407124071031797', 1, NULL, NULL),
(465, 4, 515, 2, '01340945519461299629', 1, NULL, NULL),
(466, 4, 516, 2, '01340352003521022789', 1, NULL, NULL),
(467, 3, 517, 1, '01020127650101287098', 1, NULL, NULL),
(468, 7, 518, 2, '01080039170100170682', 1, NULL, NULL),
(469, 4, 519, 2, '01340423244233033992', 1, NULL, NULL),
(470, 17, 520, 2, '01370029050001166891', 0, NULL, NULL),
(471, 4, 521, 2, '01340342213421049733', 1, NULL, NULL),
(472, 18, 522, 2, '01570047553847420084', 1, NULL, NULL),
(473, 4, 523, 2, '01340220522203047382', 1, NULL, NULL),
(474, 4, 524, 2, '01340556565561062756', 1, NULL, NULL),
(475, 7, 335, 2, '0108001700007099', 1, NULL, NULL),
(476, 3, 272, 2, '01020264710000060671', 1, NULL, NULL),
(477, 2, 526, 2, '01050043501043057005', 1, NULL, NULL),
(478, 2, 527, 1, '01050287090287139565', 1, NULL, NULL),
(479, 4, 528, 2, '01340225692251109389', 1, NULL, NULL),
(480, 2, 529, 2, '01050645041645000737', 1, NULL, NULL),
(481, 7, 530, 2, '01080978990100043643', 1, NULL, NULL),
(482, 8, 533, 2, '01280059225901004399', 1, NULL, NULL),
(483, 2, 534, 2, '01050076131076285589', 1, NULL, NULL),
(484, 2, 535, 2, '01050035411035416816', 1, NULL, NULL),
(485, 2, 535, 2, '01050035411035416816', 0, NULL, NULL),
(486, 11, 536, 2, '01040032590320033535', 1, NULL, NULL),
(487, 4, 537, 2, '01340796747963006742', 1, NULL, NULL),
(488, 4, 457, 2, '01340945559461210395', 1, NULL, NULL),
(489, 4, 538, 2, '01340331733311051740', 1, NULL, NULL),
(490, 2, 539, 2, '01050112111112104631', 1, NULL, NULL),
(491, 3, 87, 2, '01020228110000186380', 1, NULL, NULL),
(492, 4, 540, 2, '01340890428901011714', 1, NULL, NULL),
(493, 4, 540, 2, '01340890428901011714', 0, NULL, NULL),
(494, 4, 540, 2, '01340890428901011714', 0, NULL, NULL),
(495, 3, 117, 2, '01020762240000014054', 1, NULL, NULL),
(496, 2, 541, 2, '01050060521060364344', 1, NULL, NULL),
(497, 7, 542, 2, '01080159110100122141', 1, NULL, NULL),
(498, 4, 543, 2, '01340072560723017793', 1, NULL, NULL),
(499, 2, 544, 2, '01050035440035527013', 1, NULL, NULL),
(500, 4, 545, 2, '01340391193911050051', 1, NULL, NULL),
(501, 4, 546, 2, '01341010170001002565', 1, NULL, NULL),
(502, 5, 547, 2, '01160204530021705097', 1, NULL, NULL),
(503, 3, 548, 2, '01020224860000176882', 1, NULL, NULL),
(504, 4, 549, 2, '01340226412261024334', 1, NULL, NULL),
(505, 4, 550, 2, '01340129241293025679', 1, NULL, NULL),
(506, 2, 551, 2, '01050123700123191793', 1, NULL, NULL),
(507, 4, 553, 2, '01340186121863064639', 1, NULL, NULL),
(508, 3, 554, 2, '01020447050000009629', 1, NULL, NULL),
(509, 3, 555, 2, '01020507770100017342', 1, NULL, NULL),
(510, 3, 556, 2, '01020507770100017342', 1, NULL, NULL),
(511, 4, 557, 2, '01340860238601004902', 1, NULL, NULL),
(512, 4, 558, 2, '01340330963301038538', 1, NULL, NULL),
(513, 5, 559, 1, '01210725160202806332', 1, NULL, NULL),
(514, 4, 560, 1, '01340391173912012769', 1, NULL, NULL),
(515, 4, 561, 2, '01340523955231015070', 1, NULL, NULL),
(516, 2, 552, 1, '01050020617020035949', 1, NULL, NULL),
(517, 2, 562, 1, '01050618210618427023', 1, NULL, NULL),
(518, 2, 563, 2, '01050027301027267580', 1, NULL, NULL),
(519, 2, 565, 2, '01050031148031080399', 1, NULL, NULL),
(520, 2, 566, 2, '01050021451021585696', 1, NULL, NULL),
(521, 4, 567, 2, '01340359753591014004', 1, NULL, NULL),
(522, 6, 568, 2, '01150029334000041913', 1, NULL, NULL),
(523, 2, 569, 2, '01050135131135052360', 1, NULL, NULL),
(524, 4, 570, 1, '01340338443385016742', 1, NULL, NULL),
(525, 3, 571, 2, '01020507770015788831', 1, NULL, NULL),
(526, 3, 572, 2, '01020447080000069562', 1, NULL, NULL),
(527, 3, 573, 2, '01020738000100002184', 1, NULL, NULL),
(528, 11, 574, 2, '01910122341100031094', 1, NULL, NULL),
(529, 4, 575, 1, '01340307433072043595', 1, NULL, NULL),
(530, 4, 576, 2, '01340378333781019347', 1, NULL, NULL),
(531, 6, 577, 2, '01150088951000102183', 1, NULL, NULL),
(532, 10, 578, 2, '01750134880060245687', 1, NULL, NULL),
(533, 7, 470, 2, '01080590210100052198', 1, NULL, NULL),
(534, 4, 579, 2, '01340523975231013799', 1, NULL, NULL),
(535, 4, 580, 2, '01340087380873162516', 1, NULL, NULL),
(536, 4, 581, 2, '01340375913751047915', 1, NULL, NULL),
(537, 2, 582, 1, '01050135130135126274', 1, NULL, NULL),
(538, 4, 583, 2, '01340067940673061950', 1, NULL, NULL),
(539, 4, 584, 2, '01340444584443018617', 1, NULL, NULL),
(540, 3, 556, 2, '01020438170000215895', 1, NULL, NULL),
(541, 3, 585, 2, '01020136540005751309', 1, NULL, NULL),
(542, 4, 586, 2, '01340351143513045831', 1, NULL, NULL),
(543, 4, 587, 2, '01340523955235017220', 1, NULL, NULL),
(544, 19, 151, 2, '5522860112028803', 1, NULL, NULL),
(545, 4, 588, 2, '01340710017101037227', 1, NULL, NULL),
(546, 9, 589, 2, '01630315153153000871', 1, NULL, NULL),
(547, 4, 590, 2, '01340409714091042562', 1, NULL, NULL),
(548, 10, 591, 2, '01750509260071429481', 1, NULL, NULL),
(549, 3, 592, 2, '01020604930000024552', 1, NULL, NULL),
(550, 4, 593, 2, '01340033460331027681', 1, NULL, NULL),
(551, 4, 594, 2, '01340359723591054643', 1, NULL, NULL),
(552, 2, 595, 2, '01050019207019029914', 1, NULL, NULL),
(553, 4, 596, 2, '01340379103793024906', 1, NULL, NULL),
(554, 4, 597, 2, '01340444564443022894', 1, NULL, NULL),
(555, 3, 598, 2, '0102012338000004513', 1, NULL, NULL),
(556, 1, 599, 2, '01140165111650115500', 1, NULL, NULL),
(557, 10, 600, 2, '01750090270071356161', 1, NULL, NULL),
(558, 4, 601, 2, '01340016480161119733', 1, NULL, NULL),
(559, 4, 602, 2, '01340383073831039006', 1, NULL, NULL),
(560, 4, 603, 2, '01340423224233035887', 1, NULL, NULL),
(561, 4, 604, 2, '01340946310001192182', 1, NULL, NULL),
(562, 4, 605, 2, '01340365183651036245', 1, NULL, NULL),
(563, 3, 606, 1, '01020457740100652605', 1, NULL, NULL),
(564, 4, 607, 2, '01340027090271041950', 1, NULL, NULL),
(565, 4, 608, 2, '01340192691921044164', 1, NULL, NULL),
(566, 8, 609, 1, '01280523382330041725', 1, NULL, NULL),
(567, 2, 610, 1, '01050056730056380518', 1, NULL, NULL),
(568, 4, 611, 2, '01340328743281043896', 1, NULL, NULL),
(569, 4, 613, 2, '01340945549461675400', 1, NULL, NULL),
(570, 4, 614, 2, '01340804138043001176', 1, NULL, NULL),
(571, 4, 615, 2, '0134094639001276584', 1, NULL, NULL),
(572, 2, 616, 1, '01050130060130054429', 1, NULL, NULL),
(573, 2, 616, 1, '01050130060130054429', 1, NULL, NULL),
(574, 4, 615, 2, '01340946390001276584', 1, NULL, NULL),
(575, 4, 617, 2, '01340217512173018080', 1, NULL, NULL),
(576, 2, 618, 1, '01050145887145006499', 1, NULL, NULL),
(577, 2, 619, 1, '01050083410083288279', 1, NULL, NULL),
(578, 4, 620, 2, '01340335023351011172', 1, NULL, NULL),
(579, 10, 621, 1, '01750044910010039984', 1, NULL, NULL),
(580, 2, 622, 1, '01050104180104284579', 1, NULL, NULL),
(581, 4, 623, 2, '01340038560381034461', 1, NULL, NULL),
(582, 2, 624, 2, '01050036211036228355', 1, NULL, NULL),
(583, 4, 625, 2, '01340797517971044382', 1, NULL, NULL),
(584, 4, 626, 2, '01340027090271041222', 1, NULL, NULL),
(585, 7, 627, 2, '01080010200100050484', 1, NULL, NULL),
(586, 5, 628, 2, '01150177460023090529', 1, NULL, NULL),
(587, 5, 629, 1, '01160177470203069587', 1, NULL, NULL),
(588, 4, 631, 2, '01341022490003002636', 1, NULL, NULL),
(589, 4, 632, 2, '01340239632393056295', 1, NULL, NULL),
(590, 4, 633, 2, '01340192621921023800', 1, NULL, NULL),
(591, 2, 634, 2, '01050664611664105859', 1, NULL, NULL),
(592, 4, 635, 2, '01340523965231011821', 1, NULL, NULL),
(593, 4, 636, 2, '01340032630321048930', 1, NULL, NULL),
(594, 1, 637, 2, '01140200312000160701', 1, NULL, NULL),
(595, 7, 638, 2, '01080272560100125161', 1, NULL, NULL),
(596, 10, 639, 2, '01750129180071873258', 1, NULL, NULL),
(597, 15, 640, 2, '01710010626001397735', 1, NULL, NULL),
(598, 3, 641, 2, '01020447080000069562', 1, NULL, NULL),
(599, 2, 642, 2, '01050027381027414885', 1, NULL, NULL),
(600, 2, 643, 2, '01050195410195290887', 1, NULL, NULL),
(601, 4, 644, 2, '01340014830143099330', 1, NULL, NULL),
(602, 6, 645, 1, '01150051034002312087', 1, NULL, NULL),
(603, 4, 646, 2, '01340060100601041492', 1, NULL, NULL),
(604, 4, 648, 2, '01340401174011113184', 1, NULL, NULL),
(605, 4, 649, 2, '01340374153741035461', 1, NULL, NULL),
(606, 4, 650, 1, '01340382143822123642', 1, NULL, NULL),
(607, 4, 652, 2, '01340946390001137216', 1, NULL, NULL),
(608, 4, 34, 2, '01340014870141130494', 1, NULL, NULL),
(609, 4, 653, 2, '01340086500863141923', 1, NULL, NULL),
(610, 4, 654, 2, '01340041540411017893', 1, NULL, NULL),
(611, 4, 655, 1, '01340106301062068279', 1, NULL, NULL),
(612, 4, 656, 1, '01341018600002000574', 1, NULL, NULL),
(613, 4, 657, 2, '01340239602391027613', 1, NULL, NULL),
(614, 4, 659, 2, '01340060190601042229', 1, NULL, NULL),
(615, 4, 520, 2, '01340946300001428466', 1, NULL, NULL),
(616, 4, 660, 2, '01341057750003000620', 1, NULL, NULL),
(617, 3, 661, 2, '01020507790000025975', 1, NULL, NULL),
(618, 4, 662, 2, '01340523925231014835', 1, NULL, NULL),
(619, 1, 663, 2, '01140168631680046740', 1, NULL, NULL),
(620, 6, 664, 1, '01150067654003684695', 1, NULL, NULL),
(621, 7, 665, 2, '01080027770100653238', 1, NULL, NULL),
(622, 7, 666, 2, '01080011100100092875', 1, NULL, NULL),
(623, 13, 667, 2, '01740115711154124117', 1, NULL, NULL),
(624, 10, 668, 1, '01750612970071939353', 1, NULL, NULL),
(625, 4, 669, 2, '01340371603711005179', 1, NULL, NULL),
(626, 4, 670, 2, '01340946310001178158', 1, NULL, NULL),
(627, 4, 671, 2, '01340353843533024769', 1, NULL, NULL),
(628, 4, 672, 2, '01340946380001390268', 1, NULL, NULL),
(629, 10, 673, 2, '01750152610071957559', 1, NULL, NULL),
(630, 4, 674, 2, '01340876968763015815', 1, NULL, NULL),
(631, 2, 675, 2, '01050191101191017168', 1, NULL, NULL),
(632, 4, 676, 2, '01340185321853063375', 1, NULL, NULL),
(633, 3, 677, 2, '0102048614002033046', 1, NULL, NULL),
(634, 4, 678, 2, '01340720727803006521', 1, NULL, NULL),
(635, 4, 679, 2, '01341018610001003295', 1, NULL, NULL),
(636, 10, 680, 2, '01750162380070226256', 1, NULL, NULL),
(637, 10, 681, 2, '01750177140072582915', 1, NULL, NULL),
(638, 3, 682, 2, '01020757630000007511', 1, NULL, NULL),
(639, 1, 683, 2, '01140163521630012976', 1, NULL, NULL),
(640, 4, 684, 2, '01340403884033024643', 1, NULL, NULL),
(641, 3, 666, 1, '01020132220100029023', 1, NULL, NULL),
(642, 10, 685, 2, '01750162390072625270', 1, NULL, NULL),
(643, 4, 686, 2, '01340946310001178158', 1, NULL, NULL),
(644, 3, 687, 2, '01020457740000091857', 1, NULL, NULL),
(645, 1, 688, 2, '01140103161037000040', 1, NULL, NULL),
(646, 10, 689, 2, '01750177140000002007', 1, NULL, NULL),
(647, 4, 690, 2, '01340370883703001369', 1, NULL, NULL),
(648, 5, 691, 2, '01160174090010253377', 1, NULL, NULL),
(649, 7, 692, 2, '01080067690100265341', 1, NULL, NULL),
(650, 4, 694, 2, '01340403854033021459', 1, NULL, NULL),
(651, 10, 695, 2, '01750509260071975438', 1, NULL, NULL),
(652, 4, 696, 2, '01340328733283067766', 1, NULL, NULL),
(653, 4, 697, 2, '01340548445481003324', 1, NULL, NULL),
(654, 7, 698, 2, '01080027750100258185', 1, NULL, NULL),
(655, 2, 699, 2, '01050094000094281084', 1, NULL, NULL),
(656, 4, 700, 2, '01340397023973025007', 1, NULL, NULL),
(657, 4, 678, 2, '01340720787203006521', 1, NULL, NULL),
(658, 7, 701, 2, '01080053680100208872', 1, NULL, NULL),
(659, 4, 702, 2, '01340023730233082171', 1, NULL, NULL),
(660, 4, 703, 2, '01340214122143045704', 1, NULL, NULL),
(661, 3, 704, 2, '01020130650000026835', 1, NULL, NULL),
(662, 4, 705, 2, '01340389993891142403', 1, NULL, NULL),
(663, 5, 706, 2, '01160144860020670940', 1, NULL, NULL),
(664, 9, 441, 2, '01630900169005074435', 1, NULL, NULL),
(665, 4, 707, 1, '01340523975232070910', 1, NULL, NULL),
(666, 4, 708, 2, '01340389943893166578', 1, NULL, NULL),
(667, 4, 709, 2, '01340523905235025029', 1, NULL, NULL),
(668, 4, 710, 2, '01340389913891365992', 1, NULL, NULL),
(669, 4, 711, 2, '01340326113261043946', 1, NULL, NULL),
(670, 2, 712, 2, '01050603420603162843', 1, NULL, NULL),
(671, 3, 713, 2, '01020457710000210968', 1, NULL, NULL),
(672, 4, 715, 2, '01340946310001261170', 1, NULL, NULL),
(673, 4, 717, 2, '01340056360563017198', 1, NULL, NULL),
(674, 7, 718, 2, '01080053610100189754', 1, NULL, NULL),
(675, 3, 719, 1, '01020446130100015675', 1, NULL, NULL),
(676, 2, 720, 2, '01050018411018619542', 1, NULL, NULL),
(677, 10, 722, 2, '01750177170070063341', 1, NULL, NULL),
(678, 5, 723, 1, '01160035250205767923', 1, NULL, NULL),
(679, 4, 724, 2, '01340415164151026111', 1, NULL, NULL),
(680, 12, 725, 2, '01040107100107116826', 1, NULL, NULL),
(681, 4, 726, 2, '01340945589461679671', 1, NULL, NULL),
(682, 4, 153, 2, '01340876968763015815', 1, NULL, NULL),
(683, 4, 728, 2, '01341039580001003218', 0, NULL, NULL),
(684, 4, 728, 2, '01341089580001003218', 1, NULL, NULL),
(685, 2, 729, 2, '01050161061161133771', 1, NULL, NULL),
(686, 4, 730, 2, '01340001630013159246', 1, NULL, NULL),
(687, 4, 731, 2, '01340333373331003803', 1, NULL, NULL),
(688, 6, 731, 2, '01150104461002735490', 1, NULL, NULL),
(689, 1, 731, 2, '01140171621710048289', 1, NULL, NULL),
(690, 4, 734, 2, '01341075510003000876', 1, NULL, NULL),
(691, 4, 735, 2, '01340073360731060809', 1, NULL, NULL),
(692, 10, 736, 2, '01750133070071858006', 1, NULL, NULL),
(693, 4, 737, 2, '01340389913891365992', 1, NULL, NULL),
(694, 9, 738, 2, '01630214772145001428', 1, NULL, NULL),
(695, 9, 740, 2, '01630306223063016998', 1, NULL, NULL),
(696, 6, 741, 1, '01150015394002630340', 1, NULL, NULL),
(697, 11, 742, 1, '01910106161000007615', 1, NULL, NULL),
(698, 4, 743, 2, '01340945549461260030', 1, NULL, NULL),
(699, 7, 745, 2, '01080211360100034880', 1, NULL, NULL),
(700, 2, 744, 2, '01050080021080304355', 1, NULL, NULL),
(701, 5, 746, 1, '01160244430205995586', 1, NULL, NULL),
(702, 6, 747, 2, '01050069941069435066', 1, NULL, NULL),
(703, 4, 748, 2, '01340438184381028864', 1, NULL, NULL),
(704, 4, 749, 2, '01341057760003004884', 1, NULL, NULL),
(705, 6, 750, 2, '01150020060200455098', 1, NULL, NULL),
(706, 3, 739, 2, '01020603170000000107', 1, NULL, NULL),
(707, 4, 751, 2, '01340945589461613850', 1, NULL, NULL),
(708, 4, 752, 2, '01340206032063030226', 1, NULL, NULL),
(709, 3, 753, 2, '01020104710000139418', 1, NULL, NULL),
(710, 4, 754, 2, '01340038520381058729', 1, NULL, NULL),
(711, 2, 755, 2, '01050108381108423221', 1, NULL, NULL),
(712, 4, 757, 2, '01340429134293018717', 1, NULL, NULL),
(713, 3, 758, 2, '01020245180000107660', 1, NULL, NULL),
(714, 4, 500, 1, '01340339213393132697', 1, NULL, NULL),
(715, 4, 759, 2, '01340946310001181604', 1, NULL, NULL),
(716, 4, 423, 2, '01340350313501042245', 1, NULL, NULL),
(717, 6, 761, 1, '01150041234003128456', 1, NULL, NULL),
(718, 4, 762, 2, '01340946310001224264', 1, NULL, NULL),
(719, 3, 763, 1, '01020213290107713681', 1, NULL, NULL),
(720, 2, 764, 1, '01050011790011528818', 1, NULL, NULL),
(721, 4, 766, 2, '01340343173433056627', 1, NULL, NULL),
(722, 5, 767, 1, '01160460900207315108', 1, NULL, NULL),
(723, 4, 769, 2, '01340359713591056071', 1, NULL, NULL),
(724, 3, 770, 1, '01020136520100042725', 1, NULL, NULL),
(725, 4, 771, 2, '01340046660463066563', 1, NULL, NULL),
(726, 4, 772, 2, '01340324483242059828', 1, NULL, NULL),
(727, 4, 773, 2, '0134005982059308270', 1, NULL, NULL),
(728, 6, 774, 1, '01150020054000397414', 1, NULL, NULL),
(729, 4, 775, 2, '01340005930051104174', 1, NULL, NULL),
(730, 7, 776, 2, '01080007220100004044', 1, NULL, NULL),
(731, 7, 777, 2, '01080119270100324722', 1, NULL, NULL),
(732, 4, 420, 2, '01340440224401035872', 1, NULL, NULL),
(733, 4, 778, 2, '01340279572793020328', 1, NULL, NULL),
(734, 2, 779, 1, '01050122910122060571', 1, NULL, NULL),
(735, 4, 780, 2, '01340371653711010393', 1, NULL, NULL),
(736, 4, 781, 2, '01340057120573010787', 1, NULL, NULL),
(737, 4, 782, 2, '01340523925231014866', 1, NULL, NULL),
(738, 2, 783, 2, '01050112121112071547', 1, NULL, NULL),
(739, 4, 784, 2, '01340867038671001489', 1, NULL, NULL),
(740, 6, 785, 1, '01150010204003488020', 1, NULL, NULL),
(741, 3, 786, 2, '01020603110100005700', 1, NULL, NULL),
(742, 3, 787, 2, '01020545020100004428', 1, NULL, NULL),
(743, 4, 788, 2, '01340820328203015825', 1, NULL, NULL),
(744, 3, 789, 2, '01020291901000015991', 1, NULL, NULL),
(745, 4, 790, 2, '01340409774091046825', 1, NULL, NULL),
(746, 10, 791, 2, '01750066000060411416', 1, NULL, NULL),
(747, 4, 792, 2, '01340032610321048024', 1, NULL, NULL),
(748, 10, 793, 2, '01750221240070321328', 1, NULL, NULL),
(749, 5, 794, 2, '01160132420023082038', 1, NULL, NULL),
(750, 15, 795, 2, '01560006340000810424', 1, NULL, NULL),
(751, 4, 796, 1, '01340328793285018284', 1, NULL, NULL),
(752, 2, 797, 1, '01050112160112197299', 1, NULL, NULL),
(753, 4, 798, 2, '01340262162621025594', 1, NULL, NULL),
(754, 10, 799, 2, '01750535190072600535', 1, NULL, NULL),
(755, 2, 800, 2, '01050026511026497558', 1, NULL, NULL),
(756, 4, 801, 2, '01340054710542032472', 1, NULL, NULL),
(757, 4, 802, 2, '01341031330003000039', 1, NULL, NULL),
(758, 2, 803, 2, '01050021480021253579', 1, NULL, NULL),
(759, 2, 803, 1, '01050021480021253579', 1, NULL, NULL),
(760, 4, 804, 2, '01340389963891398308', 1, NULL, NULL),
(761, 2, 805, 1, '01340567165672084689', 1, NULL, NULL),
(762, 6, 595, 1, '01150221824003230567', 1, NULL, NULL),
(763, 7, 801, 2, '01080027780100512855', 1, NULL, NULL),
(764, 3, 789, 1, '01020729190100001599', 1, NULL, NULL),
(765, 3, 789, 1, '01020729190100001599', 1, NULL, NULL),
(766, 4, 806, 2, '01340351133511043637', 1, NULL, NULL),
(767, 5, 807, 2, '01160400560008379025', 1, NULL, NULL),
(768, 10, 807, 2, '01750507620072573347', 1, NULL, NULL),
(769, 4, 808, 2, '01340178171781040156', 1, NULL, NULL),
(770, 3, 809, 2, '01020491720000086147', 1, NULL, NULL),
(771, 4, 810, 2, '01340331783311076500', 1, NULL, NULL),
(772, 2, 812, 2, '01050084281084118335', 1, NULL, NULL),
(773, 4, 813, 2, '01340383043833058193', 1, NULL, NULL),
(774, 4, 814, 2, '01340329523291031489', 1, NULL, NULL),
(775, 4, 815, 2, '01340245122451071448', 1, NULL, NULL),
(776, 4, 816, 2, '01340127681273022629', 1, NULL, NULL),
(777, 4, 817, 2, '01340197751971051142', 1, NULL, NULL),
(778, 4, 818, 2, '01341085220001002530', 1, NULL, NULL),
(779, 3, 819, 2, '01020107190000175087', 1, NULL, NULL),
(780, 4, 821, 2, '01340960919603013441', 1, NULL, NULL),
(781, 10, 822, 2, '01750094510073137930', 1, NULL, NULL),
(782, 4, 823, 2, '01340245112453257781', 1, NULL, NULL),
(783, 2, 824, 2, '01050169561169057373', 1, NULL, NULL),
(784, 6, 825, 2, '01150023421002067379', 1, NULL, NULL),
(785, 4, 826, 2, '01340050410501026778', 1, NULL, NULL),
(786, 3, 827, 2, '01020603110000024895', 1, NULL, NULL),
(787, 4, 828, 2, '01340946300001171096', 1, NULL, NULL),
(788, 4, 829, 2, '01340423274233010508', 1, NULL, NULL),
(789, 4, 830, 2, '01340415124151022188', 1, NULL, NULL),
(790, 7, 832, 2, '01080027790100636325', 1, NULL, NULL),
(791, 4, 832, 2, '01340278792781019065', 1, NULL, NULL),
(792, 4, 833, 2, '01340374183741034784', 1, NULL, NULL),
(793, 4, 831, 2, '01340437284371018706', 1, NULL, NULL),
(794, 4, 835, 2, '01340945559461403078', 1, NULL, NULL),
(795, 4, 837, 2, '01340056370561045738', 1, NULL, NULL),
(796, 10, 108, 2, '4916097125', 1, NULL, NULL),
(797, 4, 838, 2, '01340005910053132693', 1, NULL, NULL),
(798, 4, 839, 2, '013404694691024516', 0, NULL, NULL),
(799, 4, 840, 2, '01340418634181034580', 1, NULL, NULL),
(800, 4, 839, 2, '01340469194691024516', 1, NULL, NULL),
(801, 4, 842, 2, '01340206092063031386', 1, NULL, NULL),
(802, 2, 209, 2, '01050032011032629274', 0, NULL, NULL),
(803, 2, 843, 1, '01050068110068819188', 1, NULL, NULL),
(804, 3, 844, 1, '01020491740102488131', 1, NULL, NULL),
(805, 6, 53, 1, '01150020084003669509', 1, NULL, NULL),
(806, 2, 846, 2, '01050032011032629274', 1, NULL, NULL),
(807, 4, 847, 2, '01340211652113006466', 1, NULL, NULL),
(808, 4, 848, 2, '01340398803983021194', 1, NULL, NULL),
(809, 2, 834, 2, '01050644151644016885', 1, NULL, NULL),
(810, 4, 850, 2, '01340375923753020094', 1, NULL, NULL),
(811, 2, 851, 2, '01050027398027061571', 1, NULL, NULL),
(812, 16, 852, 1, '01510033866013506722', 1, NULL, NULL),
(813, 4, 845, 2, '01340783597831012088', 1, NULL, NULL),
(814, 4, 853, 2, '01340315513153003644', 1, NULL, NULL),
(815, 4, 853, 2, '01341055190001000237', 1, NULL, NULL),
(816, 6, 854, 2, '01150062581004676478', 1, NULL, NULL),
(817, 5, 855, 1, '01160192840198487363', 1, NULL, NULL),
(818, 4, 856, 2, '01340262152623031546', 1, NULL, NULL),
(819, 20, 108, 2, '01710008454000041052', 1, NULL, NULL),
(820, 4, 857, 1, '01340202702022095043', 1, NULL, NULL),
(821, 6, 858, 2, '01150089791001911206', 1, NULL, NULL),
(822, 2, 860, 2, '01050056721056242345', 1, NULL, NULL),
(823, 4, 861, 2, '01340469154693024175', 1, NULL, NULL),
(824, 4, 862, 2, '01340407124073026936', 1, NULL, NULL),
(825, 4, 863, 2, '01340353823531029796', 1, NULL, NULL),
(826, 4, 864, 2, '01340364313641029946', 1, NULL, NULL),
(827, 4, 865, 2, '01340008320083303395', 1, NULL, NULL),
(828, 4, 866, 2, '01340333313333004914', 1, NULL, NULL),
(829, 4, 151, 2, '4110160005829974', 1, NULL, NULL),
(830, 4, 151, 2, '5467040014347497', 1, NULL, NULL),
(831, 7, 867, 2, '01080071400100710312', 1, NULL, NULL),
(832, 4, 868, 2, '01340563825633052255', 1, NULL, NULL),
(833, 4, 763, 2, '01340946330001446091', 1, NULL, NULL),
(834, 2, 869, 2, '01050710331710014385', 1, NULL, NULL),
(835, 2, 870, 2, '01050672791672011205', 0, NULL, NULL),
(836, 2, 870, 2, '01050672791672011205', 0, NULL, NULL),
(837, 4, 873, 2, '01341022460002002051', 1, NULL, NULL),
(838, 7, 874, 1, '01080172900200394921', 1, NULL, NULL),
(839, 4, 875, 2, '01340437214371023241', 1, NULL, NULL),
(840, 4, 876, 2, '01340437234371019902', 1, NULL, NULL),
(841, 10, 877, 1, '01750164000060415425', 1, NULL, NULL),
(842, 15, 878, 2, '01560005550000653568', 1, NULL, NULL),
(843, 4, 880, 2, '01340331743311064494', 1, NULL, NULL),
(844, 2, 881, 2, '01050657321657000834', 1, NULL, NULL),
(845, 8, 882, 1, '01280527612730104511', 1, NULL, NULL),
(846, 4, 883, 2, '01340390203903019935', 1, NULL, NULL),
(847, 4, 884, 2, '01340361963611029033', 1, NULL, NULL),
(848, 4, 885, 2, '01340350373501033749', 1, NULL, NULL),
(849, 4, 886, 2, '01340382163823017706', 1, NULL, NULL),
(850, 4, 887, 2, '01340783577831010827', 1, NULL, NULL),
(851, 2, 888, 2, '01050079651079543333', 1, NULL, NULL),
(852, 16, 889, 2, '01050011714120008730', 1, NULL, NULL),
(853, 4, 891, 2, '01340015610151049789', 1, NULL, NULL),
(854, 4, 892, 2, '01340946380001256067', 1, NULL, NULL),
(855, 4, 893, 2, '01340131411311045568', 1, NULL, NULL),
(856, 4, 894, 2, '01340219192191024462', 1, NULL, NULL),
(857, 4, 895, 2, '01340946390001376992', 1, NULL, NULL),
(858, 4, 896, 2, '01341010160001000226', 1, NULL, NULL),
(859, 16, 897, 2, '01510016884160027721', 1, NULL, NULL),
(860, 2, 805, 1, '01050169591169097197', 1, NULL, NULL),
(861, 4, 898, 2, '01340070900702049946', 1, NULL, NULL),
(862, 5, 899, 2, '01160069710006659060', 1, NULL, NULL),
(863, 1, 901, 2, '01140192961920010284', 1, NULL, NULL),
(864, 4, 902, 2, '01340194211941020813', 1, NULL, NULL),
(865, 4, 904, 2, '01340467434671092607', 1, NULL, NULL),
(866, 10, 905, 2, '01750177170070063369', 1, NULL, NULL),
(867, 4, 906, 2, '01340946370001446959', 1, NULL, NULL),
(868, 16, 907, 2, '01510061351000588499', 1, NULL, NULL),
(869, 4, 908, 2, '01340331703313021458', 1, NULL, NULL),
(870, 4, 909, 2, '01340356283561036604', 1, NULL, NULL),
(871, 4, 910, 2, '01340409724091047226', 1, NULL, NULL),
(872, 2, 911, 2, '01050191121191047776', 1, NULL, NULL),
(873, 4, 912, 2, '01340029620293044473', 0, NULL, NULL),
(874, 3, 913, 1, '01020189630100013105', 1, NULL, NULL),
(875, 4, 915, 2, '01340425954251017546', 1, NULL, NULL),
(876, 5, 916, 2, '01160143090011123508', 1, NULL, NULL),
(877, 20, 914, 2, '01710003346001754572', 1, NULL, NULL),
(878, 7, 917, 2, '01080059520100234205', 1, NULL, NULL),
(879, 3, 918, 1, '01020359750102438419', 1, NULL, NULL),
(880, 1, 919, 1, '01140520705202001507', 1, NULL, NULL),
(881, 4, 920, 2, '01341055110001000530', 1, NULL, NULL),
(882, 2, 128, 2, '01050011761011528266', 1, NULL, NULL),
(883, 2, 921, 1, '01050080057080033152', 1, NULL, NULL),
(884, 4, 922, 2, '01340226472261023602', 1, NULL, NULL),
(885, 4, 923, 2, '01340225612253060142', 1, NULL, NULL),
(886, 4, 924, 2, '01340335073353004319', 1, NULL, NULL),
(887, 3, 925, 2, '01020387250000143912', 1, NULL, NULL),
(888, 7, 927, 2, '01080037471500005880', 1, NULL, NULL),
(889, 6, 929, 2, '01150056141001479152', 1, NULL, NULL),
(890, 2, 930, 2, '01050027321027429343', 1, NULL, NULL),
(891, 4, 931, 2, '01340331743313026938', 1, NULL, NULL),
(892, 4, 932, 2, '01340226482261024062', 1, NULL, NULL),
(893, 4, 933, 2, '01340087370873016612', 1, NULL, NULL),
(894, 7, 934, 2, '01080130390100158245', 1, NULL, NULL),
(895, 4, 936, 2, '01340032610321048685', 1, NULL, NULL),
(896, 2, 937, 1, '0105096900296006777', 1, NULL, NULL),
(897, 4, 935, 2, '01341057720001001909', 1, NULL, NULL),
(898, 4, 938, 2, '01340218312181010811', 1, NULL, NULL),
(899, 4, 939, 2, '01340053910533062626', 1, NULL, NULL),
(900, 2, 940, 2, '01050035411035422298', 1, NULL, NULL),
(901, 10, 941, 2, '01750296440070940106', 1, NULL, NULL),
(902, 4, 942, 2, '01340364383643025743', 1, NULL, NULL),
(903, 4, 943, 2, '01340021100213069663', 1, NULL, NULL),
(904, 4, 944, 2, '01340409724091042477', 1, NULL, NULL),
(905, 4, 871, 2, '01340945559461685528', 1, NULL, NULL),
(906, 4, 946, 2, '01340946300001377728', 1, NULL, NULL),
(907, 4, 945, 2, '01340131481311024732', 1, NULL, NULL),
(908, 4, 948, 1, '01340389953892185057', 1, NULL, NULL),
(909, 4, 949, 2, '01340215912153082738', 1, NULL, NULL),
(910, 3, 950, 2, '01020769070000021898', 1, NULL, NULL);
INSERT INTO `banco_proveedor` (`id`, `banco_id`, `proveedor_id`, `tipodecuenta`, `numero`, `estado`, `created_at`, `updated_at`) VALUES
(911, 3, 951, 2, '01020696160000129017', 1, NULL, NULL),
(912, 4, 952, 2, '01340986219861003173', 1, NULL, NULL),
(913, 4, 953, 2, '01341022400001006907', 1, NULL, NULL),
(914, 9, 928, 1, '01630234162341002092', 1, NULL, NULL),
(915, 4, 955, 2, '01340989709891003865', 1, NULL, NULL),
(916, 4, 956, 2, '01340497654971021308', 1, NULL, NULL),
(917, 7, 954, 2, '01080027750100258185', 1, NULL, NULL),
(918, 4, 957, 2, '01340319853191099569', 1, NULL, NULL),
(919, 3, 283, 2, '01020598190000071893', 1, NULL, NULL),
(920, 4, 958, 2, '01340347363471057357', 1, NULL, NULL),
(921, 4, 960, 2, '01341057710001002172', 1, NULL, NULL),
(922, 2, 961, 2, '01050652251652042326', 1, NULL, NULL),
(923, 4, 962, 2, '01340060100603257677', 1, NULL, NULL),
(924, 4, 963, 1, '01340327983272092736', 1, NULL, NULL),
(925, 2, 964, 1, '01050146610146098943', 1, NULL, NULL),
(926, 4, 965, 2, '01340066180661045858', 1, NULL, NULL),
(927, 3, 967, 2, '01020072661000000589', 1, NULL, NULL),
(928, 4, 968, 2, '01340278752781018873', 1, NULL, NULL),
(929, 4, 969, 2, '01340946310001440110', 1, NULL, NULL),
(930, 8, 970, 2, '01280063146300071975', 1, NULL, NULL),
(931, 4, 971, 2, '01340239692393038228', 1, NULL, NULL),
(932, 3, 972, 2, '01020412000072359078', 1, NULL, NULL),
(933, 4, 973, 2, '01340005950053131581', 1, NULL, NULL),
(934, 3, 967, 2, '01020726610000005898', 1, NULL, NULL),
(935, 3, 974, 2, '01020305800000027342', 1, NULL, NULL),
(936, 4, 975, 2, '01340424164242081817', 1, NULL, NULL),
(937, 3, 976, 2, '01020526340100000075', 1, NULL, NULL),
(938, 3, 947, 2, '01020726640100003166', 1, NULL, NULL),
(939, 3, 977, 2, '01020501840002991133', 1, NULL, NULL),
(940, 4, 978, 2, '01340245122451073247', 1, NULL, NULL),
(941, 4, 979, 2, '01340946329461255911', 1, NULL, NULL),
(942, 7, 108, 2, '01080028550100128872', 1, NULL, NULL),
(943, 4, 761, 2, '01340027090271043469', 1, NULL, NULL),
(944, 2, 980, 1, '01050230681230069852', 1, NULL, NULL),
(945, 5, 981, 2, '01160463630023946910', 1, NULL, NULL),
(946, 7, 982, 2, '01080160580100208319', 1, NULL, NULL),
(947, 4, 983, 2, '01340945529461365474', 1, NULL, NULL),
(948, 4, 986, 2, '01340447014471046468', 1, NULL, NULL),
(949, 11, 984, 2, '01040010470100105705', 1, NULL, NULL),
(950, 4, 987, 2, '01340371633711037529', 1, NULL, NULL),
(951, 4, 988, 2, '01340432114321013472', 1, NULL, NULL),
(952, 12, 990, 2, '01040107140107017704', 1, NULL, NULL),
(953, 4, 97, 2, '01340027020271043503', 1, NULL, NULL),
(954, 4, 992, 2, '01340027050271043507', 1, NULL, NULL),
(955, 1, 993, 2, '01140202062020066230', 1, NULL, NULL),
(956, 10, 994, 2, '01750164010070318853', 1, NULL, NULL),
(957, 4, 964, 2, '01340277912771095308', 1, NULL, NULL),
(958, 4, 991, 2, '01340472124721015916', 1, NULL, NULL),
(959, 11, 995, 2, '01910173802100007405', 1, NULL, NULL),
(960, 11, 912, 2, '01910098732198035695', 1, NULL, NULL),
(961, 2, 997, 2, '01050029071029408467', 1, NULL, NULL),
(962, 3, 999, 2, '01020231110100012453', 1, NULL, NULL),
(963, 4, 998, 2, '01340260492601009219', 1, NULL, NULL),
(964, 3, 1000, 1, '01020305840100229731', 1, NULL, NULL),
(965, 4, 1001, 2, '01340122561221007707', 1, NULL, NULL),
(966, 4, 1002, 2, '01340388153881053979', 1, NULL, NULL),
(967, 2, 1003, 1, '01050618200618558888', 1, NULL, NULL),
(968, 2, 1004, 1, '01050296917296003634', 1, NULL, NULL),
(969, 4, 1005, 2, '01340977369771024943', 1, NULL, NULL),
(970, 7, 1006, 2, '01080023440100105719', 1, NULL, NULL),
(971, 4, 1007, 2, '01340946300001229529', 1, NULL, NULL),
(972, 2, 1008, 2, '01050280201280042516', 1, NULL, NULL),
(973, 4, 1009, 2, '01340202702021033479', 1, NULL, NULL),
(974, 2, 1011, 2, '01050638761638328552', 1, NULL, NULL),
(975, 10, 1012, 1, '01750238770060033670', 1, NULL, NULL),
(976, 4, 1013, 2, '01340366063663053157', 1, NULL, NULL),
(977, 7, 1014, 2, '01080045590100057382', 1, NULL, NULL),
(978, 4, 1015, 2, '01340016450161149406', 1, NULL, NULL),
(979, 10, 1016, 2, '01759568870072542343', 1, NULL, NULL),
(980, 3, 1017, 2, '01020680410000138781', 1, NULL, NULL),
(981, 4, 1018, 2, '01340031820311154270', 1, NULL, NULL),
(982, 12, 1019, 2, '01040019870190107760', 1, NULL, NULL),
(983, 4, 1020, 2, '01340363583631304997', 1, NULL, NULL),
(984, 2, 1020, 2, '01050033881033408603', 1, NULL, NULL),
(985, 2, 1021, 2, '01050101611101123869', 1, NULL, NULL),
(986, 11, 1021, 2, '01910063472163022980', 1, NULL, NULL),
(987, 11, 1022, 2, '01910050222150048919', 1, NULL, NULL),
(988, 7, 1023, 2, '01080954110100050223', 1, NULL, NULL),
(989, 4, 1025, 2, '01341014360001028283', 1, NULL, NULL),
(990, 4, 121, 2, '01341014360001028283', 1, NULL, NULL),
(991, 4, 1026, 2, '01340059850591014477', 1, NULL, NULL),
(992, 4, 1027, 2, '01340861188613001176', 1, NULL, NULL),
(993, 4, 1028, 2, '01341010170003002238', 1, NULL, NULL),
(994, 4, 50, 2, '01340861188613001176', 1, NULL, NULL),
(995, 1, 1029, 2, '01140190271909008588', 1, NULL, NULL),
(996, 11, 1030, 2, '01910014661114039930', 1, NULL, NULL),
(997, 4, 1033, 2, '01340411974111061992', 1, NULL, NULL),
(998, 4, 1034, 2, '01340005920051104507', 1, NULL, NULL),
(999, 6, 1035, 2, '15031400000000010000', 1, NULL, NULL),
(1000, 4, 1036, 2, '01340946310001398165', 1, NULL, NULL),
(1001, 7, 1037, 2, '01080503110100025102', 1, NULL, NULL),
(1002, 7, 1038, 2, '01080249110100092837', 1, NULL, NULL),
(1003, 4, 1039, 2, '01340069580693066484', 1, NULL, NULL),
(1004, 4, 1040, 2, '01340403854033023289', 1, NULL, NULL),
(1005, 4, 1041, 2, '01341022480003002581', 1, NULL, NULL),
(1006, 4, 1042, 2, '01340239602391025974', 1, NULL, NULL),
(1007, 4, 1043, 1, '01340438114382129231', 1, NULL, NULL),
(1008, 4, 1044, 2, '01340202752021036166', 1, NULL, NULL),
(1009, 4, 1046, 2, '01340124101241043073', 1, NULL, NULL),
(1010, 11, 1047, 2, '01910173882100021712', 1, NULL, NULL),
(1011, 3, 1048, 1, '01020726620000097246', 1, NULL, NULL),
(1012, 4, 1049, 2, '01340214192141038788', 1, NULL, NULL),
(1013, 4, 1050, 2, '01340946380001216975', 1, NULL, NULL),
(1014, 7, 1051, 2, '01080911870100009202', 1, NULL, NULL),
(1015, 4, 1053, 1, '01340946310001478128', 1, NULL, NULL),
(1016, 2, 1052, 2, '01050019290019796897', 1, NULL, NULL),
(1017, 7, 1054, 2, '01080044710100091445', 1, NULL, NULL),
(1018, 3, 1056, 2, '01020460700000154260', 1, NULL, NULL),
(1019, 3, 1055, 2, '01020144660000252544', 1, NULL, NULL),
(1020, 4, 1057, 1, '01340202792021036312', 1, NULL, NULL),
(1021, 4, 913, 2, '01340031840313255661', 1, NULL, NULL),
(1022, 3, 1059, 1, '01020726610000176837', 1, NULL, NULL),
(1023, 4, 1058, 2, '01340251502511026482', 1, NULL, NULL),
(1024, 2, 1058, 2, '01050031151031616616', 1, NULL, NULL),
(1025, 11, 1061, 2, '01910055362155048399', 1, NULL, NULL),
(1026, 4, 1062, 2, '01341102630001000353', 1, NULL, NULL),
(1027, 4, 1063, 2, '01340370813701029205', 1, NULL, NULL),
(1028, 4, 1064, 2, '01340069540691040084', 1, NULL, NULL),
(1029, 3, 1065, 1, '01020105520100048164', 1, NULL, NULL),
(1030, 5, 1066, 2, '01160446380105457739', 1, NULL, NULL),
(1031, 7, 1067, 2, '01080573210100030523', 1, NULL, NULL),
(1032, 11, 1068, 1, '01910164911100014780', 1, NULL, NULL),
(1033, 3, 1068, 1, '01020305810100238934', 1, NULL, NULL),
(1034, 4, 1069, 2, '01340215942151055071', 1, NULL, NULL),
(1035, 4, 1070, 2, '01340122551221013936', 1, NULL, NULL),
(1036, 4, 1071, 2, '01340044060443062106', 1, NULL, NULL),
(1037, 4, 1071, 2, '01340044060443062106', 1, NULL, NULL),
(1038, 4, 1072, 2, '01340946359462271465', 1, NULL, NULL),
(1039, 4, 1073, 2, '01341057740003005583', 1, NULL, NULL),
(1040, 4, 1074, 2, '01340345713451061054', 1, NULL, NULL),
(1041, 4, 1075, 2, '01340205182053023277', 1, NULL, NULL),
(1042, 4, 1077, 2, '01340989779893004070', 1, NULL, NULL),
(1043, 4, 1076, 2, '01340946390001370643', 1, NULL, NULL),
(1044, 4, 1078, 2, '01340975779751025241', 1, NULL, NULL),
(1045, 4, 11, 2, '01340876968763015815', 1, NULL, NULL),
(1046, 3, 1079, 1, '01020398810104664931', 1, NULL, NULL),
(1047, 7, 1080, 1, '01082419200100055974', 1, NULL, NULL),
(1048, 4, 1081, 2, '01340226492263013843', 1, NULL, NULL),
(1049, 3, 1082, 2, '01020481010000058175', 1, NULL, NULL),
(1050, 4, 1083, 2, '01340407174071031447', 1, NULL, NULL),
(1051, 2, 1084, 2, '01050169571169061222', 1, NULL, NULL),
(1052, 4, 1085, 2, '01340014830141130630', 1, NULL, NULL),
(1053, 10, 1086, 2, '01750163160000001274', 1, NULL, NULL),
(1054, 4, 1087, 2, '01340351193513073357', 1, NULL, NULL),
(1055, 3, 1088, 2, '01020769070000067991', 1, NULL, NULL),
(1056, 4, 1089, 2, '01340383093831008465', 1, NULL, NULL),
(1057, 4, 1091, 2, '01340307493071141829', 1, NULL, NULL),
(1058, 12, 1092, 2, '01040009150090122339', 1, NULL, NULL),
(1059, 4, 1093, 2, '01340946370001473885', 1, NULL, NULL),
(1060, 3, 1094, 2, '01020305860004733580', 1, NULL, NULL),
(1061, 4, 1095, 2, '01340069540693072675', 1, NULL, NULL),
(1062, 4, 1096, 2, '01340867058673002282', 1, NULL, NULL),
(1063, 4, 1097, 2, '01340798317983000333', 1, NULL, NULL),
(1064, 4, 1098, 2, '01340945539461586239', 1, NULL, NULL),
(1065, 7, 1099, 2, '01080033110100066491', 1, NULL, NULL),
(1066, 4, 1101, 2, '01340328773281071090', 1, NULL, NULL),
(1067, 12, 1100, 2, '01040009160090165666', 1, NULL, NULL),
(1068, 2, 1102, 2, '01050045111045523003', 1, NULL, NULL),
(1069, 4, 1103, 2, '01340367803671000217', 1, NULL, NULL),
(1070, 4, 1104, 2, '01340804178043013437', 1, NULL, NULL),
(1071, 4, 1105, 2, '01340386453861056782', 1, NULL, NULL),
(1072, 4, 1008, 2, '01340453424533076228', 1, NULL, NULL),
(1073, 4, 928, 2, '01340027040271043497', 1, NULL, NULL),
(1074, 4, 1107, 2, '01340131471313032187', 1, NULL, NULL),
(1075, 4, 1108, 2, '01340339253393175630', 1, NULL, NULL),
(1076, 4, 1109, 2, '01340095430951045689', 1, NULL, NULL),
(1077, 4, 1110, 2, '01340760617603058446', 1, NULL, NULL),
(1078, 4, 1111, 2, '01340359773593061075', 1, NULL, NULL),
(1079, 3, 1112, 2, '01020406230000000097', 1, NULL, NULL),
(1080, 7, 1112, 2, '01080927460100084953', 1, NULL, NULL),
(1081, 5, 1112, 2, '01160150270017116759', 1, NULL, NULL),
(1082, 4, 1114, 2, '01340945519461457449', 1, NULL, NULL),
(1083, 4, 1115, 2, '01340945589461114921', 1, NULL, NULL),
(1084, 2, 1117, 2, '01050242010242017711', 1, NULL, NULL),
(1085, 2, 1118, 2, '01340866108661625598', 1, NULL, NULL),
(1086, 10, 1122, 2, '01750511410073481126', 1, NULL, NULL),
(1087, 4, 1124, 1, '01340251512515008260', 1, NULL, NULL),
(1088, 4, 1125, 2, '01340021110213075431', 1, NULL, NULL),
(1089, 4, 1126, 2, '01340026110263123221', 1, NULL, NULL),
(1090, 4, 1127, 2, '01340946310001293813', 1, NULL, NULL),
(1091, 10, 1129, 2, '01750511420073539873', 1, NULL, NULL),
(1092, 4, 1128, 2, '01340031810311129961', 1, NULL, NULL),
(1093, 2, 1130, 2, '01050094011094105163', 1, NULL, NULL),
(1094, 4, 1131, 2, '01340409784093023601', 1, NULL, NULL),
(1095, 11, 1132, 1, '01910173831000004631', 1, NULL, NULL),
(1096, 4, 1133, 2, '01340226122263024290', 1, NULL, NULL),
(1097, 4, 1134, 2, '01340946370001126296', 1, NULL, NULL),
(1098, 4, 1135, 2, '01340977349771020134', 1, NULL, NULL),
(1099, 4, 1136, 2, '01340861158611002387', 1, NULL, NULL),
(1100, 4, 1138, 2, '01340379103793022900', 1, NULL, NULL),
(1101, 4, 1140, 2, '01340146291461013034', 1, NULL, NULL),
(1102, 4, 1141, 2, '01340281712812011521', 1, NULL, NULL),
(1103, 4, 1142, 2, '01340029630291025366', 1, NULL, NULL),
(1104, 4, 1143, 2, '01344026121261102088', 0, NULL, NULL),
(1105, 4, 1143, 2, '01340261212611020883', 1, NULL, NULL),
(1106, 5, 1144, 2, '01160501080025247018', 1, NULL, NULL),
(1107, 5, 1145, 2, '01160123590192456229', 1, NULL, NULL),
(1108, 2, 1146, 2, '01050082600082257256', 1, NULL, NULL),
(1109, 11, 1147, 2, '01910048612145072902', 1, NULL, NULL),
(1110, 4, 1148, 2, '01340452664521021115', 1, NULL, NULL),
(1111, 4, 1149, 2, '01340876988761007037', 0, NULL, NULL),
(1112, 4, 1149, 2, '01340876988761007036', 1, NULL, NULL),
(1113, 7, 1150, 2, '01080252100100060206', 1, NULL, NULL),
(1114, 4, 800, 2, '01340122531221014909', 1, NULL, NULL),
(1115, 4, 1151, 2, '01340869869023672', 1, NULL, NULL),
(1116, 2, 1152, 1, '01050251940251054357', 1, NULL, NULL),
(1117, 4, 1151, 2, '01340869618693023672', 1, NULL, NULL),
(1118, 5, 1153, 2, '01160130820016514190', 1, NULL, NULL),
(1119, 4, 291, 2, '01340850548503004662', 1, NULL, NULL),
(1120, 13, 291, 2, '01740101761013081804', 1, NULL, NULL),
(1121, 4, 1154, 2, '01340395303953014953', 1, NULL, NULL),
(1122, 2, 1155, 2, '01050084211084140020', 1, NULL, NULL),
(1123, 4, 1156, 2, '01340526395261038981', 1, NULL, NULL),
(1124, 4, 1157, 2, '01340281762813015725', 1, NULL, NULL),
(1125, 4, 1158, 2, '01340193471933004151', 1, NULL, NULL),
(1126, 4, 1159, 2, '01340866110001209531', 1, NULL, NULL),
(1127, 4, 1160, 2, '01340797577973006361', 0, NULL, NULL),
(1128, 4, 1161, 2, '01340880728803012021', 1, NULL, NULL),
(1129, 2, 1162, 2, '01050032011032708735', 1, NULL, NULL),
(1130, 4, 1164, 2, '01340325293253020325', 1, NULL, NULL),
(1131, 4, 1165, 2, '01340492534923003415', 1, NULL, NULL),
(1132, 2, 1163, 2, '01050739121739037901', 1, NULL, NULL),
(1133, 13, 1167, 2, '01740123801234000881', 1, NULL, NULL),
(1134, 4, 1166, 2, '01340031860313179583', 1, NULL, NULL),
(1135, 4, 1168, 2, '01340388113881055033', 1, NULL, NULL),
(1136, 4, 1169, 2, '01340031820311152325', 1, NULL, NULL),
(1137, 4, 1170, 2, '013409463700011358', 1, NULL, NULL),
(1138, 3, 1171, 2, '01020139070000029256', 1, NULL, NULL),
(1139, 4, 1172, 2, '01340710037101038917', 1, NULL, NULL),
(1140, 4, 1174, 2, '01341057710003002434', 1, NULL, NULL),
(1141, 4, 1174, 2, '01341057710003004234', 1, NULL, NULL),
(1142, 4, 1175, 2, '01340413544133020109', 1, NULL, NULL),
(1143, 4, 1176, 1, '01340281702812009454', 1, NULL, NULL),
(1144, 1, 1176, 2, '01140150371509023057', 1, NULL, NULL),
(1145, 4, 1177, 2, '01340056390561046435', 1, NULL, NULL),
(1146, 6, 1178, 2, '01150092721002918749', 1, NULL, NULL),
(1147, 4, 1179, 1, '01340281712812021764', 1, NULL, NULL),
(1148, 1, 1180, 2, '01140164311640031294', 1, NULL, NULL),
(1149, 4, 1181, 1, '01340281742812009314', 1, NULL, NULL),
(1150, 4, 1182, 2, '01340423224233039938', 1, NULL, NULL),
(1151, 4, 1183, 2, '01340018120181061405', 1, NULL, NULL),
(1152, 4, 1184, 2, '01340423284233039322', 1, NULL, NULL),
(1153, 2, 1185, 2, '01050649220649014952', 1, NULL, NULL),
(1154, 4, 1186, 2, '01340021180213075867', 1, NULL, NULL),
(1155, 4, 1187, 2, '01340423234233039445', 1, NULL, NULL),
(1156, 4, 1188, 2, '01340069510693070850', 1, NULL, NULL),
(1157, 4, 1189, 2, '01340226432261023523', 1, NULL, NULL),
(1158, 2, 1190, 1, '01050699910699126770', 1, NULL, NULL),
(1159, 5, 1191, 2, '01160126020025517066', 1, NULL, NULL),
(1160, 4, 1192, 2, '01341022460003001870', 1, NULL, NULL),
(1161, 4, 1193, 2, '01340041550411017173', 1, NULL, NULL),
(1162, 4, 1194, 1, '01340072540722091167', 1, NULL, NULL),
(1163, 4, 1195, 2, '01340122541222088921', 1, NULL, NULL),
(1164, 7, 1196, 2, '01080017000100316636', 1, NULL, NULL),
(1165, 1, 1197, 2, '01140199601990007442', 1, NULL, NULL),
(1166, 2, 1198, 1, '01050659030659000792', 1, NULL, NULL),
(1167, 4, 1200, 2, '01340423274231047044', 1, NULL, NULL),
(1168, 4, 1201, 2, '01340977339771019543', 1, NULL, NULL),
(1169, 2, 1202, 2, '01050050871050302745', 1, NULL, NULL),
(1170, 11, 1203, 2, '01910098732198152211', 1, NULL, NULL),
(1171, 3, 789, 2, '01020729110000077428', 1, NULL, NULL),
(1172, 4, 1204, 2, '01340866110001142051', 1, NULL, NULL),
(1173, 3, 1206, 1, '01020305890100237669', 1, NULL, NULL),
(1174, 4, 1207, 2, '01340945519461656453', 1, NULL, NULL),
(1175, 6, 1208, 2, '01150223461000701886', 1, NULL, NULL),
(1176, 4, 1209, 2, '01340031890311136399', 1, NULL, NULL),
(1177, 2, 870, 2, '01050672781672128145', 1, NULL, NULL),
(1178, 4, 1210, 2, '01340371623711038012', 1, NULL, NULL),
(1179, 4, 1212, 2, '01340070960703050063', 1, NULL, NULL),
(1180, 2, 1213, 2, '01050047821047399679', 1, NULL, NULL),
(1181, 4, 1214, 2, '01340466614661038370', 1, NULL, NULL),
(1182, 4, 1215, 2, '01340946350001445389', 1, NULL, NULL),
(1183, 2, 1216, 2, '01050135111135037116', 1, NULL, NULL),
(1184, 7, 1217, 2, '01080001300100478094', 1, NULL, NULL),
(1185, 4, 1218, 2, '01340423244232194117', 1, NULL, NULL),
(1186, 4, 1219, 2, '01340027040271041183', 1, NULL, NULL),
(1187, 4, 1220, 2, '01341020840001003518', 1, NULL, NULL),
(1188, 1, 1221, 2, '01140190211900023568', 1, NULL, NULL),
(1189, 6, 108, 2, '00004547326900216582', 1, NULL, NULL),
(1190, 4, 1225, 2, '01340371613711036589', 1, NULL, NULL),
(1191, 4, 1226, 2, '01340945519461515035', 1, NULL, NULL),
(1192, 11, 1227, 2, '01910038391038002962', 1, NULL, NULL),
(1193, 2, 1222, 2, '01050122901122061250', 1, NULL, NULL),
(1194, 4, 1224, 2, '01340945549461578598', 1, NULL, NULL),
(1195, 13, 1228, 2, '01740123811234014973', 1, NULL, NULL),
(1196, 4, 1229, 2, '01340315503151041573', 1, NULL, NULL),
(1197, 3, 1230, 1, '01020487910100014639', 1, NULL, NULL),
(1198, 4, 1231, 2, '01340055570551081055', 1, NULL, NULL),
(1199, 3, 1232, 2, '01020121760000183037', 1, NULL, NULL),
(1200, 4, 1233, 2, '01340221362211039168', 1, NULL, NULL),
(1201, 7, 1235, 2, '01080054400100359477', 1, NULL, NULL),
(1202, 7, 1236, 2, '01080009910100002271', 1, NULL, NULL),
(1203, 7, 1237, 2, '01080974630100063235', 1, NULL, NULL),
(1204, 3, 1239, 2, '01020224820000329697', 1, NULL, NULL),
(1205, 4, 1240, 2, '01340072520721020053', 1, NULL, NULL),
(1206, 7, 125, 2, '01080520130100092775', 1, NULL, NULL),
(1207, 10, 125, 2, '01750371520075847126', 1, NULL, NULL),
(1208, 2, 1241, 1, '01050104160104243872', 1, NULL, NULL),
(1209, 4, 1242, 2, '01341000310001000512', 1, NULL, NULL),
(1210, 3, 1243, 2, '01020501840003650703', 1, NULL, NULL),
(1211, 4, 1244, 2, '01340379193791038638', 1, NULL, NULL),
(1212, 4, 1246, 2, '01341057700001000950', 1, NULL, NULL),
(1213, 4, 1245, 2, '01341099210003001790', 1, NULL, NULL),
(1214, 1, 1247, 2, '01140170871700157063', 1, NULL, NULL),
(1215, 5, 1250, 2, '01160450180024178322', 1, NULL, NULL),
(1216, 4, 1251, 2, '01340333393331008059', 1, NULL, NULL),
(1217, 4, 1249, 2, '01340330983301029739', 1, NULL, NULL),
(1218, 10, 1252, 2, '01750518130072315030', 1, NULL, NULL),
(1219, 2, 1252, 2, '01050191131191094197', 1, NULL, NULL),
(1220, 3, 1252, 2, '01020132210000156446', 1, NULL, NULL),
(1221, 10, 1254, 2, '01750315400070673086', 1, NULL, NULL),
(1222, 7, 1254, 2, '01080174500100062035', 1, NULL, NULL),
(1223, 4, 1255, 2, '01340038570381057326', 1, NULL, NULL),
(1224, 4, 1256, 2, '01340374153741027568', 1, NULL, NULL),
(1225, 5, 1257, 2, '01160413790015552497', 1, NULL, NULL),
(1226, 3, 1257, 2, '01020861110000058285', 1, NULL, NULL),
(1227, 6, 108, 2, '00004110186901731444', 1, NULL, NULL),
(1228, 4, 1258, 2, '01340556595561058549', 1, NULL, NULL),
(1229, 13, 1234, 2, '01740111481114161357', 1, NULL, NULL),
(1230, 2, 1260, 2, '01050034641034322494', 1, NULL, NULL),
(1231, 3, 1261, 2, '01020169100100031214', 1, NULL, NULL),
(1232, 4, 1262, 2, '01340124141241044065', 1, NULL, NULL),
(1233, 4, 1264, 1, '01340388143882072605', 1, NULL, NULL),
(1234, 4, 1265, 2, '01340008320081072582', 1, NULL, NULL),
(1235, 4, 1266, 2, '01341055150001001262', 1, NULL, NULL),
(1236, 4, 1267, 2, '01340367863671031440', 1, NULL, NULL),
(1237, 4, 1268, 2, '01340371683713018691', 1, NULL, NULL),
(1238, 16, 1269, 2, '01510103213000046313', 1, NULL, NULL),
(1239, 4, 1270, 2, '01340946390001042302', 1, NULL, NULL),
(1240, 4, 1271, 2, '01340380553801037608', 1, NULL, NULL),
(1241, 4, 1272, 2, '01340154381541010415', 1, NULL, NULL),
(1242, 6, 1273, 2, '01150118411004538720', 1, NULL, NULL),
(1243, 3, 1274, 1, '01020215910000482534', 1, NULL, NULL),
(1244, 4, 1275, 2, '01340381313811008078', 1, NULL, NULL),
(1245, 4, 1276, 2, '01340365103653020154', 1, NULL, NULL),
(1246, 7, 1277, 2, '01080282200100217192', 1, NULL, NULL),
(1247, 10, 1277, 2, '01750190990073175426', 1, NULL, NULL),
(1248, 4, 1278, 2, '01340361943611030670', 1, NULL, NULL),
(1249, 2, 1279, 1, '01050128817128085831', 1, NULL, NULL),
(1250, 2, 1280, 2, '01050256071256522813', 1, NULL, NULL),
(1251, 4, 1281, 2, '01341018610003000703', 1, NULL, NULL),
(1252, 7, 1282, 2, '01080049840100225953', 1, NULL, NULL),
(1253, 4, 1283, 2, '01340989769891001827', 1, NULL, NULL),
(1254, 4, 1284, 2, '01340367853673018810', 1, NULL, NULL),
(1255, 4, 1285, 2, '01340424164241031324', 1, NULL, NULL),
(1256, 4, 1286, 2, '01340946370001384155', 1, NULL, NULL),
(1257, 2, 1287, 1, '01050011760011499699', 1, NULL, NULL),
(1258, 4, 1288, 2, '01340120941202055849', 1, NULL, NULL),
(1259, 4, 1289, 2, '01340959589591000885', 1, NULL, NULL),
(1260, 4, 1290, 2, '01340335063351060109', 1, NULL, NULL),
(1261, 19, 108, 2, '00000554798011214884', 1, NULL, NULL),
(1262, 2, 1291, 2, '01050015081015342590', 1, NULL, NULL),
(1263, 9, 1292, 2, '01630225212253016228', 1, NULL, NULL),
(1264, 4, 1293, 2, '01340989779891003942', 1, NULL, NULL),
(1265, 4, 1294, 2, '01340389913891399941', 1, NULL, NULL),
(1266, 4, 1295, 2, '01340389993891399867', 1, NULL, NULL),
(1267, 4, 1295, 2, '01340389993891399867', 1, NULL, NULL),
(1268, 4, 1297, 2, '01341099210001000948', 1, NULL, NULL),
(1269, 4, 1298, 2, '01340424194243007432', 1, NULL, NULL),
(1270, 4, 1299, 2, '01340975769751004186', 1, NULL, NULL),
(1271, 4, 1299, 2, '01340975769751004186', 1, NULL, NULL),
(1272, 4, 1302, 2, '01340176481763012391', 1, NULL, NULL),
(1273, 10, 1304, 1, '01750164010060414234', 1, NULL, NULL),
(1274, 10, 1304, 1, '01750164010060414234', 1, NULL, NULL),
(1275, 3, 1305, 2, '01020726670000178123', 1, NULL, NULL),
(1276, 3, 1306, 2, '01020339230000498900', 1, NULL, NULL),
(1277, 3, 1307, 2, '01020329590000338251', 1, NULL, NULL),
(1278, 4, 1308, 2, '01340225662253098241', 1, NULL, NULL),
(1279, 6, 1311, 2, '01150017011000950700', 1, NULL, NULL),
(1280, 2, 1311, 2, '01050623951623022142', 1, NULL, NULL),
(1281, 3, 1312, 2, '01020769010000052346', 1, NULL, NULL),
(1282, 12, 1313, 2, '01040107160107002537', 1, NULL, NULL),
(1283, 4, 1314, 2, '01340365163651037864', 1, NULL, NULL),
(1284, 4, 1317, 1, '01340407114072177933', 1, NULL, NULL),
(1285, 4, 1318, 2, '01340026140261037066', 1, NULL, NULL),
(1286, 2, 1319, 2, '01050079621079623256', 1, NULL, NULL),
(1287, 16, 1319, 2, '01510102483000045502', 1, NULL, NULL),
(1288, 2, 1322, 2, '01050101641101122315', 1, NULL, NULL),
(1289, 4, 1059, 2, '01340946370001546642', 1, NULL, NULL),
(1290, 4, 1146, 2, '01340350363501043481', 1, NULL, NULL),
(1291, 2, 1323, 2, '01050079661079650261', 1, NULL, NULL),
(1292, 4, 1324, 2, '01340060110601043855', 1, NULL, NULL),
(1293, 4, 1326, 1, '01340390223901023329', 1, NULL, NULL),
(1294, 4, 1327, 2, '01340363583631305101', 1, NULL, NULL),
(1295, 4, 1328, 2, '01340224802242063700', 1, NULL, NULL),
(1296, 3, 1329, 1, '01020120900107465778', 1, NULL, NULL),
(1297, 4, 1331, 2, '01340365103651037846', 1, NULL, NULL),
(1298, 2, 1253, 1, '01050030350030322456', 1, NULL, NULL),
(1299, 4, 1336, 2, '01340016410161139297', 1, NULL, NULL),
(1300, 4, 1337, 2, '01340436414363012526', 1, NULL, NULL),
(1301, 9, 1338, 2, '01630205832053008614', 1, NULL, NULL),
(1302, 4, 1339, 2, '01340171381711063143', 1, NULL, NULL),
(1303, 7, 1340, 2, '01080021830100126006', 1, NULL, NULL),
(1304, 4, 1341, 1, '01340202722022096196', 1, NULL, NULL),
(1305, 4, 1343, 2, '01340033430331029702', 1, NULL, NULL),
(1306, 3, 1344, 2, '01020102140000115649', 1, NULL, NULL),
(1307, 4, 1345, 2, '01341010110001001677', 1, NULL, NULL),
(1308, 2, 1346, 2, '01050151281151014222', 1, NULL, NULL),
(1309, 4, 1347, 2, '01340095410953037986', 1, NULL, NULL),
(1310, 4, 1348, 2, '01340374123743011510', 1, NULL, NULL),
(1311, 4, 1349, 2, '01340015690151044697', 1, NULL, NULL),
(1312, 4, 1350, 2, '01340383013831036703', 1, NULL, NULL),
(1313, 4, 1351, 2, '01340359753593063541', 1, NULL, NULL),
(1314, 4, 1352, 2, '01340469164693028072', 1, NULL, NULL),
(1315, 11, 1325, 2, '01910153372100005349', 1, NULL, NULL),
(1316, 4, 1333, 2, '01340363563631282260', 1, NULL, NULL),
(1317, 4, 1335, 2, '01340339213391107382', 1, NULL, NULL),
(1318, 4, 667, 2, '01340401174011051222', 1, NULL, NULL),
(1319, 4, 1354, 2, '01340441164411013806', 1, NULL, NULL),
(1320, 2, 1355, 1, '01140159751590095369', 1, NULL, NULL),
(1321, 1, 1355, 1, '01140159751590095369', 1, NULL, NULL),
(1322, 4, 1356, 2, '01340346513461053321', 1, NULL, NULL),
(1323, 4, 1357, 2, '01340945519461729904', 1, NULL, NULL),
(1324, 1, 1358, 1, '01750573410072601445', 1, NULL, NULL),
(1325, 4, 1360, 2, '01340946310001320260', 1, NULL, NULL),
(1326, 4, 1361, 2, '01340994390001001692', 1, NULL, NULL),
(1327, 3, 1359, 1, '01020497670104979694', 1, NULL, NULL),
(1328, 4, 1362, 2, '01342122610001008823', 1, NULL, NULL),
(1329, 7, 1364, 2, '01080028530100001864', 1, NULL, NULL),
(1330, 4, 1365, 2, '01340225652253058024', 1, NULL, NULL),
(1331, 9, 1368, 2, '01630232532323007670', 1, NULL, NULL),
(1332, 4, 1372, 2, '01340435614351026153', 1, NULL, NULL),
(1333, 4, 1373, 2, '01340946320001371451', 1, NULL, NULL),
(1334, 4, 1368, 2, '01340371643711026893', 1, NULL, NULL),
(1335, 4, 1370, 2, '01340382153821035926', 1, NULL, NULL),
(1336, 4, 1370, 2, '01340382153821035926', 0, NULL, NULL),
(1337, 4, 1375, 2, '01340866188661036312', 1, NULL, NULL),
(1338, 11, 1376, 1, '01910142862100044579', 1, NULL, NULL),
(1339, 11, 1376, 1, '01910142862100044579', 1, NULL, NULL),
(1340, 4, 1377, 2, '01340005940051103517', 1, NULL, NULL),
(1341, 7, 1378, 2, '01080101010200291416', 1, NULL, NULL),
(1342, 4, 1379, 2, '01340342273423083230', 1, NULL, NULL),
(1343, 4, 1380, 2, '01340069580693042119', 1, NULL, NULL),
(1344, 4, 1381, 2, '01340796797963003506', 1, NULL, NULL),
(1345, 4, 1382, 2, '01340225642251098177', 1, NULL, NULL),
(1346, 11, 1384, 2, '01910181972100040779', 1, NULL, NULL),
(1347, 4, 1385, 2, '01340468264681056794', 1, NULL, NULL),
(1348, 4, 1386, 2, '01340946340001538325', 1, NULL, NULL),
(1349, 4, 1387, 2, '01341052620001009594', 1, NULL, NULL),
(1350, 3, 1388, 1, '01020189690100015089', 1, NULL, NULL),
(1351, 4, 1389, 1, '01340946370005040805', 1, NULL, NULL),
(1352, 4, 1390, 2, '01340945529461090432', 1, NULL, NULL),
(1353, 4, 1391, 2, '01340066130661045483', 1, NULL, NULL),
(1354, 4, 1392, 1, '01341010110002001063', 1, NULL, NULL),
(1355, 3, 1393, 2, '01020687170000058997', 1, NULL, NULL),
(1356, 4, 1396, 2, '01340945589461644516', 1, NULL, NULL),
(1357, 2, 1397, 2, '01050035401035496216', 1, NULL, NULL),
(1358, 4, 1398, 2, '01340866198661568926', 1, NULL, NULL),
(1359, 4, 1399, 2, '01340370813703014967', 1, NULL, NULL),
(1360, 4, 1400, 2, '01340387243871052533', 1, NULL, NULL),
(1361, 4, 1401, 2, '01340346503461045625', 1, NULL, NULL),
(1362, 4, 1402, 2, '01340005950051104397', 1, NULL, NULL),
(1363, 7, 1404, 2, '01082425750100100816', 1, NULL, NULL),
(1364, 4, 1405, 2, '01340343133431040854', 1, NULL, NULL),
(1365, 4, 1406, 2, '01340343103431042476', 1, NULL, NULL),
(1366, 4, 1407, 2, '01340307453073087609', 1, NULL, NULL),
(1367, 3, 1408, 1, '01020245130100019751', 1, NULL, NULL),
(1368, 4, 1409, 2, '01340206062063030930', 1, NULL, NULL),
(1369, 4, 1410, 2, '01340361963611029291', 1, NULL, NULL),
(1370, 4, 1411, 2, '01340044010441051606', 1, NULL, NULL),
(1371, 20, 1412, 2, '01080252140100143896', 1, NULL, NULL),
(1372, 4, 1413, 2, '01340350363501043318', 1, NULL, NULL),
(1373, 4, 1414, 2, '01340070910701032671', 1, NULL, NULL),
(1374, 4, 1414, 2, '01340070910701032671', 1, NULL, NULL),
(1375, 4, 1415, 2, '01340720797202077159', 1, NULL, NULL),
(1376, 4, 1416, 2, '01340946340001523095', 1, NULL, NULL),
(1377, 4, 1417, 2, '01340335053351059809', 1, NULL, NULL),
(1378, 4, 1418, 2, '01340387253871052538', 1, NULL, NULL),
(1379, 12, 1419, 2, '01040035050350020985', 1, NULL, NULL),
(1380, 4, 1420, 2, '01340056300561046149', 1, NULL, NULL),
(1381, 2, 1421, 2, '01050108361108360963', 1, NULL, NULL),
(1382, 4, 1422, 2, '01340467434673020416', 1, NULL, NULL),
(1383, 4, 1423, 2, '01340710077103022128', 1, NULL, NULL),
(1384, 4, 1424, 2, '01340384883841023381', 1, NULL, NULL),
(1385, 6, 1426, 2, '01150049811002403391', 1, NULL, NULL),
(1386, 4, 1425, 2, '01340374153741035461', 0, NULL, NULL),
(1387, 4, 1427, 2, '01340412764121022541', 1, NULL, NULL),
(1388, 7, 1428, 2, '01080050110100093726', 1, NULL, NULL),
(1389, 4, 1429, 2, '01340945509461705667', 1, NULL, NULL),
(1390, 4, 1430, 2, '01340147171473080331', 1, NULL, NULL),
(1391, 4, 1431, 2, '01340555775551050581', 1, NULL, NULL),
(1392, 4, 1432, 1, '01340154391543036419', 1, NULL, NULL),
(1393, 2, 1433, 2, '01050118151118809513', 1, NULL, NULL),
(1394, 5, 1434, 2, '01160179170015227944', 1, NULL, NULL),
(1395, 12, 1435, 2, '01040062700620107964', 1, NULL, NULL),
(1396, 7, 1436, 2, '01080051001500007537', 1, NULL, NULL),
(1397, 10, 1437, 1, '01750677360075952070', 1, NULL, NULL),
(1398, 4, 1439, 1, '01340033450333068222', 1, NULL, NULL),
(1399, 4, 1440, 2, '01340946380001455040', 1, NULL, NULL),
(1400, 4, 1441, 2, '01341095010001020621', 1, NULL, NULL),
(1401, 4, 1442, 2, '01340036900363030319', 1, NULL, NULL),
(1402, 13, 1443, 2, '01740113111134211182', 1, NULL, NULL),
(1403, 1, 1444, 2, '01140152071520129606', 1, NULL, NULL),
(1404, 4, 1445, 1, '01340372483722139045', 1, NULL, NULL),
(1405, 7, 1446, 2, '01080011130100069660', 1, NULL, NULL),
(1406, 4, 1447, 2, '01340033480331028277', 1, NULL, NULL),
(1407, 3, 1448, 1, '01020399670109660670', 1, NULL, NULL),
(1408, 3, 1449, 1, '01020215960100160879', 1, NULL, NULL),
(1409, 4, 1451, 2, '01340416094162146514', 1, NULL, NULL),
(1410, 4, 1451, 1, '01340416094162146514', 1, NULL, NULL),
(1411, 4, 1452, 2, '01340190041903012451', 1, NULL, NULL),
(1412, 2, 1453, 2, '01050623931623046491', 1, NULL, NULL),
(1413, 4, 1454, 2, '01340142021423039377', 1, NULL, NULL),
(1414, 4, 1455, 2, '01341022430001004667', 1, NULL, NULL),
(1415, 3, 1456, 1, '01020215960100160879', 1, NULL, NULL),
(1416, 3, 1459, 1, '01020399670109659535', 1, NULL, NULL),
(1417, 4, 1460, 2, '01340033440331028802', 1, NULL, NULL),
(1418, 4, 1461, 2, '01340586705861033335', 1, NULL, NULL),
(1419, 3, 612, 2, '01020245110000145363', 1, NULL, NULL),
(1420, 3, 1463, 1, '01020116170107346545', 1, NULL, NULL),
(1421, 4, 1464, 2, '01340945579461365060', 1, NULL, NULL),
(1422, 4, 1466, 2, '01340866168662026685', 1, NULL, NULL),
(1423, 2, 1467, 2, '01050017661017624542', 1, NULL, NULL),
(1424, 4, 1468, 2, '01340351153511036282', 1, NULL, NULL),
(1425, 4, 1469, 2, '01340335063351060742', 1, NULL, NULL),
(1426, 7, 1470, 2, '01080950950100023585', 1, NULL, NULL),
(1427, 11, 1471, 1, '01910147931100009864', 1, NULL, NULL),
(1428, 11, 1472, 2, '01910146141100040401', 1, NULL, NULL),
(1429, 4, 1473, 2, '01340420874203019785', 1, NULL, NULL),
(1430, 12, 335, 2, '01040018020180078142', 1, NULL, NULL),
(1431, 4, 1474, 2, '01340060180601042935', 1, NULL, NULL),
(1432, 10, 1475, 2, '01750117800071224631', 1, NULL, NULL),
(1433, 4, 1476, 2, '01340443714431022519', 1, NULL, NULL),
(1434, 4, 1477, 2, '01340142021421449406', 1, NULL, NULL),
(1435, 4, 1478, 2, '01340066100661047379', 1, NULL, NULL),
(1436, 4, 1479, 1, '01340038530381057717', 1, NULL, NULL),
(1437, 4, 1480, 2, '01340946350001389437', 1, NULL, NULL),
(1438, 4, 1481, 2, '01340018110183067249', 1, NULL, NULL),
(1439, 11, 1482, 2, '01910034161034013431', 1, NULL, NULL),
(1440, 4, 1483, 2, '01340008340081086013', 1, NULL, NULL),
(1441, 4, 1484, 2, '01340866180001184231', 1, NULL, NULL),
(1442, 4, 1486, 2, '01340986219861003044', 1, NULL, NULL),
(1443, 4, 1485, 2, '01340467414673026341', 1, NULL, NULL),
(1444, 4, 1487, 2, '01340120911203032001', 1, NULL, NULL),
(1445, 4, 1488, 1, '01340382123823030684', 1, NULL, NULL),
(1446, 4, 1489, 1, '01340382123823030684', 1, NULL, NULL),
(1447, 2, 1490, 1, '01050699960699238862', 1, NULL, NULL),
(1448, 2, 1490, 1, '01050699960699238862', 1, NULL, NULL),
(1449, 2, 758, 1, '01050013340013821733', 1, NULL, NULL),
(1450, 4, 1491, 2, '01340710017101038751', 1, NULL, NULL),
(1451, 1, 1492, 2, '01140186481869011149', 1, NULL, NULL),
(1452, 7, 1493, 2, '01080003020100259911', 1, NULL, NULL),
(1453, 7, 1494, 2, '01080022670100166577', 1, NULL, NULL),
(1454, 2, 1495, 2, '01050112191112098895', 1, NULL, NULL),
(1455, 1, 1496, 2, '01140165131659049720', 1, NULL, NULL),
(1456, 4, 1497, 2, '01340946320001169208', 1, NULL, NULL),
(1457, 4, 1500, 2, '01340714217143003590', 1, NULL, NULL),
(1458, 4, 1501, 2, '01340372413721032088', 1, NULL, NULL),
(1459, 4, 1502, 2, '01340225622253097500', 1, NULL, NULL),
(1460, 4, 1499, 2, '01340423204233010028', 1, NULL, NULL),
(1461, 3, 1503, 2, '01020466680000068194', 1, NULL, NULL),
(1462, 4, 1504, 1, '01340946330001415374', 1, NULL, NULL),
(1463, 9, 1505, 2, '01630227972273007057', 1, NULL, NULL),
(1464, 3, 1506, 2, '01020140300000022596', 1, NULL, NULL),
(1465, 3, 1507, 1, '01020438180100083595', 1, NULL, NULL),
(1466, 3, 1508, 2, '01020121710000225539', 1, NULL, NULL),
(1468, 7, 1509, 2, '01080954170100120833', 1, NULL, NULL),
(1469, 4, 1510, 2, '01340409764091040287', 1, NULL, NULL),
(1470, 4, 1511, 2, '01340376743761054653', 1, NULL, NULL),
(1471, 5, 1514, 2, '01160037940009504427', 1, NULL, NULL),
(1472, 4, 1515, 1, '01341090930002000100', 1, NULL, NULL),
(1473, 3, 1515, 1, '01020876960100006385', 1, NULL, NULL),
(1474, 5, 1516, 2, '01160101480017538289', 1, NULL, NULL),
(1475, 4, 1517, 2, '01340027070271041996', 1, NULL, NULL),
(1476, 2, 1518, 2, '01050037151037398335', 1, NULL, NULL),
(1477, 2, 1425, 2, '01050750281750037270', 1, NULL, NULL),
(1478, 4, 1519, 2, '01340053970531052376', 1, NULL, NULL),
(1479, 4, 1520, 2, '01340193441931078182', 1, NULL, NULL),
(1480, 4, 1520, 2, '01340193441931078182', 1, NULL, NULL),
(1481, 4, 1522, 1, '01342009220001000189', 1, NULL, NULL),
(1482, 3, 1523, 2, '01020685510000068068', 1, NULL, NULL),
(1483, 18, 1524, 2, '01570064513764007096', 1, NULL, NULL),
(1484, 4, 1526, 2, '01340945549461404112', 1, NULL, NULL),
(1485, 4, 1525, 2, '01340370823701027655', 1, NULL, NULL),
(1486, 19, 1527, 2, '01380021940210054735', 1, NULL, NULL),
(1487, 3, 1528, 2, '01020148980100038339', 1, NULL, NULL),
(1488, 4, 1529, 2, '01341057720003001423', 1, NULL, NULL),
(1489, 4, 1530, 2, '01340367813673019452', 1, NULL, NULL),
(1490, 4, 1512, 2, '01340056360563047883', 1, NULL, NULL),
(1491, 4, 1532, 2, '01340350353501043294', 1, NULL, NULL),
(1492, 4, 937, 2, '01340031840311155224', 1, NULL, NULL),
(1493, 4, 1535, 2, '01340351123511044151', 1, NULL, NULL),
(1494, 6, 1535, 2, '01150024201004996314', 1, NULL, NULL),
(1495, 4, 1534, 2, '01340345713453051623', 1, NULL, NULL),
(1496, 4, 1536, 2, '01340251592513109531', 1, NULL, NULL),
(1497, 12, 1537, 2, '01040043120430000470', 1, NULL, NULL),
(1498, 7, 1537, 2, '01080038200100000560', 1, NULL, NULL),
(1499, 2, 1538, 2, '01050242041242033157', 1, NULL, NULL),
(1500, 10, 1539, 2, '01750373110076438249', 1, NULL, NULL),
(1501, 4, 1540, 2, '01340353843531018795', 1, NULL, NULL),
(1502, 4, 1541, 2, '01340202742021033633', 1, NULL, NULL),
(1503, 11, 1542, 2, '01910010362110000559', 0, NULL, NULL),
(1504, 11, 1542, 2, '01910010362110005059', 1, NULL, NULL),
(1505, 7, 1543, 2, '01080038240100071603', 1, NULL, NULL),
(1506, 2, 1544, 2, '01050739190739035614', 0, NULL, NULL),
(1507, 2, 1544, 1, '01050739190739035614', 1, NULL, NULL),
(1508, 3, 1545, 1, '01020148940100035914', 1, NULL, NULL),
(1509, 3, 1546, 2, '01020734740000119904', 1, NULL, NULL),
(1510, 4, 1547, 2, '01340132221323030033', 1, NULL, NULL),
(1511, 4, 1548, 2, '01340946300001501478', 1, NULL, NULL),
(1512, 7, 1549, 2, '01080001320100203427', 1, NULL, NULL),
(1513, 2, 1550, 2, '01050096681096241811', 1, NULL, NULL),
(1514, 4, 1551, 2, '01341010170001000203', 1, NULL, NULL),
(1515, 4, 1552, 2, '01340220552201025357', 1, NULL, NULL),
(1516, 2, 1552, 1, '01050060590060403691', 1, NULL, NULL),
(1517, 5, 1552, 2, '01160134160008857407', 1, NULL, NULL),
(1518, 4, 1553, 2, '01340008310083004894', 1, NULL, NULL),
(1519, 4, 1554, 1, '01340193411932108301', 1, NULL, NULL),
(1520, 4, 1555, 2, '01340056380561010382', 1, NULL, NULL),
(1521, 2, 1557, 2, '01050018401018538798', 1, NULL, NULL),
(1522, 10, 1556, 2, '01750333280074943363', 1, NULL, NULL),
(1523, 4, 1558, 2, '01340387263871000947', 1, NULL, NULL),
(1524, 4, 1559, 1, '01341080170003001143', 1, NULL, NULL),
(1525, 4, 1560, 2, '01340469134693027062', 1, NULL, NULL),
(1526, 4, 1561, 2, '01340467414671097445', 1, NULL, NULL),
(1527, 4, 1562, 2, '01340225642253096555', 1, NULL, NULL),
(1528, 4, 1563, 2, '01340027090271041558', 1, NULL, NULL),
(1529, 4, 23, 2, '01340350323501043466', 1, NULL, NULL),
(1530, 2, 1564, 2, '01050611501611078024', 1, NULL, NULL),
(1531, 4, 1565, 2, '01340060110602325539', 1, NULL, NULL),
(1532, 3, 1566, 2, '01020857240000201980', 1, NULL, NULL),
(1533, 7, 1567, 2, '01080001350100002049', 1, NULL, NULL),
(1534, 4, 1569, 2, '01340329543291030261', 1, NULL, NULL),
(1535, 4, 1567, 2, '01340192681921044027', 1, NULL, NULL),
(1536, 4, 1568, 2, '01340008350083308683', 1, NULL, NULL),
(1537, 3, 1570, 2, '01020115210000367840', 1, NULL, NULL),
(1538, 7, 1571, 2, '01080112570100128097', 1, NULL, NULL),
(1539, 4, 1573, 2, '01340125021251008704', 1, NULL, NULL),
(1540, 4, 1572, 2, '01340035170351072534', 1, NULL, NULL),
(1541, 2, 1574, 1, '01050119910119466848', 1, NULL, NULL),
(1542, 2, 1575, 2, '01050119931119170478', 1, NULL, NULL),
(1543, 4, 1576, 2, '01340060170601042796', 1, NULL, NULL),
(1544, 4, 1577, 2, '01340452644521007619', 1, NULL, NULL),
(1545, 4, 1578, 2, '01340450044501024689', 1, NULL, NULL),
(1546, 2, 1579, 2, '01050120201120121345', 1, NULL, NULL),
(1547, 4, 1580, 2, '01340945539461602259', 1, NULL, NULL),
(1548, 4, 1582, 2, '01341022420001002927', 1, NULL, NULL),
(1549, 4, 1581, 1, '01340060110601042978', 1, NULL, NULL),
(1550, 4, 1579, 2, '01340319803193053449', 1, NULL, NULL),
(1551, 4, 1583, 2, '01340461554611019324', 1, NULL, NULL),
(1552, 2, 175, 2, '01050080081080508228', 1, NULL, NULL),
(1553, 4, 1584, 2, '01340288432883016068', 1, NULL, NULL),
(1554, 4, 1585, 2, '01340946390001268680', 1, NULL, NULL),
(1555, 20, 1586, 2, '01710025436001774505', 1, NULL, NULL),
(1556, 3, 1587, 2, '01020378350000148357', 1, NULL, NULL),
(1557, 11, 1588, 1, '01910020171020036309', 1, NULL, NULL),
(1558, 10, 1589, 1, '01750347240061720680', 1, NULL, NULL),
(1559, 4, 1590, 2, '01340154321541018521', 1, NULL, NULL),
(1560, 4, 1591, 1, '01340378313782057234', 1, NULL, NULL),
(1561, 3, 1592, 1, '01020339270104356857', 1, NULL, NULL),
(1562, 4, 1593, 2, '01341085210003001108', 1, NULL, NULL),
(1563, 4, 1594, 2, '01340946390001482259', 1, NULL, NULL),
(1564, 2, 1595, 2, '01050078861078258449', 1, NULL, NULL),
(1565, 4, 1596, 2, '01341099260003001034', 0, NULL, NULL),
(1566, 4, 1596, 2, '01341099260003001034', 1, NULL, NULL),
(1567, 4, 1597, 2, '01340335013351051530', 1, NULL, NULL),
(1568, 4, 1598, 2, '01340467414671094559', 1, NULL, NULL),
(1569, 4, 1602, 2, '01340946390001524350', 1, NULL, NULL),
(1570, 4, 1603, 2, '01340054790543000582', 1, NULL, NULL),
(1571, 2, 1604, 2, '01050230671230094369', 1, NULL, NULL),
(1572, 4, 1605, 2, '01340127631271056729', 1, NULL, NULL),
(1573, 4, 1606, 2, '01340315573153012341', 1, NULL, NULL),
(1574, 2, 1607, 1, '01050011700011436115', 1, NULL, NULL),
(1575, 4, 1608, 2, '01340361963611029825', 1, NULL, NULL),
(1576, 4, 1609, 2, '01340335073351059081', 1, NULL, NULL),
(1577, 4, 1610, 2, '01340946330001108304', 1, NULL, NULL),
(1578, 4, 1611, 2, '01340332513321061230', 1, NULL, NULL),
(1579, 4, 1612, 2, '01340176461761020401', 1, NULL, NULL),
(1580, 4, 1613, 2, '01340225612253095805', 1, NULL, NULL),
(1581, 2, 1614, 1, '01050654910654071403', 1, NULL, NULL),
(1582, 4, 1615, 2, '01340129271291139142', 1, NULL, NULL),
(1583, 4, 1617, 2, '01340335063351060742', 1, NULL, NULL),
(1584, 4, 1618, 2, '01020515810000343301', 1, NULL, NULL),
(1585, 3, 1619, 2, '01020335010000056203', 1, NULL, NULL),
(1586, 7, 1620, 2, '01080021870100171265', 1, NULL, NULL),
(1587, 4, 1622, 2, '01340984680001004727', 1, NULL, NULL),
(1588, 4, 1626, 2, '01340389903891067452', 1, NULL, NULL),
(1589, 4, 1627, 2, '01340804118043012348', 1, NULL, NULL),
(1590, 4, 1630, 2, '01340473974731033211', 1, NULL, NULL),
(1591, 4, 1631, 2, '01340060100601044294', 1, NULL, NULL),
(1592, 1, 1632, 2, '01140156291560055818', 1, NULL, NULL),
(1593, 4, 1633, 2, '01340001690011179883', 1, NULL, NULL),
(1594, 4, 1634, 2, '01340359973591017607', 1, NULL, NULL),
(1595, 4, 1635, 2, '01340147141473068075', 1, NULL, NULL),
(1596, 4, 1637, 2, '01340467414671096433', 1, NULL, NULL),
(1597, 1, 1638, 2, '01140208932080033926', 1, NULL, NULL),
(1598, 4, 1639, 2, '01340419494191038481', 1, NULL, NULL),
(1599, 4, 1640, 2, '01340414394143014123', 1, NULL, NULL),
(1600, 4, 1641, 2, '01340414364143013046', 1, NULL, NULL),
(1601, 4, 1642, 2, '01340202712021036350', 1, NULL, NULL),
(1602, 7, 1643, 2, '01080051090100369786', 1, NULL, NULL),
(1603, 4, 1644, 2, '01340452614521021989', 1, NULL, NULL),
(1604, 12, 1645, 2, '01040135610135038830', 1, NULL, NULL),
(1605, 4, 1646, 2, '01340066160661043142', 1, NULL, NULL),
(1606, 4, 1647, 2, '01340035130351053291', 1, NULL, NULL),
(1607, 4, 1648, 2, '01340363513631295966', 1, NULL, NULL),
(1608, 4, 1648, 2, '01340363513631295966', 1, NULL, NULL),
(1609, 4, 1649, 2, '01340202722021036887', 1, NULL, NULL),
(1610, 4, 1650, 2, '01340059870591002554', 1, NULL, NULL),
(1611, 4, 1651, 2, '01340345723451014136', 1, NULL, NULL),
(1613, 4, 1654, 2, '01340434874341017687', 1, NULL, NULL),
(1614, 4, 1655, 2, '01340363513631305385', 1, NULL, NULL),
(1615, 4, 1656, 2, '01340363513632080246', 1, NULL, NULL),
(1616, 4, 1657, 2, '01340874258741008713', 1, NULL, NULL),
(1617, 4, 1658, 2, '01340867018673004830', 1, NULL, NULL),
(1618, 4, 1659, 2, '01340388103881056157', 1, NULL, NULL),
(1619, 2, 1660, 2, '01050061371061373169', 1, NULL, NULL),
(1620, 4, 1661, 2, '01340880768801000127', 1, NULL, NULL),
(1621, 4, 1662, 2, '01340945519461423866', 1, NULL, NULL),
(1622, 4, 1664, 2, '01340032630323069032', 1, NULL, NULL),
(1623, 4, 1664, 2, '01340032630323069032', 1, NULL, NULL),
(1624, 4, 1664, 2, '01340032630323069032', 1, NULL, NULL),
(1625, 2, 1665, 2, '01050284561284023699', 1, NULL, NULL),
(1626, 4, 1666, 2, '01340743657433001785', 1, NULL, NULL),
(1627, 4, 1667, 2, '01050112181112114327', 1, NULL, NULL),
(1628, 2, 1667, 2, '01050112181112114327', 1, NULL, NULL),
(1629, 2, 1668, 2, '01050694891694009041', 1, NULL, NULL),
(1630, 2, 1669, 2, '01050060561060326108', 1, NULL, NULL),
(1631, 2, 1671, 2, '01050119971119022649', 1, NULL, NULL),
(1632, 4, 1672, 2, '01340131411311048395', 1, NULL, NULL),
(1633, 16, 1673, 2, '01510009503000500916', 1, NULL, NULL),
(1634, 4, 1674, 2, '01340874238743006152', 1, NULL, NULL),
(1635, 2, 1675, 2, '01050100801100152237', 1, NULL, NULL),
(1636, 4, 1676, 2, '01340419444191035432', 1, NULL, NULL),
(1637, 4, 1678, 2, '01340122551221013340', 1, NULL, NULL),
(1638, 4, 1679, 2, '01341095080001018533', 1, NULL, NULL),
(1639, 4, 1680, 1, '01340145491452116533', 1, NULL, NULL),
(1640, 4, 1681, 2, '01340866160001217374', 1, NULL, NULL),
(1641, 2, 1682, 2, '01050060571060083973', 1, NULL, NULL),
(1642, 4, 1685, 2, '01340382133821037905', 1, NULL, NULL),
(1643, 4, 1686, 2, '01340946340001423904', 1, NULL, NULL),
(1644, 4, 1687, 2, '01340276152761019115', 1, NULL, NULL),
(1645, 4, 1688, 2, '01340386453861056782', 1, NULL, NULL),
(1646, 4, 1689, 2, '01340069510691044669', 1, NULL, NULL),
(1647, 4, 1690, 2, '01340419494191031269', 1, NULL, NULL),
(1648, 4, 1691, 2, '01340467434671100513', 1, NULL, NULL),
(1649, 4, 1692, 2, '01340106311061021570', 1, NULL, NULL),
(1650, 4, 1693, 2, '01340145461451074246', 1, NULL, NULL),
(1651, 4, 1694, 2, '01340419404191038231', 1, NULL, NULL),
(1652, 4, 1695, 2, '01340059840593034704', 1, NULL, NULL),
(1653, 4, 1697, 2, '01340946340001513327', 1, NULL, NULL),
(1654, 4, 1698, 2, '01340945519461606989', 1, NULL, NULL),
(1655, 4, 1699, 2, '01340452664521025018', 1, NULL, NULL),
(1656, 4, 1700, 2, '01340437284371025896', 1, NULL, NULL),
(1657, 7, 1701, 1, '01080043990100104533', 1, NULL, NULL),
(1658, 4, 1702, 2, '01340154391541007652', 1, NULL, NULL),
(1659, 4, 1703, 2, '01340330923301038445', 1, NULL, NULL),
(1660, 4, 1704, 2, '01340026100261034423', 1, NULL, NULL),
(1661, 4, 1705, 2, '01340035150353074539', 1, NULL, NULL),
(1662, 4, 1706, 2, '01340134961341036448', 1, NULL, NULL),
(1663, 4, 1707, 2, '01340342223421028825', 1, NULL, NULL),
(1664, 4, 1708, 2, '01340354683543016704', 1, NULL, NULL),
(1665, 4, 1709, 2, '01340866190001067885', 1, NULL, NULL),
(1666, 4, 1710, 2, '01340354663541014617', 1, NULL, NULL),
(1667, 4, 1711, 2, '01340278742781014802', 1, NULL, NULL),
(1668, 4, 1712, 2, '01340374113741033857', 1, NULL, NULL),
(1669, 4, 1713, 2, '01340026180263094751', 1, NULL, NULL),
(1670, 5, 1714, 2, '01160051430009900012', 1, NULL, NULL),
(1671, 4, 1715, 2, '01340331713311075182', 1, NULL, NULL),
(1672, 4, 1716, 2, '01340343163431025891', 1, NULL, NULL),
(1673, 5, 1718, 2, '01160173110014759624', 1, NULL, NULL),
(1674, 7, 1719, 2, '01080057840100229979', 1, NULL, NULL),
(1675, 4, 1720, 2, '01340389923891058224', 1, NULL, NULL),
(1676, 4, 1721, 2, '01340384863841027576', 1, NULL, NULL),
(1677, 4, 1722, 2, '01340319863191099207', 1, NULL, NULL),
(1678, 4, 1723, 2, '01340359743591058707', 1, NULL, NULL),
(1679, 4, 1724, 2, '01340225622253096573', 1, NULL, NULL),
(1680, 4, 1725, 2, '01340215932151053054', 1, NULL, NULL),
(1681, 4, 1726, 2, '01341089520001004146', 1, NULL, NULL),
(1682, 4, 1727, 2, '01340385613851036929', 1, NULL, NULL),
(1683, 7, 1728, 2, '01082427310100045190', 1, NULL, NULL),
(1684, 4, 1729, 2, '01340095480951045535', 1, NULL, NULL),
(1685, 4, 1730, 2, '01340144641443144373', 1, NULL, NULL),
(1686, 4, 1731, 2, '01340464044641022205', 1, NULL, NULL),
(1687, 4, 1732, 2, '01340946340001529804', 1, NULL, NULL),
(1688, 4, 1733, 2, '01340428384281027617', 1, NULL, NULL),
(1689, 4, 1734, 2, '01340946320001511756', 1, NULL, NULL),
(1690, 4, 1735, 2, '01340187091873062622', 1, NULL, NULL),
(1691, 4, 1736, 2, '01340467404671084980', 1, NULL, NULL),
(1692, 4, 1737, 2, '01340335003353028626', 1, NULL, NULL),
(1693, 3, 1738, 2, '01020655390000064457', 1, NULL, NULL),
(1694, 3, 448, 2, '01020229980000125875', 1, NULL, NULL),
(1695, 4, 1739, 2, '01340376793761056522', 1, NULL, NULL),
(1696, 3, 1740, 2, '01020140370000180690', 1, NULL, NULL),
(1697, 4, 1741, 2, '01340382103821033940', 1, NULL, NULL),
(1698, 3, 1742, 1, '01020501800109355360', 1, NULL, NULL),
(1699, 4, 1743, 2, '01340366073661289219', 1, NULL, NULL),
(1700, 12, 1745, 2, '01040011290111315736', 1, NULL, NULL),
(1701, 4, 1747, 2, '01340946310001507960', 1, NULL, NULL),
(1702, 4, 1748, 2, '01340027020271043565', 1, NULL, NULL),
(1703, 4, 1749, 2, '01340072530721027902', 1, NULL, NULL),
(1704, 4, 1750, 2, '01340332513321060238', 1, NULL, NULL),
(1705, 4, 1752, 2, '01340036940361002253', 1, NULL, NULL),
(1706, 4, 1753, 2, '01340345733451041036', 1, NULL, NULL),
(1707, 4, 1749, 2, '01340072530721027902', 1, NULL, NULL),
(1708, 2, 1756, 2, '01050080041080509771', 1, NULL, NULL),
(1709, 3, 1619, 1, '01150010291003744152', 1, NULL, NULL),
(1710, 6, 1619, 2, '01150010291003744152', 1, NULL, NULL),
(1711, 4, 1757, 2, '01340866198661111632', 1, NULL, NULL),
(1712, 4, 1760, 2, '01341104260001007378', 1, NULL, NULL),
(1713, 4, 1761, 2, '01020501860009828678', 1, NULL, NULL),
(1714, 4, 1762, 2, '01340067900671031555', 1, NULL, NULL),
(1715, 4, 1765, 2, '01340213222133012314', 1, NULL, NULL),
(1716, 4, 1771, 2, '01340936689361014748', 1, NULL, NULL),
(1717, 3, 1775, 2, '01020435610000881575', 1, NULL, NULL),
(1718, 3, 1775, 2, '01020435610000881575', 1, NULL, NULL),
(1719, 19, 1777, 2, '01380011160110209699', 1, NULL, NULL),
(1720, 4, 1773, 2, '01340310423103016958', 1, NULL, NULL),
(1721, 4, 1779, 2, '01340278772781022582', 1, NULL, NULL),
(1722, 4, 1601, 2, '01340066190661042580', 1, NULL, NULL),
(1723, 4, 1332, 2, '01340350353501043389', 1, NULL, NULL),
(1724, 4, 1785, 2, '01340474714741028007', 1, NULL, NULL),
(1725, 4, 1783, 2, '01340371653711037559', 1, NULL, NULL),
(1726, 4, 1790, 2, '01340027030271043668', 1, NULL, NULL),
(1727, 4, 1784, 2, '01340107111071018511', 1, NULL, NULL),
(1728, 4, 1768, 2, '01340015620153101801', 1, NULL, NULL),
(1729, 6, 1623, 2, '01150020031001155628', 1, NULL, NULL),
(1730, 4, 1789, 2, '01340946380001539424', 1, NULL, NULL),
(1731, 7, 1794, 2, '01080177030100032906', 1, NULL, NULL),
(1732, 4, 1795, 2, '01340407154071035483', 1, NULL, NULL);

-- --------------------------------------------------------

--
-- Estructura de tabla para la tabla `cliente`
--

CREATE TABLE `cliente` (
  `id` bigint(20) UNSIGNED NOT NULL,
  `cliente_codigo` varchar(25) COLLATE utf8mb4_unicode_ci NOT NULL,
  `cliente_rif` varchar(50) COLLATE utf8mb4_unicode_ci NOT NULL,
  `cliente_nombre` varchar(100) COLLATE utf8mb4_unicode_ci NOT NULL,
  `cliente_telefono` varchar(50) COLLATE utf8mb4_unicode_ci NOT NULL,
  `cliente_direccion` varchar(250) COLLATE utf8mb4_unicode_ci NOT NULL,
  `cliente_correo` varchar(100) COLLATE utf8mb4_unicode_ci DEFAULT NULL,
  `cliente_estado` tinyint(4) NOT NULL,
  `created_at` timestamp NULL DEFAULT NULL,
  `updated_at` timestamp NULL DEFAULT NULL
) ENGINE=InnoDB DEFAULT CHARSET=utf8mb4 COLLATE=utf8mb4_unicode_ci;

--
-- Volcado de datos para la tabla `cliente`
--

INSERT INTO `cliente` (`id`, `cliente_codigo`, `cliente_rif`, `cliente_nombre`, `cliente_telefono`, `cliente_direccion`, `cliente_correo`, `cliente_estado`, `created_at`, `updated_at`) VALUES
(1, 'CLI-1', 'N/A', 'Cargill de Venezuela', '8704620', 'Catia', NULL, 1, NULL, NULL),
(2, 'CLI-2', '0123', 'Huawei', '0123', 'Altamira', NULL, 1, NULL, NULL),
(3, 'CLI-3', '012345', 'ZTE', '0200', 'Plaza Venezuela', NULL, 1, NULL, NULL),
(4, 'CLI-4', 'J-30468971-3', 'Digitel', '012345', '012345', NULL, 1, NULL, NULL),
(5, 'CLI-5', '1234567890', 'Movistar', '12345', 'N/A', NULL, 1, NULL, NULL),
(6, 'CLI-6', '123', 'EDC Network', '123', '123', NULL, 1, NULL, NULL),
(7, 'CLI-7', '000', 'SIAE', '000', 'N/A', NULL, 1, NULL, NULL),
(8, 'CLI-8', '01234', 'Movilnet', '01234', 'Varias', NULL, 1, NULL, NULL),
(9, 'CLI-9', 'J-001241345', 'CANTV', '0212', 'Santa Rosa', NULL, 1, NULL, NULL),
(10, 'CLI-10', 'J-401516939', 'FIBRATERRA 1911, C.A.', '0212-2670035', 'AV FRANCISCO MIRANDA MULT EMP DEL ESTE  NUCLEO MIRANDA  TORRE A PISO 13 OFCI 132', 'adiaz@fibraterra.com', 1, NULL, NULL),
(11, 'CLI-11', 'J-00042000-9', 'Clover Internacional, C.A', '0212-9031300', 'Av. Luis de Camoens. Centro Clover, Piso 3. Zona Industrial La Trinidad', NULL, 1, NULL, NULL),
(13, 'CLI-13', 'J-301083350', 'NETUNO, C.A', '0212-7720250', 'CALLE 7 URB LA URBINA EDF INSENICA II PISO 2', NULL, 1, NULL, NULL),
(14, 'CLI-14', 'J-30240664-1', 'Corporacion Telemic C.A (INTER))', '0251-3355250 3355089', 'Avenida Los Leones con Calle Caroní Centro Empresarial Caracas piso 3 Barquisimeto Edo Lara', 'sergio.hoyle@inter.com.ve', 1, NULL, NULL),
(15, 'CLI-15', 'J315999595', 'GASTOS COMERCIALES', '0212-2679013', 'CARACAS', NULL, 1, NULL, NULL),
(16, 'CLI-16', 'J3159995951', 'PRESUPUESTO', '0212-2679013', 'CHACAO', NULL, 1, NULL, NULL),
(17, 'CLI-17', 'J302768365', 'Santa Barbara Airlines, C.A.', '02122044485', 'Calle 72 con Avenida 10 Edif. OK-101 piso PB Local N° 1 Sector San Benito, Maracaibo Edo. Zulia Zona Postal 4002', 'yaquelin.lorz@sbairlines.com', 1, NULL, NULL),
(18, 'CLI-18', 'J302597005', 'GALAXY ENTERTAINMENT DE VENEZUELA', '04242897841', 'AV VENEZUELA ENTRE CALLE MOHEDANO ROSAL', NULL, 1, NULL, NULL),
(19, 'CLI-19', 'J402997655', 'CONSORCIO ESTRUCTURAS METALICAS MODERNAS', '02122679013', 'AV FRANCISCO DE MIRANDA EDIF CENTRO GALIPAN  TORRE B PISO 4 URB EL ROSAL', 'osantiago@fgdc.co', 1, NULL, NULL),
(20, 'CLI-20', 'J0000416273', 'GAS COMUNAL, S A', '0800-2662662', 'AV N1 MANZANA EDIF PDVSA GAS COMUNAL PISO PB PARCELA 9-9A URB Z IND DEL ESTE GUARENAS', 'dadrian@pdvcomunal.com.ve', 1, NULL, NULL),
(21, 'CLI-21', 'JM0001', 'ZTE JAMAICA', '1 876 277 4371', '1st floor, Courtleigh Corporate Centre, 6-8 St. Lucia Avenue, Kingston 5, Jamaica', 'oscar.heredia@zte.com.cn ', 1, NULL, NULL),
(22, 'CLI-22', 'J-07000344-8', 'C.A CERVECERIA REGIONAL', '0212-4426928', '4427928    0212 – 4726052	Segunda Calle la Yaguara frente a Tropicana ', NULL, 1, NULL, NULL),
(23, 'CLI-23', 'J000195625', 'INDUSTRIAS DEL MAIZ, C.A.', '0212-', 'TURMERO', NULL, 1, NULL, NULL),
(24, 'CLI-24', 'J000303614', 'C.A SUCESORA DE JOSE PUIG & C.A', '0212-2391846', 'CALLE 2DA TRANSVERSAL EDIF PUIG URB LOS CORTIJOS ', 'proyectos@galletaspuig.com', 1, NULL, NULL),
(25, 'CLI-25', 'J001438092', 'DHL FLETES AEREOS, C.A', '0212-6206000', 'AV MILLAN CON CALLE CHICAGO EDIF DHL PISO PB OF SEDE  PRINCIPAL URB LA CALIFORNIA  MIRANDA', NULL, 1, NULL, NULL),
(26, 'CLI-26', 'DIGICEL01', 'DIGICEL BVI LTD', '284-300-1917', 'Jayla Place, Wickhams Cay 1, Tortola ', NULL, 1, NULL, NULL),
(27, 'CLI-27', 'J075862155', 'ALIMENTOS HEINZ, C A', '0241-813.2062', 'CTRA NACIONAL MARACAY-VALENCIA EDIF ALIMENTOS HEINZ PISO PLANTA LOCAL ALIMENTOS HEINZ URB SAN BERNANDO SAN JOAQUIN CARABOBO ZONA  POSTAL 2018', 'Pedro.Santos@kraftheinz.com', 1, NULL, NULL),
(28, 'CLI-28', 'J-30190878-3', 'Promotora Tántalo C.A.', '0241-8670051', 'Av Universidad c calle Venezuela cc la granja Valencia ', NULL, 1, NULL, NULL),
(29, 'CLI-29', 'J000129266', 'Nestlé Venezuela S.A.  ', '00000000', 'Calle Altagracia, Edif. P&G,Oficina Recepción  Piso 3 Urb. Sorokaima, Sector La Trinidad', NULL, 1, NULL, NULL),
(30, 'CLI-30', '2184301-1-770817 DV88', 'JHCP Internacional ', '+1', 'Panamá', 'pierre@jhcp.com', 1, NULL, NULL),
(31, 'CLI-31', 'J-306117270', 'SISTEM CABLE, C.A', '0212-8721143', 'CALLE ESPAÑA EDIF ESPAÑA LOCAL 1 SECTOR CATIA CARACAS', NULL, 1, NULL, NULL),
(32, 'CLI-32', 'G200161299', 'FEDERACION INTERNACIONAL DE SOCIEDADES DE LA CRUZ ROJAS', '0412 628 34 52', 'AV ANDRES BELLO EDIF 4 CRUZ ROJA VENEZOLANA PISO 1 OF UNICA URB SAN BERNARDINO CARACAS DISTRITO CAPITAL ZONA POSTAL 1010', 'marycruz.rivas@ifrc.org', 1, NULL, NULL);

-- --------------------------------------------------------

--
-- Estructura de tabla para la tabla `codventa`
--

CREATE TABLE `codventa` (
  `id` bigint(20) UNSIGNED NOT NULL,
  `codventa_codigo` varchar(25) COLLATE utf8mb4_unicode_ci NOT NULL,
  `codventa_nombre` varchar(100) COLLATE utf8mb4_unicode_ci NOT NULL,
  `codventa_codigo2` varchar(25) COLLATE utf8mb4_unicode_ci NOT NULL,
  `codventa_telefono` varchar(50) COLLATE utf8mb4_unicode_ci DEFAULT NULL,
  `codventa_direccion` varchar(250) COLLATE utf8mb4_unicode_ci NOT NULL,
  `codventa_correo` varchar(100) COLLATE utf8mb4_unicode_ci NOT NULL,
  `codventa_estado` tinyint(4) NOT NULL,
  `created_at` timestamp NULL DEFAULT NULL,
  `updated_at` timestamp NULL DEFAULT NULL
) ENGINE=InnoDB DEFAULT CHARSET=utf8mb4 COLLATE=utf8mb4_unicode_ci;

--
-- Volcado de datos para la tabla `codventa`
--

INSERT INTO `codventa` (`id`, `codventa_codigo`, `codventa_nombre`, `codventa_codigo2`, `codventa_telefono`, `codventa_direccion`, `codventa_correo`, `codventa_estado`, `created_at`, `updated_at`) VALUES
(20, 'PTC-06-300-0-2016', 'Clover Internacional C.A', 'PTR-20', '0241-8741000', 'Av. Ernesto Luis Branger, Zona Ind. Municipal Norte, Valencia, Edo. Carabobo ', 'carlos.gutierrez@clovergroup.com.ve', 1, NULL, NULL),
(21, 'PTC-01-296-0-4-2016', 'Movistar Planta Interna ', 'PTR-21', NULL, 'Alto Hatillo', '', 1, NULL, NULL),
(22, 'PTC-01-296-0-3-2016', 'Movistar Planta Interna ', 'PTR-22', NULL, 'Claret', '', 1, NULL, NULL),
(23, 'PTC-01-296-0-2-2016', 'Movistar Planta Interna ', 'PTR-23', NULL, 'La Dolorita', '', 1, NULL, NULL),
(24, 'PTC-01-296-0-1-2016', 'Movistar Planta Interna ', 'PTR-24', NULL, 'Palo Verde', '', 1, NULL, NULL),
(25, 'PTC-01-296-0-5-2016', 'Movistar Planta Interna ', 'PTR-25', NULL, 'Eprotel', '', 1, NULL, NULL),
(26, 'PTC-01-298-0-1-2016', 'Movistar-LATAM YARE', 'PTR-26', NULL, 'Yare', '', 1, NULL, NULL),
(27, 'PTC-01-293-0-1-2016', 'Movistar-Movimiento de Equipos en Estaciones Oct-Dic 2016', 'PTR-27', NULL, 'Yare', '', 1, NULL, NULL),
(28, 'PTC-01-299-0-1-2016', 'Movistar-Planta Externa ', 'PTR-28', NULL, 'Caraballera ', '', 1, NULL, NULL),
(29, 'PTC-01-299-0-2-2016', 'Planta Externa ', 'PTR-29', NULL, 'Zaraza (Ramal) ', '', 1, NULL, NULL),
(30, 'PTC-01-299-0-3-2016', 'Planta Externa ', 'PTR-30', NULL, 'El Sombrero (Ramal)', '', 1, NULL, NULL),
(31, 'PTC-05-292-0-2016', 'NetUno', 'PTR-31', NULL, 'Calle 7 de la Urbina, Caracas', '', 1, NULL, NULL),
(32, 'PTC-06-309-1-2016', 'Clover Internacional C.A', 'PTR-32', NULL, 'Barcelona Edo. Anzoategui', '', 1, NULL, NULL),
(33, 'PTC-01-298-0-2-2016', 'Movistar - LATAM MACHIQUES', 'PTR-33', NULL, 'MACHIQUES - Edo. Zulia', '', 1, NULL, NULL),
(35, 'PTC-01-298-0-3-2016', 'Movistar - LATAM LA LIMPIA SUR', 'PTR-35', NULL, 'LA LIMPIA SUR - Edo. Zulia ', '', 1, NULL, NULL),
(36, 'PTC-06-303-0-2016', 'Clover Internacional C.A', 'PTR-36', NULL, 'Barcelona Edo. Anzoategui', 'carlos.gutierrez@clovergroup.com.ve', 1, NULL, NULL),
(37, 'PTC-01-298-0-4-2016', 'LATAM PARACOTOS', 'PTR-37', NULL, 'Paracotos -Edo. Miranda', '', 1, NULL, NULL),
(38, 'PTC-01-298-0-5-2016', 'LATAM LOS ANAUCOS', 'PTR-38', NULL, 'Los Anaucos - Edo. Miranda', '', 1, NULL, NULL),
(39, 'PTC-06-305-1-2016', 'Clover Internacional C.A', 'PTR-39', NULL, 'Caracas, Macarao', 'armando.marcano@clovergroup.com.ve', 1, NULL, NULL),
(40, 'PTC-01-298-0-6-2016', 'LATAM CENTRAL TACARIGUA', 'PTR-40', NULL, 'Edo. Carabobo ', '', 1, NULL, NULL),
(41, 'PTC-01-298-0-7-2016', 'LATAM CATA', 'PTR-41', NULL, 'Edo. Aragua', '', 1, NULL, NULL),
(42, 'PTC-01-299-0-4-2016', 'PLEXT BUENA VISTA ', 'PTR-42', NULL, 'Edo. Falcón ', '', 1, NULL, NULL),
(43, 'PTC-01-296-06-2016', 'Telefonica Planta Interna Paso Real', 'PTR-43', NULL, 'Telefonica Venezuela', '', 1, NULL, NULL),
(44, 'PTC-01-299-05-2016', 'Telefonica Planta Externa Paso Real', 'PTR-44', NULL, 'Telefonica Venezuela', '', 1, NULL, NULL),
(45, 'PTC-06-302-0-2016', 'Clover Internacional C.A', 'PTR-45', NULL, 'Clover sede La Yaguara', 'carlos.gutierrez@clovergroup.com.ve', 1, NULL, NULL),
(46, 'PTC-06-326-1-2016', 'Clover Internacional C.A', 'PTR-46', NULL, 'Clover sede Macarao', 'armando.marcano@clovergroup.com.ve', 1, NULL, NULL),
(47, 'PTC-06-302-0-2016', 'CLOVER INTERNACIONAL', 'PTR-47', NULL, 'LA YAGUARA', 'carlos.gutierrez@clovergroup.com.ve', 1, NULL, NULL),
(48, 'PTC-06-326-1-2016', 'CLOVER INTERNACIONAL', 'PTR-48', NULL, 'MACARAO', 'armando.marcano@clovergroup.com.ve', 1, NULL, NULL),
(49, 'PTC-06-324-0-2016', 'CLOVER INTERNACIONAL', 'PTR-49', NULL, 'BARCELONA', 'carlos.gutierrez@clovergroup.com.ve', 1, NULL, NULL),
(50, 'PTC-03-335-0-2016', 'Mtto. Inter Barquisimeto-Valencia', 'PTR-50', NULL, 'Barquisimeto Edo. Lara', 'sergio.hoyle@inter.com.ve', 1, NULL, NULL),
(51, 'PTC-00-000-0-2016', 'Gestion Comercial JHCP', 'PTR-51', NULL, 'Oficina principal JHCP', 'jesus.ramirez@jhcp.com', 1, NULL, NULL),
(52, 'PTC-01-338-0-2016', 'ODF y Accesorios', 'PTR-52', NULL, 'Telefonica Venezuela', '', 1, NULL, NULL),
(53, 'PTC-06-319-1-2016', 'CLOVER INTERNACIONAL', 'PTR-53', NULL, 'LA YAGUARA', 'carlos.gutierrez@clovergroup.com.ve', 1, NULL, NULL),
(54, 'PTC-01-290-01-2016', 'Desinstalacion de Equipos (4590033653)', 'PTR-54', NULL, 'Prebo', 'acarrion@jhcpconstruccion.com', 1, NULL, NULL),
(55, 'PTC-01-290-02-2016', 'Desinstalacion de Equipos (4590033653)', 'PTR-55', NULL, 'Victoria', 'acarrion@jhcpconstruccion.com', 1, NULL, NULL),
(56, 'PTC-01-290-03-2016', 'Desinstalacion de Equipos (4590033653)', 'PTR-56', NULL, 'San Juan de Los Morros', 'acarrion@jhcpconstruccion.com', 1, NULL, NULL),
(57, 'PTC-01-290-04-2016', 'Desinstalacion de Equipos (4590033653)', 'PTR-57', NULL, 'Consmopolitan', 'acarrion@jhcpconstruccion.com', 1, NULL, NULL),
(58, 'PTC-01-289-01-2016', 'Desinstalacion de Equipos (4590033654)', 'PTR-58', NULL, 'Parque Canaima', 'acarrion@jhcpconstruccion.com', 1, NULL, NULL),
(59, 'PTC-01-289-02-2016', 'Desinstalacion de Equipos (4590033654)', 'PTR-59', NULL, 'Cablevision', 'acarrion@jhcpconstruccion.com', 1, NULL, NULL),
(60, 'PTC-01-289-03-2016', 'Desinstalacion de Equipos (4590033654)', 'PTR-60', NULL, 'Catia La Mar', 'acarrion@jhcpconstruccion.com', 1, NULL, NULL),
(61, 'PTC-01-289-04-2016', 'Desinstalacion de Equipos (4590033654)', 'PTR-61', NULL, 'Avila', 'acarrion@jhcpconstruccion.com', 1, NULL, NULL),
(62, 'PTC-01-289-05-2016', 'Desinstalacion de Equipos (4590033654)', 'PTR-62', NULL, 'Bautismo', 'acarrion@jhcpconstruccion.com', 1, NULL, NULL),
(63, 'PTC-01-289-06-2016', 'Desinstalacion de Equipos (4590033654)', 'PTR-63', NULL, 'Aeropuerto Caracas', 'acarrion@jhcpconstruccion.com', 1, NULL, NULL),
(64, 'PTC-06-314-0-2016', 'CLOVER INTERNACIONAL', 'PTR-64', NULL, 'MAIQUETIA', 'carlos.gutierrez@clovergroup.com.ve', 1, NULL, NULL),
(65, 'PTC-01-295-0-1-2017', 'DESMANTELAMIENTO (5602015770)', 'PTR-65', NULL, 'ORITOPO', 'katiuska.antelo@jhcpconstruccion.com', 1, NULL, NULL),
(66, 'PTC-01-299-0-2-2017', 'PLANTA EXTERNA (5602015419)', 'PTR-66', NULL, 'CUMAREBO', 'mirna.osuna@jhcpconstruccion.com', 1, NULL, NULL),
(67, 'PTC-01-299-0-3-2017', 'PLANTA EXTERNA (5602015419)', 'PTR-67', NULL, 'BOCA DE AROA', 'mirna.osuna@jhcpconstruccion.com', 1, NULL, NULL),
(68, 'PTC-01-299-0-4-2017', 'PLANTA EXTERNA (5602015419)', 'PTR-68', NULL, 'MORÓN', 'mirna.osuna@jhcpconstruccion.com', 1, NULL, NULL),
(69, 'PTC-01-299-0-5-2017', 'PLANTA EXTERNA (5602015419)', 'PTR-69', NULL, 'YARACAL', 'mirna.osuna@jhcpconstruccion.com', 1, NULL, NULL),
(70, 'PTC-01-293-0-3-2017', 'MOVIMIENTO DE EQUIPOS EN ESTACIONES OCT/DIC (4590033593)', 'PTR-70', NULL, 'LIMPIA SUR', 'victor.gandica@jhcpconstruccion.com', 1, NULL, NULL),
(71, 'PTC-01-293-0-4-2017', 'MOVIMIENTO DE EQUIPOS EN ESTACIONES OCT/DIC (4590033593)', 'PTR-71', NULL, 'MACHIQUES', 'victor.gandica@jhcpconstruccion.com', 1, NULL, NULL),
(72, 'PTC-01-293-0-5-2017', 'MOVIMIENTO DE EQUIPOS EN ESTACIONES OCT/DIC (4590033593)', 'PTR-72', NULL, 'CENTRAL TACARIGUA', 'victor.gandica@jhcpconstruccion.com', 1, NULL, NULL),
(73, 'PTC-01-293-0-2-2017', 'MOVIMIENTO DE EQUIPOS EN ESTACIONES OCT/DIC (4590033593)', 'PTR-73', NULL, 'PARACOTOS - TEJERIAS', 'victor.gandica@jhcpconstruccion.com', 1, NULL, NULL),
(74, 'Q1-2017-PRESUPUESTOS', 'Q1-2017-PRESUPUESTOS', 'PTR-74', NULL, 'OFICINA PPAL. JHCP', 'niorkys.moreno@jhcpconstruccion.com', 1, NULL, NULL),
(75, 'Q1-2017-VENTAS', 'Q1-2017-VENTAS', 'PTR-75', NULL, 'OFICINA PPAL. JHCP', 'jesus.ramirez@jhcp.com', 1, NULL, NULL),
(76, 'PTC-03-335-1-2016', 'DESMALEZAMIENTO CONTRATO STA RITA BARQUISIMETO', 'PTR-76', NULL, 'SANTA RITA - BARQUISIMETO', 'mirna.osuna@jhcpconstruccion.com', 1, NULL, NULL),
(77, 'PTC-03-336-1-2016', 'DESMALEZAMIENTO BARQUISIMETO VALENCIA', 'PTR-77', NULL, 'BARQUISIMETO VALENCIA', 'mirna.osuna@jhcpconstruccion.com', 1, NULL, NULL),
(78, 'PTC-14-288-0-2017', 'RED LOCAL COROCITO', 'PTR-78', NULL, 'COROCITO', 'mayerling.paez@jhcpconstruccion.com', 1, NULL, NULL),
(79, 'PTC-14-287-0-2017', 'RED LOCAL SOMBRERO', 'PTR-79', NULL, 'EL SOMBRERO', 'mayerling.paez@jhcpconstruccion.com', 1, NULL, NULL),
(80, 'PTC-01-290-0-5-2016', 'DESISTALACIÓN Y REUBICACIÓN DE EQUIPOS DE TRANSPORTE (4590033654)', 'PTR-80', NULL, 'VALENCIA ', 'acarrion@jhcpconstruccion.com', 1, NULL, NULL),
(81, 'PTC-01-292-0-1-2017', 'MOVIMIENTO DE EQUIPOS', 'PTR-81', NULL, 'ESTACION LOS ANAUCOS', 'acarrion@jhcpconstruccion.com', 1, NULL, NULL),
(82, 'PTC-01-289-7-2017', 'Desinstalacion de Equipos (4590033654)', 'PTR-82', NULL, 'GRAN CARACAS', 'acarrion@jhcpconstruccion.com', 1, NULL, NULL),
(83, 'PTC-01-289-8-2017', 'Desinstalacion de Equipos (4590033654)', 'PTR-83', NULL, 'GRAN CARACAS', 'acarrion@jhcpconstruccion.com', 1, NULL, NULL),
(84, 'PTC-06-358-0-2017', 'CERRAMIENTO OFICINA DRY WALL', 'PTR-84', NULL, 'MACARAO', 'katiuska.antelo@jhcpconstruccion.com', 1, NULL, NULL),
(85, 'PTC-01-299-0-6-2017', 'PLANTA EXTERNA (5602015419)', 'PTR-85', NULL, 'SANTA TERESA', 'mirna.osuna@jhcpconstruccion.com', 1, NULL, NULL),
(86, 'PTC-01-299-0-7-2017', 'PLANTA EXTERNA (5602015419)', 'PTR-86', NULL, 'YARE', 'mirna.osuna@jhcpconstruccion.com', 1, NULL, NULL),
(88, 'PTC-06-351-2-2017', 'CLOVER', 'PTR-88', NULL, 'MACARAO', 'katiuska.antelo@jhcpconstruccion.com', 1, NULL, NULL),
(89, 'PTC-01-296-8-2017', 'PLANTA INTERNA (5602015304)', 'PTR-89', NULL, 'PINTO SALINAS', 'murbaneja@jhcpconstruccion.com', 1, NULL, NULL),
(90, 'PTC-01-299-09-2017', 'PLANTA EXTERNA (5602015419)', 'PTR-90', NULL, 'SIERRA MAESTRA - EDO. ZULIA ', 'mirna.osuna@jhcpconstruccion.com', 1, NULL, NULL),
(91, 'PTC-01-299-08-2017', 'PLANTA EXTERNA (5602015419)', 'PTR-91', NULL, 'C.C. LITORAL', 'mayerling.paez@jhcpconstruccion.com', 1, NULL, NULL),
(93, 'PTC-02-369-1-2017', 'Atención de Falla Digitel', 'PTR-93', '412-960-24-68', 'Puerto Ayacucho', 'mayerling.paez@jhcpconstruccion.com', 1, NULL, NULL),
(94, 'PTC-01-298-08-2017', 'LATAM YARE', 'PTR-94', NULL, 'Yare', '', 1, NULL, NULL),
(95, 'PTC-01-296-0-6-2016', 'Movistar Planta Interna', 'PTR-95', NULL, 'CC El Recreo', 'victor.gandica@jhcpconstruccion.com', 1, NULL, NULL),
(96, 'PTC-01-296-0-7-2017', 'PLANTA INTERNA (5602015304)', 'PTR-96', NULL, 'Av. Tirso Salaverria', 'katiuska.antelo@jhcpconstruccion.com', 1, NULL, NULL),
(97, 'PTC-01-296-0-8-2017', 'PLANTA INTERNA (5602015304)', 'PTR-97', NULL, 'Hotel Federal', 'katiuska.antelo@jhcpconstruccion.com', 1, NULL, NULL),
(98, 'PTC-01-296-0-9-2017', 'PLANTA INTERNA (5602015304)', 'PTR-98', NULL, 'Av. Ohggins.', 'katiuska.antelo@jhcpconstruccion.com', 1, NULL, NULL),
(99, 'PTC-01-367-0-1-2017', 'Desinstalacion de Equipos ', 'PTR-99', NULL, 'URBINA SUR, CARACAS', 'acarrion@jhcpconstruccion.com', 1, NULL, NULL),
(100, 'PTC-22-386-1-2017', 'SUSTITUCIÓN DE COMPRESORES', 'PTR-100', NULL, 'LAS MERCEDES', 'mirna.osuna@jhcpconstruccion.com', 1, NULL, NULL),
(101, 'PTC-01-299-0-12-2017', 'PLANTA EXTERNA (5602015419) Tucacas Bomberos – manga Digitel. ', 'PTR-101', NULL, 'Tucacas Bomberos – manga Digitel. ', 'katiuska.antelo@jhcpconstruccion.com', 1, NULL, NULL),
(102, 'PTC-01-299-0-11-2017', 'PLANTA EXTERNA (5602015419)', 'PTR-102', NULL, 'Tucacas bombero – Tucacas.', 'katiuska.antelo@jhcpconstruccion.com', 1, NULL, NULL),
(103, 'PTC-01-367-0-2-2017', 'Desinstalacion de Equipos  (4590034051)', 'PTR-103', NULL, 'Charallave', 'acarrion@jhcpconstruccion.com', 1, NULL, NULL),
(104, 'PTC-01-296-0-10-2017', 'PLANTA INTERNA (5602015304)', 'PTR-104', NULL, 'El Roble, San Félix, Bolívar', 'katiuska.antelo@jhcpconstruccion.com', 1, NULL, NULL),
(105, 'PTC-01-296-0-11-2017', 'PLANTA INTERNA (5602015304)', 'PTR-105', NULL, '11 de Abril, San Félix, Estado Bolívar', 'katiuska.antelo@jhcpconstruccion.com', 1, NULL, NULL),
(106, 'PTC-01-296-0-12-2017', 'PLANTA INTERNA (5602015304)', 'PTR-106', NULL, 'Polideportivo el Gallo, San Félix, Estado Bolívar', 'katiuska.antelo@jhcpconstruccion.com', 1, NULL, NULL),
(107, 'PTC-01-296-0-13-2017', 'PLANTA INTERNA (5602015304)', 'PTR-107', NULL, 'San Félix Centro, Estado Bolívar', 'katiuska.antelo@jhcpconstruccion.com', 1, NULL, NULL),
(108, 'PTC-01-296-0-14-2017 ', 'PLANTA INTERNA (5602015304)', 'PTR-108', NULL, 'Vista alegre, Estado Bolívar', 'katiuska.antelo@jhcpconstruccion.com', 1, NULL, NULL),
(109, 'PTC-01-296-0-15-2017', 'PLANTA INTERNA (5602015304)', 'PTR-109', NULL, 'Manoa, Estado Bolívar', 'katiuska.antelo@jhcpconstruccion.com', 1, NULL, NULL),
(110, 'PTC-01-296-0-16-2017 ', 'PLANTA INTERNA (5602015304)', 'PTR-110', NULL, 'Chirica, Estado Bolívar', 'katiuska.antelo@jhcpconstruccion.com', 1, NULL, NULL),
(111, 'PTC-01-296-0-17-2017', 'PLANTA INTERNA (5602015304)', 'PTR-111', NULL, 'Barbacoa, Puerto La Cruz', 'katiuska.antelo@jhcpconstruccion.com', 1, NULL, NULL),
(112, 'PTC-01-296-0-18-2017', 'PLANTA INTERNA (5602015304)', 'PTR-112', NULL, 'San Mateo, Puerto La Cruz', 'katiuska.antelo@jhcpconstruccion.com', 1, NULL, NULL),
(113, 'PTC-01-296-0-19-2017', 'PLANTA INTERNA (5602015304)', 'PTR-113', NULL, 'Cacique Bacoa - Coro', 'mayerling.paez@jhcpconstruccion.com', 1, NULL, NULL),
(114, 'PTC-01-296-0-20-2017', 'PLANTA INTERNA (5602015304)', 'PTR-114', NULL, 'Distribuidor La Vela - Coro', 'mayerling.paez@jhcpconstruccion.com', 1, NULL, NULL),
(115, 'PTC-01-296-0-21-2017 ', 'PLANTA INTERNA (5602015304)', 'PTR-115', NULL, 'La Vela - Coro', 'mayerling.paez@jhcpconstruccion.com', 1, NULL, NULL),
(116, 'PTC-01-296-0-22-2017', 'PLANTA INTERNA (5602015304)', 'PTR-116', NULL, 'Independencia – Coro', 'mayerling.paez@jhcpconstruccion.com', 1, NULL, NULL),
(117, 'PTC-01-296-0-23-2017 ', 'PLANTA INTERNA (5602015304)', 'PTR-117', NULL, 'Cabimas Sur, Zulia', 'mayerling.paez@jhcpconstruccion.com', 1, NULL, NULL),
(118, 'PTC-01-296-0-25-2017', 'PLANTA INTERNA (5602015304)', 'PTR-118', NULL, 'Las Mercedes, Zulia', 'mayerling.paez@jhcpconstruccion.com', 1, NULL, NULL),
(119, 'PTC-01-296-0-26-2017 ', 'PLANTA INTERNA (5602015304)', 'PTR-119', NULL, 'Ojeda, Zulia', 'mayerling.paez@jhcpconstruccion.com', 1, NULL, NULL),
(120, 'PTC-01-296-0-24-2017', 'PLANTA INTERNA (5602015304)', 'PTR-120', NULL, 'Cuidad Ojeda, Zulia', 'mayerling.paez@jhcpconstruccion.com', 1, NULL, NULL),
(121, 'PTC-01-304-3-2017', 'Reparación Techo de Almacen', 'PTR-121', '04241506117', 'Guarenas. Miranda', 'alejandro.ojeda@jhcpconstruccion.com', 1, NULL, NULL),
(122, 'PTC-01-299-0-13-2017', 'PLANTA EXTERNA (5602015419)', 'PTR-122', NULL, 'EL CLARET - HATILLO', 'mirna.osuna@jhcpconstruccion.com', 1, NULL, NULL),
(123, 'PTC-12-399-0-2017', 'REMODELACION DE LOS BAÑOS DEL HANGAR DE SANTA BÁRBARA', 'PTR-123', NULL, 'MAIQUETÍA', 'katiuska.antelo@jhcpconstruccion.com', 1, NULL, NULL),
(124, 'PTC-01-296-0-27-2017', 'PLANTA INTERNA (5602015304)', 'PTR-124', NULL, 'LOS CEREZOS', 'katiuska.antelo@jhcpconstruccion.com', 1, NULL, NULL),
(125, 'PTC-01-367-0-3-2017', 'DESINTALACION DE EQUIPO (4590034051)', 'PTR-125', NULL, 'GRAN CARACAS', 'acarrion@jhcpcontruccion.com', 1, NULL, NULL),
(126, 'PTC-01-296-1-28-2017', 'PLANTA EXTERNA / INTERNA (5602016478)', 'PTR-126', NULL, 'La Salle', 'katiuska.antelo@jhcpconstruccion.com', 1, NULL, NULL),
(127, 'PTC-01-296-1-29-2017', 'PLANTA EXTERNA / INTERNA (5602016478)', 'PTR-127', NULL, 'Soledad', 'katiuska.antelo@jhcpconstruccion.com', 1, NULL, NULL),
(128, 'PTC-01-296-1-30-2017', 'PLANTA EXTERNA / INTERNA (5602016478)', 'PTR-128', NULL, 'Cabimas Sur', 'mayerling.paez@jhcpconstruccion.com', 1, NULL, NULL),
(129, 'PTC-01-296-1-31-2017', 'PLANTA EXTERNA / INTERNA (5602016478)', 'PTR-129', NULL, 'Ciudad Ojeda', 'mayerling.paez@jhcpconstruccion.com', 1, NULL, NULL),
(130, 'PTC-01-296-1-32-2017', 'PLANTA EXTERNA / INTERNA (5602016478)', 'PTR-130', NULL, 'Las Mercedes', 'mayerling.paez@jhcpconstruccion.com', 1, NULL, NULL),
(131, 'PTC-01-296-1-33-2017', 'PLANTA EXTERNA / INTERNA (5602016478)', 'PTR-131', NULL, 'Urb Independencia', 'mayerling.paez@jhcpconstruccion.com', 1, NULL, NULL),
(132, 'PTC-01-296-1-34-2017', 'PLANTA EXTERNA / INTERNA (5602016478)', 'PTR-132', NULL, 'ZI Ojeda', 'mayerling.paez@jhcpconstruccion.com', 1, NULL, NULL),
(133, 'PTC-01-296-1-35-2017', 'PLANTA EXTERNA / INTERNA (5602016478)', 'PTR-133', NULL, 'PLAZA MADARIAGA', 'katiuska.antelo@jhcpconstruccion.com', 1, NULL, NULL),
(134, 'PTC-03-433-0-2017', 'REPARACIÓN Y NIVELACIÓN DE TANQUILLA', 'PTR-134', NULL, 'AV. NUEVA GRANADA - EL CEMENTERIO', 'mirna.osuna@jhcpconstruccion.com', 1, NULL, NULL),
(135, 'PTC-03-431-0-2017', 'Desmalezamiento Tinaquillo - Valencia', 'PTR-135', NULL, 'Tinaquillo - Valencia', 'mirna.osuna@jhcpconstruccion.com', 1, NULL, NULL),
(136, 'PTC-01-296-1-36-2017', 'PLANTA EXTERNA / INTERNA (5602016478)', 'PTR-136', NULL, 'Mariche ', 'mirna.osuna@jhcpconstruccion.com', 1, NULL, NULL),
(137, 'PTC-01-296-1-37-2017', 'PLANTA EXTERNA / INTERNA (5602016478)', 'PTR-137', NULL, 'Club Náutico', 'ismarlin.pumero@jhcpconstruccion.com', 1, NULL, NULL),
(138, 'PTC-01-296-1-38-2017', 'PLANTA EXTERNA / INTERNA (5602016478)', 'PTR-138', NULL, 'Villa Latina', 'ismarlin.pumero@jhcpconstruccion.com', 1, NULL, NULL),
(139, 'PTC-01-296-1-39-2017', 'PLANTA EXTERNA / INTERNA (5602016478)', 'PTR-139', NULL, 'Los Sabanes', 'ismarlin.pumero@jhcpconstruccion.com', 1, NULL, NULL),
(144, 'PTC-22-372-0-2017', 'MANTENIMIENTO SISTEMA REFRIGERACION', 'PTR-144', NULL, 'El Rosal- Caracas', 'victor.gandica@jhcpconstruccion.com', 1, NULL, NULL),
(145, 'PTC-42-452-0-2017 ', 'IMPLANTACION OCUMARE', 'PTR-145', NULL, 'OCUMARE DEL TUY', 'katiuska.antelo@jhcpconstruccion.com', 1, NULL, NULL),
(146, 'PTC-02-445-0-2017', 'INSPECCION CARAYACA', 'PTR-146', NULL, 'CARAYACA', 'mayerling.paez@jhcpconstruccion.com', 1, NULL, NULL),
(147, 'PTC-03-463-0-2017 ', 'DESMALEZAMIENTO Y BOTE ', 'PTR-147', NULL, 'BEJUMA- LA LAGUNITA', 'mirna.osuna@jhcpconstruccion.com', 1, NULL, NULL),
(148, 'PTC-31-441-1-2017', 'ADQUISICIÓN EQUIPOS Y SUMINISTRO UPS PDVSA GAS COMUNAL', 'PTR-148', NULL, 'GUARENAS', 'ayabichino@jhcpconstruccion.com', 1, NULL, NULL),
(149, 'PTC-05-481-0-2017', 'MAKO Project TI & DT en BVI', 'PTR-149', NULL, 'Islas Vírgenes Británicas', '', 1, NULL, NULL),
(150, 'PTC-05-481-1-2017', 'MAKO Project TI & DT en BVI', 'PTR-150', NULL, 'Islas Vírgenes Británicas', '', 1, NULL, NULL),
(151, 'PTC-22-487-0-2018', 'REMODELACIÓN CENTRO ATENCIÓN CARACAS ESTE', 'PTR-151', NULL, 'C.C. PASEO LAS MERCEDES. CARACAS', 'magda.rodriguez@jhcpconstruccion.com', 1, NULL, NULL),
(152, 'PTC-01-484-0-2018', 'EMERGENCIA SUMINISTRO VÁLVULA EXPANSIÓN 250 TR', 'PTR-152', NULL, 'Centro de Cómputo Canaima. Caracas', 'ayabichino@jhcpconstruccion.com', 1, NULL, NULL),
(153, 'PTC-22-494-0-2018', 'TERMOSTATO DIGITAL 24 VOLTS PARA SISTEMA DE AGUA HELADA', 'PTR-153', NULL, 'Piso 1 Torre Directv Av. Venezuela El Rosal, Chacao, Caracas', 'ayabichino@jhcpconstruccion.com', 1, NULL, NULL),
(154, 'PTC-05-505-0-2018', 'MAKO Project  TI & DT en SKN', 'PTR-154', NULL, 'Saint Kitts & Nevis', '', 1, NULL, NULL),
(155, 'PTC-05-505-1-2018', 'MAKO Project  TI & DT en SKN', 'PTR-155', NULL, 'Saint Kitts & Nevis', '', 1, NULL, NULL),
(156, 'PTC-26-517-0-2018', 'REPARACIONES MENORES DE PLOMERÍA.', 'PTR-156', NULL, 'CERVECERÍA REGIONAL. CEDIS LA YAGUARA', 'magda.rodriguez@jhcpconstruccion.com', 1, NULL, NULL),
(157, 'PTC-26-546-0-2018', 'REPARACIONES MENORES EN SISTEMA DE BOMBA E HIDRONEUMÁTICO.', 'PTR-157', NULL, 'CEDIS CERVECERÍA REGIONAL CHARALLAVE', 'ismarlin.pumero@jhcpconstruccion.com', 1, NULL, NULL),
(158, 'PTC-04-462-1-2018', 'CARACTERIZACIÓN CD Y PMD. FO CAUJARITO-EL TABLAZO', 'PTR-158', NULL, 'ENTRE SUB-ESTACIONES CAUJARITO-EL TABLAZO.', 'victor.gandica@jhcpconstruccion.com', 1, NULL, NULL),
(159, 'PTC-06-521-0-2018', 'CONSTRUCCIÓN PARED PERIMETRAL-CERCADO-PORTÓN', 'PTR-159', NULL, 'CLOVER INTERNATIONAL-MACARAO-LAS ADJUNTAS', 'mirna.osuna@jhcpconstruccion.com', 1, NULL, NULL),
(160, 'PTC-29-538-0-2018', 'REMODELACIÓN ESTACIÓN LAVADO DE MANOS DEL COMEDOR Y ÁREA DE COMENSALES', 'PTR-160', NULL, 'KM 1 CARRETERA LA ENCRUCIJADA-TURMERO', 'magda.rodriguez@jhcpconstruccion.com', 1, NULL, NULL),
(161, 'PTC-29-554-0-2018', 'REPARACIÓN ESTRUCTURA METÁLICA, PISO EPÓXICO Y MEDIA CAÑA SANITARIA', 'PTR-161', NULL, 'ALFONZO RIVAS & CÍA. - TURMERO. EDO. ARAGUA', 'vilcy.bravo@jhcpconstruccion.com', 1, NULL, NULL),
(162, 'PTC-29-552-0-2018', 'SELLADO ANTIAVES EN PARED EXTERNA DEL LABORATORIO DE REFINERÍA ', 'PTR-162', NULL, 'ALFONZO RIVAS & CÍA. - TURMERO. EDO. ARAGUA', 'vilcy.bravo@jhcpconstruccion.com', 1, NULL, NULL),
(163, 'PTC-22-582-0-2018', 'PUESTA EN SERVICIO UMA PB', 'PTR-163', NULL, 'TORRE DIRECTV PB EL ROSAL CARACAS', 'victor.gandica@jhcpconstruccion.com', 1, NULL, NULL),
(164, 'PTC-26-583-0-2018', 'INSTALACIÓN TUBERÍA AGUAS BLANCAS EN CEDIS LOS CORTIJOS', 'PTR-164', NULL, 'CEDIS CERVECERÍA REGIONAL LOS CORTIJOS', 'ismarlin.pumero@jhcpconstruccion.com', 1, NULL, NULL),
(165, 'PTC-06-574-1-2018', 'SERVICIOS GENERALES EN ALMACENES LA YAGUARA', 'PTR-165', NULL, 'CLOVER LA YAGUARA ', 'ismarlin.pumero@jhcpconstruccion.com', 1, NULL, NULL),
(166, 'PTC-26-586-0-2018', 'SUMINISTROS VARIOS PARA CERVECERÍA REGIONAL', 'PTR-166', NULL, 'CERVECERÍA REGIONAL LOS CORTIJOS', 'ismarlin.pumero@jhcpconstruccion.com', 1, NULL, NULL),
(167, 'PTC-27-522-1-2018', 'SUMINISTRO, TRANSPORTE E INSTALACIÓN DE PORTONES METÁLICOS', 'PTR-167', NULL, 'GALLETAS PUIG LOS CORTIJOS', 'magda.rodriguez@jhcpconstruccion.com', 1, NULL, NULL),
(168, 'PTC-22-602-0-2018', 'SUMINISTRO DE CORREAS A41 PARA UMA', 'PTR-168', NULL, 'DIRECTV. Avenida Venezuela. El Rosal', 'victor.gandica@jhcpconstruccion.com', 1, NULL, NULL),
(169, 'PTC-39--596-0-2018', 'ELABORACIÓN PROYECTO ELÉCTRICO PARA EDIFICIO ADMINISTRATIVO. DHL EXPRESS VENEZUELA', 'PTR-169', NULL, 'DHL EXPRESS MAIQUETÍA', 'denisse.corrales@jhcpconstruccion.com', 1, NULL, NULL),
(170, 'PTC-22-621-0-2018', 'SUMINISTRO ACTUADOR HONEYWELL ML7984A4009 MODULANTE PARA VÁLVULA DE ACOPLE DE BOLA', 'PTR-170', NULL, 'DIRECTV EL ROSAL', 'victor.gandica@jhcpconstruccion.com', 1, NULL, NULL),
(171, 'PTC-34-623-0-2018', 'ALQUILER DE CUADRILLAS PARA EL PROYECTO MAKO EN BVI (Bs)', 'PTR-171', NULL, 'Islas Vírgenes Británicas', 'ayabichino@jhcpconstruccion.com', 1, NULL, NULL),
(172, 'PTC-34-623-1-2018', 'MANPOWER RENTAL IN BVI FOR MAKO PROJECT (USD)', 'PTR-172', NULL, 'British Virgin Islands', 'ayabichino@jhcpconstruccion.com', 1, NULL, NULL),
(173, 'PTC-22-597-1-2018', 'MANTENIMIENTO CORRECTIVO UMA ALA ESTE PISO 2 TORRE DIRECTV. EL ROSAL', 'PTR-173', NULL, 'TORRE DIRECTV ALA ESTE PISO 2 EL ROSAL CARACAS', 'victor.gandica@jhcpconstruccion.com', 1, NULL, NULL),
(174, 'PTC-22-628-0-2018', 'MANTENIMIENTO CORRECTIVO DE LA UMA ALA OESTE PISO 2 TORRE DIRECTV EL ROSAL', 'PTR-174', NULL, 'TORRE DIRECTV EL ROSAL CARACAS', 'victor.gandica@jhcpconstruccion.com', 1, NULL, NULL),
(175, 'PTC-06-634-0-2018', 'REMOCIÓN E INSTALACIÓN DE CABLE THW # 6 Y CONEXIÓN DE EQUIPOS AL TABLERO PRINCIPAL', 'PTR-175', NULL, 'CLOVER SEDE MACARAO', 'magda.rodriguez@jhcpconstruccion.com', 1, NULL, NULL),
(176, 'PTC-01-630-0-2018', 'SUMINISTRO E INSTALACIÓN DE BOMBA DE AGUA Y CORREA PARA MOTOGENERADOR 1 CANAIMA', 'PTR-176', NULL, 'Telefónica, Edificio Parque Canaima, avenida 2, urbanización Los Palos Grandes, Caracas', 'victor.gandica@jhcpconstruccion.com', 1, NULL, NULL),
(177, 'PTC-06-642-0-2018', 'TRABAJOS DE ELECTRICIDAD EN ALMACENES DE MACARAO', 'PTR-177', NULL, 'CLOVER MACARAO', 'magda.rodriguez@jhcpconstruccion.com', 1, NULL, NULL),
(178, 'PTC-25-641-0-2018', 'Mejora del Sistema de Drenajes de Agua de Lluvia en la entrada de la Planta de Vinagre', 'PTR-178', NULL, 'Planta Heinz. Sede San Joaquín', 'magda.rodriguez@jhcpconstruccion.com', 1, NULL, NULL),
(179, 'PTC-22-670-1-2019', 'Mantenimiento correctivo UMA ala oeste piso 11 torre DIRECTV ', 'PTR-179', NULL, 'Torre Directv, El Rosal', 'victor.gandica@jhcpconstruccion.com', 1, NULL, NULL),
(180, 'PTC-22-643-1-2019', 'SERVICIO DE MANTENIMIENTO PREVENTIVO Y CORRECTIVO DE LAS UNIDADES DE AIRE ACONDICIONADO DE LA SEDE D', 'PTR-180', NULL, 'Sede del Telecenter, Los Ruices, Caracas', 'victor.gandica@jhcpconstruccion.com', 1, NULL, NULL),
(181, 'PTC-22-670-3-2019', 'REPARACIÓN DE EJE DE LA UMA ALA ESTE DEL PISO 6. TORRE DIRECTV', 'PTR-181', NULL, 'Torre Directv, El Rosal', 'victor.gandica@jhcpconstruccion.com', 1, NULL, NULL),
(182, 'PTC-06-698-0-2019', 'REVISIÓN Y MANTENIMIENTO DE LÁMPARAS ESPECULARES Y REFLECTORES', 'PTR-182', NULL, 'CLOVER INTERNATIONAL C.A., Sede Barcelona, Oficinas Administrativas', 'victor.gandica@jhcpconstruccion.com', 1, NULL, NULL),
(183, 'PTC-06-704-0-2019', 'SUMINISTRO E INSTALACIÓN DE POCETA EN BAÑO DE CABALLEROS', 'PTR-183', NULL, 'CLOVER INTERNATIONAL C.A., Sede Maiquetía', 'magda.rodriguez@jhcpconstruccion.com', 1, NULL, NULL),
(184, 'PTC-06-717-0-2019', 'INSTALACIÓN DE 6 REFLECTORES METAL HALIDE 400 W PARA AREA EXTERNA DEL ALMACÉN. MAIQUETÍA', 'PTR-184', NULL, 'CLOVER INTERNATIONAL C.A., Sede Maiquetía', 'magda.rodriguez@jhcpconstruccion.com', 1, NULL, NULL),
(185, 'PTC-36-720-0-2019', 'RESTAURACIÓN DE BAÑO DE CABALLEROS', 'PTR-185', NULL, 'EMPORIO CHACAÍTO (BECO). PROMOTORA TÁNTALO', 'victor.gandica@jhcpconstruccion.com', 1, NULL, NULL),
(186, 'PTC-36-727-0-2019', 'REPARACIÓN DE FILTRACIONES ÁREA DE FARMACIA EXCELSIOR GAMA ', 'PTR-186', NULL, 'AV. LOS GUAYABITOS, C.C. EXPRESO BARUTA, BARUTA, CARACAS. PROMOTORA TÁNTALO', 'magda.rodriguez@jhcpconstruccion.com', 1, NULL, NULL),
(187, 'PTC-35-733-0-2019', 'TRANSPORTE Y CALETEO DE MOBILIARIO DESDE DEPÓSITOS KEDRON HASTA OLVC Y CONSTRUCCIÓN DE DRY WALL DE D', 'PTR-187', NULL, 'NESTLÉ DE VENEZUELA. Caracas.', 'magda.rodriguez@jhcpconstruccion.com', 1, NULL, NULL),
(188, 'PTC-36-721-0-2019', 'REPARACIÓN DE FILTRACIONES EN PISO 6 TORRE DE OFICINAS C.C. EXPRESO BARUTA', 'PTR-188', NULL, 'AV. LOS GUAYABITOS, C.C. EXPRESO BARUTA, BARUTA, CARACAS. PROMOTORA TÁNTALO', 'magda.rodriguez@jhcpconstruccion.com', 1, NULL, NULL),
(189, 'PTC-JHCP-INTERN-1-2020', 'JHCP INTERNACIONAL', 'PTR-189', '+1', 'Panamá', 'pierre@jhcp.com', 1, NULL, NULL),
(190, 'PTC-35-731-0-2019', 'ADECUACIÓN OFICINA DE VENTAS TURMERO. ANTIGUO EDIFICIO BRUNO. ESTADO ARAGUA', 'PTR-190', NULL, 'OFICINA DE VENTAS TURMERO DE NESTLÉ. ESTADO ARAGUA', 'magda.rodriguez@jhcpconstruccion.com', 1, NULL, NULL),
(191, 'PTC-36-736-0-2019', 'ADECUACIONES EN C.C. EMPORIO CHACAÍTO. REPARACIÓN DE TUBERÍA 1 1/2\" BAÑO ATC', 'PTR-191', NULL, 'EMPORIO CHACAÍTO (BECO). PROMOTORA TÁNTALO', 'magda.rodriguez@jhcpconstruccion.com', 1, NULL, NULL),
(192, 'PTC-36-736-1-2019', 'REPARACIÓN DE TUBERÍA DE CONEXIÓN DE WC CON FLUXÓMETRO EN CUBÍCULO DE DISCAPACITADOS NIVEL FERIA DAM', 'PTR-192', NULL, 'EMPORIO CHACAÍTO (BECO). PROMOTORA TÁNTALO', 'magda.rodriguez@jhcpconstruccion.com', 1, NULL, NULL),
(193, 'PTC-47-745-0-2020', 'EMPALME POR FUSIÓN DE 10 HILOS DE FIBRA ÓPTICA EN EL SEGMENTO ANTÍMANO - LAS ADJUNTAS', 'PTR-193', NULL, 'ANTÍMANO-LAS ADJUNTAS. SYSTEM CABLE', 'victor.gandica@jhcpconstruccion.com', 1, NULL, NULL),
(194, 'PTC-36-747-0-2020', 'INSTALACIÓN DE EMERGENCIA MEDIDOR DE GAS EN LOCAL COMERCIAL C.C. EXPRESO BARUTA', 'PTR-194', NULL, 'AV. LOS GUAYABITOS, C.C. EXPRESO BARUTA, BARUTA, CARACAS. PROMOTORA TÁNTALO', 'magda.rodriguez@jhcpconstruccion.com', 1, NULL, NULL),
(195, 'PTC-35-752-0-2020', 'REPARACIÓN DE DRENAJES DE A/A CAVAS CLIMATIZADO', 'PTR-195', NULL, 'NESTLÉ DE VENEZUELA - SANTA CRUZ, EDO. ARAGUA', 'magda.rodriguez@jhcpconstruccion.com', 1, NULL, NULL),
(196, 'PTC-35-763-0-2020', 'REMOCIÓN DE JUNTA Y COLOCACIÓN DE SICA FLEX NUEVO Y  RESANE DE PISO Y TAPAR HUECO EN ALMACENES LOGÍS', 'PTR-196', NULL, 'NESTLÉ DE VENEZUELA. LA ENCRUCIJADA, EDO.ARAGUA', 'magda.rodriguez@jhcpconstruccion.com', 1, NULL, NULL),
(197, 'PTC-35-755-0-2020', 'SUMINISTRO Y COLOCACIÓN DE MALLAS PROTECTORAS DE PLAGAS', 'PTR-197', NULL, 'NESTLÉ DE VENEZUELA - SANTA CRUZ, EDO. ARAGUA', 'magda.rodriguez@jhcpconstruccion.com', 1, NULL, NULL),
(198, 'PTC-35-759-0-2020', 'RESTITUCIÓN DE PARABICHOS ', 'PTR-198', NULL, 'NESTLÉ DE VENEZUELA - SANTA CRUZ, EDO. ARAGUA', 'magda.rodriguez@jhcpconstruccion.com', 1, NULL, NULL),
(199, 'PTC-35-770-0-2020', 'SERVICIO DE MANO DE OBRA Y REPARACIÓN DE GOTERA EN SISTEMA CONTRA INCENDIO BODEGA N°03 / LLAVE DE PA', 'PTR-199', NULL, 'NESTLÉ DE VENEZUELA - LA ENCRUCIJADA, EDO. ARAGUA', 'magda.rodriguez@jhcpconstruccion.com', 1, NULL, NULL),
(200, 'PTC-35-756-0-2020', 'SERVICIO DE MANTENIMIENTO GENERAL DE A/A EN EDIFICIO ADMINISTRATIVO', 'PTR-200', NULL, 'NESTLÉ DE VENEZUELA - SANTA CRUZ, EDO. ARAGUA', 'magda.rodriguez@jhcpconstruccion.com', 1, NULL, NULL),
(201, 'PTC-35-795-0-2020', 'SERVICIOS DE MANTENIMIENTO Y CONSERVACIÓN DE INFRAESTRUCTURA DEL EDIFICIO ADMINISTRATIVO EN CENTRO D', 'PTR-201', NULL, 'NESTLÈ DE VENEZUELA - CD MORÒN, EDO. CARABOBO', 'magda.rodriguez@jhcpconstruccion.com', 1, NULL, NULL),
(202, 'PTC-50-841-0-2021', 'ADECUACIÓN DEL DEPÓSITO CRV EN VALENCIA', 'PTR-202', NULL, 'HOSPITAL LUIS BLANCO GÁSPERI, CALLE 133 LÓPEZ LATOUCHE, VALENCIA, EDO. CARABOBO', 'amelie.acosta@jhcp.com', 1, NULL, NULL),
(203, 'PTC-50-841-1-2021', 'OBRAS ADICIONALES EN ADECUACIÓN DEL DEPÓSITO CRV EN VALENCIA', 'PTR-203', NULL, 'HOSPITAL LUIS BLANCO GÁSPERI, CALLE 133 LÓPEZ LATOUCHE, VALENCIA, EDO. CARABOBO', 'amelie.acosta@jhcp.com', 1, NULL, NULL),
(204, 'PTC-06-840-0-20121', 'REPARACIONES EN LAS OFICINAS DEL SINDICATO SEDE LA YAGUARA', 'PTR-204', NULL, 'CLOVER LA YAGUARA, CARACAS', 'amelie.acosta@jhcp.com', 1, NULL, NULL),
(205, 'PTC-50-842-0-2021', 'ADECUACIÓN DE LOS ESPACIOS DEL 1er. PISO, HOSPITAL CARLOS J. BELLO”', 'PTR-205', NULL, 'AVENIDA ANDRÉS BELLO, PARCELA N.° 4, EDIFICIO SEDE SOCIEDAD NACIONAL DE LA CRUZ ROJA, HOSPITAL CARLOS J. BELLO. URB. SAN BERNARDINO, CARACAS', 'amelie.acosta@jhcp.com', 1, NULL, NULL),
(206, 'PTC-06-853-0-2021', 'REPARACIÓN DE PIEZAS SANITARIAS EN BAÑO OFICINAS CLOVER MAIQUETÍA ADUANA', 'PTR-206', NULL, 'OFICINAS DE CLOVER EN LA ADUANA DE MAIQUETÍA. EDO. LA GUAIRA', 'amelie.acosta@jhcp.cpm', 1, NULL, NULL);

-- --------------------------------------------------------

--
-- Estructura de tabla para la tabla `failed_jobs`
--

CREATE TABLE `failed_jobs` (
  `id` bigint(20) UNSIGNED NOT NULL,
  `uuid` varchar(100) COLLATE utf8mb4_unicode_ci NOT NULL,
  `connection` text COLLATE utf8mb4_unicode_ci NOT NULL,
  `queue` text COLLATE utf8mb4_unicode_ci NOT NULL,
  `payload` longtext COLLATE utf8mb4_unicode_ci NOT NULL,
  `exception` longtext COLLATE utf8mb4_unicode_ci NOT NULL,
  `failed_at` timestamp NOT NULL DEFAULT CURRENT_TIMESTAMP
) ENGINE=InnoDB DEFAULT CHARSET=utf8mb4 COLLATE=utf8mb4_unicode_ci;

-- --------------------------------------------------------

--
-- Estructura de tabla para la tabla `material`
--

CREATE TABLE `material` (
  `id` bigint(20) UNSIGNED NOT NULL,
  `material_codigo` varchar(25) COLLATE utf8mb4_unicode_ci NOT NULL,
  `material_nombre` varchar(100) COLLATE utf8mb4_unicode_ci NOT NULL,
  `material_estado` tinyint(1) NOT NULL DEFAULT '1',
  `created_at` timestamp NULL DEFAULT NULL,
  `updated_at` timestamp NULL DEFAULT NULL
) ENGINE=InnoDB DEFAULT CHARSET=utf8mb4 COLLATE=utf8mb4_unicode_ci;

-- --------------------------------------------------------

--
-- Estructura de tabla para la tabla `migrations`
--

CREATE TABLE `migrations` (
  `id` int(10) UNSIGNED NOT NULL,
  `migration` varchar(255) COLLATE utf8mb4_unicode_ci NOT NULL,
  `batch` int(11) NOT NULL
) ENGINE=InnoDB DEFAULT CHARSET=utf8mb4 COLLATE=utf8mb4_unicode_ci;

--
-- Volcado de datos para la tabla `migrations`
--

INSERT INTO `migrations` (`id`, `migration`, `batch`) VALUES
(130, '2014_10_12_000000_create_users_table', 1),
(131, '2014_10_12_100000_create_password_resets_table', 1),
(132, '2019_08_19_000000_create_failed_jobs_table', 1),
(133, '2019_12_14_000001_create_personal_access_tokens_table', 1),
(134, '2021_10_13_161651_cliente', 1),
(135, '2021_10_13_161950_codventa', 1),
(136, '2021_10_13_162020_tipo', 1),
(137, '2021_10_13_162114_personal', 1),
(138, '2021_10_13_162146_obra', 1),
(139, '2021_11_24_201606_materiales', 1),
(140, '2021_11_24_202344_proveedor', 1),
(141, '2021_11_29_150359_banco', 1);

-- --------------------------------------------------------

--
-- Estructura de tabla para la tabla `obra`
--

CREATE TABLE `obra` (
  `id` bigint(20) UNSIGNED NOT NULL,
  `obra_codigo` varchar(25) COLLATE utf8mb4_unicode_ci DEFAULT NULL,
  `obra_nombre` varchar(100) COLLATE utf8mb4_unicode_ci NOT NULL,
  `obra_monto` decimal(20,2) DEFAULT NULL,
  `obra_montogasto` decimal(20,2) DEFAULT NULL,
  `obra_ganancia` decimal(20,2) DEFAULT NULL,
  `obra_fechainicio` date DEFAULT NULL,
  `obra_fechafin` date DEFAULT NULL,
  `obra_residente` varchar(100) COLLATE utf8mb4_unicode_ci DEFAULT NULL,
  `obra_coordinador` varchar(100) COLLATE utf8mb4_unicode_ci DEFAULT NULL,
  `obra_observaciones` longtext COLLATE utf8mb4_unicode_ci,
  `obra_estado` tinyint(4) NOT NULL,
  `cliente_id` bigint(20) UNSIGNED DEFAULT NULL,
  `tipo_id` bigint(20) UNSIGNED DEFAULT NULL,
  `codventa_id` bigint(20) DEFAULT NULL,
  `created_at` timestamp NULL DEFAULT NULL,
  `updated_at` timestamp NULL DEFAULT NULL
) ENGINE=InnoDB DEFAULT CHARSET=utf8mb4 COLLATE=utf8mb4_unicode_ci;

--
-- Volcado de datos para la tabla `obra`
--

INSERT INTO `obra` (`id`, `obra_codigo`, `obra_nombre`, `obra_monto`, `obra_montogasto`, `obra_ganancia`, `obra_fechainicio`, `obra_fechafin`, `obra_residente`, `obra_coordinador`, `obra_observaciones`, `obra_estado`, `cliente_id`, `tipo_id`, `codventa_id`, `created_at`, `updated_at`) VALUES
(1, 'OBR-1', 'Operaciones de Oficina', NULL, NULL, NULL, NULL, NULL, 'Todos', 'Todos', NULL, 1, NULL, NULL, NULL, NULL, NULL),
(2, 'OBR-2', 'San Casimiro - Santa Lucia', NULL, NULL, NULL, NULL, NULL, 'Luis Longo', 'Fredy Altuve', NULL, 1, NULL, NULL, NULL, NULL, NULL),
(3, 'OBR-3', 'Enlace 8B2', NULL, NULL, NULL, NULL, NULL, 'Hildemaro Segura', 'Yelineth Sanchez', NULL, 1, NULL, NULL, NULL, NULL, NULL),
(4, 'OBR-4', 'Fabricación de Tanquillas', NULL, NULL, NULL, NULL, NULL, 'Marco Longo', 'Daniel Belisario', NULL, 1, NULL, NULL, NULL, NULL, NULL),
(5, 'OBR-5', 'Link 9.2', NULL, NULL, NULL, NULL, NULL, 'Miguel Aguilar', 'Yelineth Sanchez', NULL, 1, NULL, NULL, NULL, NULL, NULL),
(6, 'OBR-6', 'Tramo 12', NULL, NULL, NULL, NULL, NULL, 'Edwin Correa', 'Victor Gandica', NULL, 1, NULL, NULL, NULL, NULL, NULL),
(7, 'OBR-7', 'tramo 8B-2 soplado san Casimiro--san Sebastian', NULL, NULL, NULL, NULL, NULL, 'Victor Zambrano', 'Victor Gandica', NULL, 1, NULL, NULL, NULL, NULL, NULL),
(8, 'OBR-8', 'Tramo 7B1', NULL, NULL, NULL, NULL, NULL, 'Contratista Externa', 'Victor Gandica', NULL, 1, NULL, NULL, NULL, NULL, NULL),
(9, 'OBR-9', 'Alcatel Tramo 5', NULL, NULL, NULL, NULL, NULL, 'Omar Risales', 'Antoine Yabichino', NULL, 1, NULL, NULL, NULL, NULL, NULL),
(10, 'OBR-10', 'MSAN ', NULL, NULL, NULL, NULL, NULL, 'Varios', 'Rafael Cheng- Oscar Cisternas', 'ZTE', 1, NULL, NULL, NULL, NULL, NULL),
(11, 'OBR-11', 'Tramo 6', NULL, NULL, NULL, NULL, NULL, 'Omar Risales', 'Omar Risales', NULL, 1, NULL, NULL, NULL, NULL, NULL),
(12, 'OBR-12', 'Tramo 8B-1', NULL, NULL, NULL, NULL, NULL, 'Luis Longo', 'Fredy Altuve', NULL, 1, NULL, NULL, NULL, NULL, NULL),
(13, 'OBR-13', 'SEGURO SOCIAL OBLITARIO', NULL, NULL, NULL, NULL, NULL, 'ANA CASTAÑO', 'ANTONELLA', NULL, 1, NULL, NULL, NULL, NULL, NULL),
(14, 'OBR-14', 'BANAVIH', NULL, NULL, NULL, NULL, NULL, 'ANA CASTAÑO', 'ANTONELLA', NULL, 1, NULL, NULL, NULL, NULL, NULL),
(15, 'OBR-15', 'INCE', NULL, NULL, NULL, NULL, NULL, 'ANA CASTAÑO', 'ANTONELLA', NULL, 1, NULL, NULL, NULL, NULL, NULL),
(16, 'OBR-16', 'Tramo 13.2', NULL, NULL, NULL, NULL, NULL, 'Oswaldo Estevez', 'Fredy Altuve', NULL, 1, NULL, NULL, NULL, NULL, NULL),
(17, 'OBR-17', 'VACACIONES', NULL, NULL, NULL, NULL, NULL, '2015', 'RRHH', '0', 0, NULL, NULL, NULL, NULL, NULL),
(18, 'OBR-18', 'VACACIONES', NULL, NULL, NULL, NULL, NULL, '2015', 'RRHH', '0', 0, NULL, NULL, NULL, NULL, NULL),
(19, 'OBR-19', 'Cargill', NULL, NULL, NULL, NULL, NULL, 'Daniel Belisario', 'Fredy Altuve', NULL, 1, 1, 8, NULL, NULL, NULL),
(20, 'OBR-20', 'EDC Network', NULL, NULL, NULL, NULL, NULL, 'Lorena- Annie - Alfredo', 'Carlos Ayala-Mayerling Paez', NULL, 1, NULL, NULL, NULL, NULL, NULL),
(21, 'OBR-21', 'Digitel', NULL, NULL, NULL, NULL, NULL, 'Edwin Correa', 'Carlos Ayala', NULL, 1, NULL, NULL, NULL, NULL, NULL),
(22, 'OBR-22', 'Digitel', NULL, NULL, NULL, NULL, '2016-08-17', 'Edwin Correa', 'Carlos Ayala', NULL, 2, NULL, NULL, NULL, NULL, NULL),
(23, 'OBR-23', 'Liquidación', NULL, NULL, NULL, NULL, NULL, '0', 'RRHH', NULL, 1, NULL, NULL, NULL, NULL, NULL),
(24, 'OBR-24', 'Nómina de oficina', NULL, NULL, NULL, NULL, NULL, 'caracas', 'pierre', NULL, 1, NULL, NULL, NULL, NULL, NULL),
(25, 'OBR-25', 'LINK 7B3', NULL, NULL, NULL, NULL, NULL, 'Hildemaro Segura', 'Yelineth Sánchez', NULL, 1, NULL, NULL, NULL, NULL, NULL),
(27, 'OBR-27', 'Gastos Máquinas', NULL, NULL, NULL, NULL, NULL, 'N/A', 'N/A', NULL, 1, NULL, NULL, NULL, NULL, NULL),
(28, 'OBR-28', 'Máquinas', NULL, NULL, NULL, NULL, NULL, 'N/A', 'Joelis Blanco', NULL, 1, NULL, NULL, NULL, NULL, NULL),
(29, 'OBR-29', 'Vehículos', '0.00', NULL, NULL, NULL, NULL, 'N/A', 'Joelis Blanco', NULL, 1, NULL, NULL, NULL, NULL, NULL),
(30, 'OBR-30', 'TRAMO 8B-2 soplado San Sebastian-- San Juan de los Morros', '0.00', NULL, NULL, NULL, NULL, 'Edwin Correa', 'Victor Gandica', NULL, 1, NULL, NULL, NULL, NULL, NULL),
(31, 'OBR-31', 'MSAN (Instalación de Equipos)', '0.00', NULL, NULL, NULL, NULL, 'Carlos Ayala', 'Carlos Ayala', NULL, 1, NULL, NULL, NULL, NULL, NULL),
(32, 'OBR-32', 'Obras Varias', '0.00', NULL, NULL, NULL, NULL, 'Varios', 'Varios', NULL, 1, NULL, NULL, NULL, NULL, NULL),
(33, 'OBR-33', 'PRESTAMO', '0.00', NULL, NULL, NULL, NULL, '0', 'JESUS FORNERINO', '0', 1, NULL, NULL, NULL, NULL, NULL),
(34, 'OBR-34', 'Acarigua', '0.00', NULL, NULL, NULL, NULL, 'Omar Risales', 'Jose Alejandro Flores', '0', 1, NULL, NULL, NULL, NULL, NULL),
(35, 'OBR-35', 'Tramo 7B - Asbuilt Fase 6', NULL, NULL, NULL, NULL, NULL, 'Edwin Correa', 'Victor Gandica', NULL, 1, NULL, NULL, NULL, NULL, NULL),
(36, 'OBR-36', 'SIAE', '0.00', NULL, NULL, NULL, NULL, 'Lorena Arria', 'Edwin Blanco', NULL, 1, NULL, NULL, NULL, NULL, NULL),
(37, 'OBR-37', 'EDC Network Fase 2', NULL, NULL, NULL, NULL, NULL, 'Edwin Blanco', 'Mayerling Paez', NULL, 1, NULL, NULL, NULL, NULL, NULL),
(38, 'OBR-38', 'CGL-CD-20-DB', '145405.00', NULL, NULL, NULL, NULL, 'Daniel Belisario', 'Fredy Altuve', 'Remoción de láminas plásticas y revestimiento de pintura de carriles. 20 Portones a sustituir láminas y 10 perfiles a pintar', 1, NULL, NULL, NULL, NULL, NULL),
(39, 'OBR-39', 'CGL-CD-19-DB', '50203.00', NULL, NULL, NULL, NULL, 'Daniel Belisario', 'Fredy Altuve', 'Revestimiento de pintura en guías de santa maría', 1, NULL, NULL, NULL, NULL, NULL),
(40, 'OBR-40', 'CGL-CD-18-DB', '324942.00', NULL, NULL, NULL, NULL, 'Daniel Belisario', 'Fredy Altuve', 'Reparaciones a portón 8 completo: laminas, guias, zocalo, pintura, mantenimiento', 1, NULL, NULL, NULL, NULL, NULL),
(41, 'OBR-41', 'CGL-CD-18-DB.AO y CGL-CD-19-DB.AO', '242529.00', NULL, NULL, NULL, NULL, 'Daniel Belisario', 'Fredy Altuve', 'Reparacion de agujeros y roturas en cubierta de techo, laminas noral', 1, NULL, NULL, NULL, NULL, NULL),
(42, 'OBR-42', 'Enlace 9-1', NULL, NULL, NULL, NULL, NULL, 'Oswaldo Estevez', 'Fredy Altuve', NULL, 1, NULL, NULL, NULL, NULL, NULL),
(43, 'OBR-43', 'CGL-LP-02-AO.DB', '7010737.00', NULL, NULL, NULL, NULL, 'Daniel Belisario, Alejandro Ojeda', 'Fredy Altuve', 'Instalación de techo liviano en casa sindical, obras varias de electricidad y cerramiento', 1, NULL, NULL, NULL, NULL, NULL),
(44, 'OBR-44', 'CGL-CD-MALLA-DB.AO-O.A. ADICIONALES instalación de malla', '513332.00', NULL, NULL, NULL, NULL, 'Daniel Belisario, Alejandro Ojeda', 'Fredy Altuve', 'Obras Adicionales referentes a la instalación de malla multifilamento', 1, NULL, NULL, NULL, NULL, NULL),
(45, 'OBR-45', 'CGL-PC-19-DB.AO', NULL, NULL, NULL, NULL, NULL, 'Daniel Belisario', 'Alejandro Ojeda', NULL, 1, NULL, NULL, NULL, NULL, NULL),
(46, 'OBR-46', 'Gastos de Recursos Humanos', NULL, NULL, NULL, NULL, NULL, 'Jordy Colmenares', 'Ana Castaño', NULL, 1, NULL, NULL, NULL, NULL, NULL),
(47, 'OBR-47', 'Construcción de Cubierta de Techo en Estacionamiento', '7204555.00', NULL, NULL, NULL, NULL, 'Daniel Belisario', 'Alejandro Ojeda', 'En planta Catia', 1, NULL, NULL, NULL, NULL, NULL),
(48, 'OBR-48', 'Tramo 7B3 (soplado)', NULL, NULL, NULL, '2015-07-22', NULL, NULL, NULL, NULL, 1, NULL, NULL, NULL, NULL, NULL),
(49, 'OBR-49', 'Barridos de Frecuencia ZTE', NULL, NULL, NULL, '2015-08-31', NULL, NULL, NULL, NULL, 1, NULL, NULL, NULL, NULL, NULL),
(50, 'OBR-50', 'Digitel Pto Ayacucho F.O', NULL, NULL, NULL, '2015-09-07', NULL, NULL, NULL, NULL, 1, NULL, NULL, NULL, NULL, NULL),
(51, 'OBR-51', 'TRAMO 7B-2 (SOPLADO)', NULL, NULL, NULL, '2015-09-29', NULL, NULL, NULL, NULL, 1, NULL, NULL, NULL, NULL, NULL),
(52, 'OBR-52', 'Digitel Coro - Morón', NULL, NULL, NULL, '2015-10-12', NULL, NULL, NULL, NULL, 1, NULL, NULL, NULL, NULL, NULL),
(53, 'OBR-53', 'Planta Interna Movistar', NULL, NULL, NULL, '2015-10-12', NULL, NULL, NULL, NULL, 1, NULL, NULL, NULL, NULL, NULL),
(54, 'OBR-54', 'Ingeniería Movistar', NULL, NULL, NULL, '2015-10-26', NULL, NULL, NULL, NULL, 1, NULL, NULL, NULL, NULL, NULL),
(55, 'OBR-55', 'Enlace MW ZTE', NULL, NULL, NULL, '2015-11-09', NULL, NULL, NULL, NULL, 1, NULL, NULL, NULL, NULL, NULL),
(56, 'OBR-56', 'Tramo 14', NULL, NULL, NULL, '2015-11-11', NULL, NULL, NULL, NULL, 1, NULL, NULL, NULL, NULL, NULL),
(57, 'OBR-57', 'Soplado Tramo 5A', NULL, NULL, NULL, '2015-12-14', NULL, NULL, NULL, NULL, 1, NULL, NULL, NULL, NULL, NULL),
(58, 'OBR-58', 'EDC Network Fase 3', NULL, NULL, NULL, '2016-02-03', NULL, NULL, NULL, NULL, 1, NULL, NULL, NULL, NULL, NULL),
(59, 'OBR-59', 'Planta Interna Movistar Maracaibo', NULL, NULL, NULL, '2016-02-22', NULL, NULL, NULL, NULL, 1, NULL, NULL, NULL, NULL, NULL),
(60, 'OBR-60', 'Ingeniería SIAE', NULL, NULL, NULL, '2016-02-29', NULL, NULL, NULL, NULL, 1, NULL, NULL, NULL, NULL, NULL),
(61, 'OBR-61', 'Soplado Tramo 13.2', NULL, NULL, NULL, '2016-03-07', NULL, NULL, NULL, NULL, 1, NULL, NULL, NULL, NULL, NULL),
(62, 'OBR-62', 'Movilnet Gul', NULL, NULL, NULL, '2016-03-31', NULL, NULL, NULL, NULL, 1, NULL, NULL, NULL, NULL, NULL),
(63, 'OBR-63', 'Digitel Prioridad II Valle del Tuy', NULL, NULL, NULL, '2016-04-11', NULL, NULL, NULL, NULL, 1, NULL, NULL, NULL, NULL, NULL),
(64, 'OBR-64', 'Soplado 9.1', NULL, NULL, NULL, '2016-04-13', NULL, NULL, NULL, NULL, 1, NULL, NULL, NULL, NULL, NULL),
(65, 'OBR-65', 'Soplado Tramo 14', NULL, NULL, NULL, '2016-05-04', NULL, NULL, NULL, NULL, 1, NULL, NULL, NULL, NULL, NULL),
(66, 'OBR-66', 'TMVE-PLEX-STAPAUL', NULL, NULL, NULL, '2016-05-18', NULL, NULL, NULL, NULL, 1, 5, 11, NULL, NULL, NULL),
(67, 'OBR-67', 'TMVE-PLIN-CTRO', NULL, NULL, NULL, '2016-05-20', NULL, NULL, NULL, NULL, 1, 5, 11, NULL, NULL, NULL),
(68, 'OBR-68', 'TMVE-PLIN-ORIENT', NULL, NULL, NULL, '2016-05-20', NULL, NULL, NULL, NULL, 1, 5, 11, NULL, NULL, NULL),
(69, 'OBR-69', 'TMVE-PLIN-OCCDT', NULL, NULL, NULL, '2016-05-20', NULL, NULL, NULL, NULL, 1, 5, 11, NULL, NULL, NULL),
(70, 'OBR-70', 'PMD-HUAWEI', NULL, NULL, NULL, '2016-05-31', NULL, NULL, NULL, NULL, 1, NULL, NULL, NULL, NULL, NULL),
(71, 'OBR-71', 'Auditoria Movistar', NULL, NULL, NULL, '2016-06-08', NULL, NULL, NULL, NULL, 1, NULL, NULL, NULL, NULL, NULL),
(72, 'OBR-72', 'CANTV La Reyera', NULL, NULL, NULL, '2016-06-08', NULL, NULL, NULL, NULL, 1, NULL, NULL, NULL, NULL, NULL),
(73, 'OBR-73', 'Mtso. Maracaibo', NULL, NULL, NULL, '2016-06-17', NULL, NULL, NULL, NULL, 1, NULL, NULL, NULL, NULL, NULL),
(74, 'OBR-74', 'Fibraterra - La Baralt', NULL, NULL, NULL, '2016-06-20', NULL, NULL, NULL, NULL, 1, NULL, NULL, NULL, NULL, NULL),
(75, 'OBR-75', 'Planta Externa Movistar Coro Morn', NULL, NULL, NULL, '2016-07-06', '2016-07-08', NULL, NULL, NULL, 1, NULL, NULL, NULL, NULL, NULL),
(76, 'OBR-76', 'FIBRATERRA – OCUMARE', NULL, NULL, NULL, '2016-07-11', NULL, NULL, NULL, NULL, 1, NULL, NULL, NULL, NULL, NULL),
(77, 'OBR-77', 'Planta interna CORO MORON', NULL, NULL, NULL, '2016-07-25', '2016-07-27', NULL, NULL, NULL, 1, NULL, NULL, NULL, NULL, NULL),
(79, 'OBR-79', 'TMVE-PLIN-MQTA', NULL, NULL, NULL, '2016-07-25', NULL, NULL, NULL, NULL, 1, 5, 11, NULL, NULL, NULL),
(80, 'OBR-80', 'TMVE-PLIN-ANDE', NULL, NULL, NULL, '2016-07-20', NULL, NULL, NULL, NULL, 1, 5, 11, NULL, NULL, NULL),
(81, 'OBR-81', 'TMVE-PLEX-MCBO', NULL, NULL, NULL, '2016-08-01', NULL, NULL, NULL, NULL, 1, 8, 11, NULL, NULL, NULL),
(82, 'OBR-82', 'TMVE-PLEX-MQTA', NULL, NULL, NULL, '2016-08-11', NULL, NULL, NULL, NULL, 1, 8, 11, NULL, NULL, NULL),
(83, 'OBR-83', 'TMVE-PLEX-ORIENT', NULL, NULL, NULL, '2016-08-23', NULL, NULL, NULL, NULL, 1, 5, 11, NULL, NULL, NULL),
(84, 'OBR-84', 'TMVE-PLEX-EPROTEL', NULL, NULL, NULL, '2016-08-19', NULL, NULL, NULL, NULL, 1, 5, 11, NULL, NULL, NULL),
(85, 'OBR-85', 'TMVE-TEND-MCBO', NULL, NULL, NULL, '2016-09-01', NULL, NULL, NULL, NULL, 1, 5, 11, NULL, NULL, NULL),
(86, 'OBR-86', 'TMVE--LATAM-YARE', NULL, NULL, NULL, '2016-09-05', NULL, NULL, NULL, NULL, 1, 5, 11, 26, NULL, NULL),
(87, 'OBR-87', 'TMVE-PLIN-LATAM-RMVERDE', NULL, NULL, NULL, '2016-09-06', NULL, NULL, NULL, NULL, 1, 5, 11, NULL, NULL, NULL),
(88, 'OBR-88', 'CANT-TEND-CANTV', NULL, NULL, NULL, '2016-09-19', NULL, NULL, NULL, NULL, 1, 9, 11, NULL, NULL, NULL),
(89, 'OBR-89', 'TMVE-PLEX-DABAJURO_CORO', NULL, NULL, NULL, '2016-10-17', NULL, NULL, NULL, NULL, 1, 5, 11, NULL, NULL, NULL),
(90, 'OBR-90', 'TMVE-DESM-RAMOVERDE', '2800000.00', NULL, '66.50', '2016-10-05', '2016-10-14', NULL, NULL, 'POSIBLEMENTE SE CULMINE ANTES', 1, 5, 8, NULL, NULL, NULL),
(91, 'OBR-91', 'TMVE-PTOVENTA-MX', NULL, NULL, NULL, '2016-10-07', '2016-10-07', NULL, NULL, NULL, 1, 5, 1, NULL, NULL, NULL),
(92, 'OBR-92', 'TMVE-DESM-EPROTEL-STAPLA', NULL, NULL, '40.00', '2016-10-10', '2016-10-14', NULL, NULL, NULL, 1, 5, 8, NULL, NULL, NULL),
(93, 'OBR-93', 'TMVE-INGENIERIA-PLEX', NULL, NULL, NULL, '2016-10-28', NULL, NULL, NULL, NULL, 1, 5, 4, NULL, NULL, NULL),
(94, 'OBR-94', 'TMVE-DESINT-OCTDIC16', NULL, NULL, NULL, '2016-11-01', NULL, NULL, NULL, 'PO 4590033653 PENDIENTE ASIGNACION', 1, 5, 4, NULL, NULL, NULL),
(95, 'OBR-95', 'CVER-CRTOPRT-MCRO', NULL, NULL, NULL, '2016-11-09', NULL, NULL, NULL, NULL, 0, 11, 8, 20, NULL, NULL),
(96, 'OBR-96', 'TMVE-PLIN-HATILLO', NULL, NULL, NULL, '2016-11-09', NULL, NULL, NULL, NULL, 1, 5, 8, 21, NULL, NULL),
(97, 'OBR-97', 'TMVE-PLIN-CLRET', NULL, NULL, NULL, '2016-11-09', NULL, NULL, NULL, NULL, 1, 5, 8, 22, NULL, NULL),
(98, 'OBR-98', 'TMVE-PLIN-DOLORITA', NULL, NULL, NULL, '2016-11-09', NULL, NULL, NULL, NULL, 1, 5, 8, 23, NULL, NULL),
(100, 'OBR-100', 'TMVE-PLIN-PALOVERDE', NULL, NULL, NULL, '2016-11-09', NULL, NULL, NULL, NULL, 1, 5, 8, 24, NULL, NULL),
(103, 'OBR-103', 'TMVE-MOVEQ-YARE', NULL, NULL, NULL, '2016-11-11', NULL, NULL, NULL, NULL, 1, 5, 11, 27, NULL, NULL),
(104, 'OBR-104', 'TMVE-PLEX-CBLLDA', NULL, NULL, NULL, '2016-11-11', NULL, NULL, NULL, NULL, 1, 5, 8, 28, NULL, NULL),
(105, 'OBR-105', 'TMVE-PLIN-EPROTEL', NULL, NULL, NULL, '2016-11-11', NULL, NULL, NULL, NULL, 1, 5, 8, 25, NULL, NULL),
(106, 'OBR-106', 'TMVE-PLEX-ZRZA', NULL, NULL, NULL, '2016-11-14', NULL, NULL, NULL, NULL, 1, 5, 11, 29, NULL, NULL),
(107, 'OBR-107', 'TMVE-PLEX-SMBRO', NULL, NULL, NULL, '2016-11-14', NULL, NULL, NULL, NULL, 1, 5, 11, 30, NULL, NULL),
(108, 'OBR-108', 'CVER-SUMIBOMB-BARCLA', NULL, NULL, NULL, '2016-11-18', NULL, NULL, NULL, NULL, 1, 11, 8, 32, NULL, NULL),
(109, 'OBR-109', 'TMVE-LATAM-LIPSUR', NULL, NULL, NULL, '2016-11-21', NULL, NULL, NULL, NULL, 1, 5, 11, 35, NULL, NULL),
(110, 'OBR-110', 'TMVE-LATAM-MACHIQ', NULL, NULL, NULL, '2016-11-21', NULL, NULL, NULL, NULL, 1, 5, 11, 33, NULL, NULL),
(111, 'OBR-111', 'CVER-LIMPLPRO-BARCLA', '1.25', NULL, '13.00', '2016-11-24', '2016-12-24', NULL, NULL, NULL, 1, 11, 3, 36, NULL, NULL),
(112, 'OBR-112', 'TMVE-LATAM-PARCTOS', NULL, NULL, NULL, '2016-11-23', NULL, NULL, NULL, NULL, 1, 5, 11, 37, NULL, NULL),
(113, 'OBR-113', 'TMVE-LATAM-ANAUC', NULL, NULL, NULL, '2016-11-23', NULL, NULL, NULL, NULL, 1, 5, 11, 38, NULL, NULL),
(114, 'OBR-114', 'CVER-INSTOLD-MCRO', '255000.00', NULL, '23.00', '2016-11-24', '2016-11-25', NULL, NULL, NULL, 1, 11, 3, 39, NULL, NULL),
(115, 'OBR-115', 'NUNO-PMDCD-SANDCCS', NULL, NULL, NULL, '2016-11-29', NULL, NULL, NULL, NULL, 1, 13, 11, 31, NULL, NULL),
(116, 'OBR-116', 'TMVE-LATAM-CATA', NULL, NULL, NULL, '2016-12-01', NULL, NULL, NULL, NULL, 1, 5, 11, 41, NULL, NULL),
(117, 'OBR-117', 'TMVE-PLEX-BUVISTA', NULL, NULL, NULL, '2016-12-01', NULL, NULL, NULL, NULL, 1, 5, 11, 42, NULL, NULL),
(118, 'OBR-118', 'TMVE-LATAM -CENTAGUA', NULL, NULL, NULL, '2016-12-05', NULL, NULL, NULL, NULL, 1, 5, 11, 40, NULL, NULL),
(119, 'OBR-119', 'TMVE-PLEX-PSREAL', NULL, NULL, NULL, '2016-12-09', NULL, NULL, NULL, NULL, 1, 5, 11, 44, NULL, NULL),
(120, 'OBR-120', 'TMVE-PLIN PSREAL', NULL, NULL, NULL, '2016-12-09', NULL, NULL, NULL, NULL, 1, 5, 11, 43, NULL, NULL),
(121, 'OBR-121', 'CVER-REPACOELEC-YAGUA', '30000.00', NULL, '54.00', '2016-12-08', NULL, NULL, NULL, NULL, 1, 11, 7, 45, NULL, NULL),
(122, 'OBR-122', 'CVER-INSTPUERPLE-MCRAO', '1.01', NULL, '27.00', '2016-12-16', NULL, NULL, NULL, NULL, 0, 11, 3, 46, NULL, NULL),
(123, 'OBR-123', 'CVER-INSTPUERPLE-MCRO', '1010000.00', NULL, '27.00', '2016-12-16', NULL, NULL, NULL, NULL, 1, 11, 3, 46, NULL, NULL),
(124, 'OBR-124', 'INTER-MTTO-BQTO-VLC', '150000.00', NULL, NULL, '2016-12-15', '2016-12-15', NULL, NULL, NULL, 1, 14, 11, 50, NULL, NULL),
(125, 'OBR-125', 'CESTA NAVIDEÑA', NULL, NULL, NULL, '2016-12-15', '2016-12-15', NULL, NULL, NULL, 1, 15, 15, 51, NULL, NULL),
(126, 'OBR-126', 'TMVE-VTASUMINT', NULL, NULL, NULL, '2016-12-16', '2016-12-16', NULL, NULL, NULL, 1, 5, 15, 52, NULL, NULL),
(127, 'OBR-127', 'CVER-REPTECHO-YAGUA', '3000000.00', NULL, '33.00', '2016-12-22', NULL, NULL, NULL, NULL, 1, 11, 8, 53, NULL, NULL),
(128, 'OBR-128', 'TMVE-DESINT-PAQCAIMA', NULL, NULL, NULL, '2016-12-16', NULL, NULL, NULL, NULL, 1, 5, 4, 58, NULL, NULL),
(129, 'OBR-129', 'TMVE-DESINT-CBLVISION', NULL, NULL, NULL, '2016-12-26', '2016-12-27', NULL, NULL, NULL, 1, 5, 4, 59, NULL, NULL),
(130, 'OBR-130', 'TMVE-DESINT-CATMAR ', NULL, NULL, NULL, '2016-12-28', '2016-12-28', NULL, NULL, NULL, 1, 5, 4, 60, NULL, NULL),
(131, 'OBR-131', 'TMVE-DESINT-COSMLITAN', NULL, NULL, NULL, '2016-12-29', '2016-12-29', NULL, NULL, NULL, 1, 5, 4, 55, NULL, NULL),
(132, 'OBR-132', 'TMVE-DESINT-VICTORIA', NULL, NULL, NULL, '2016-12-30', '2016-12-30', NULL, NULL, NULL, 1, 5, 4, 56, NULL, NULL),
(133, 'OBR-133', 'CVER-REPSISELEC-GUAI', '382800.00', NULL, '44.00', '2017-01-09', '2017-01-13', NULL, NULL, 'instalacion electrica', 1, 11, 7, 64, NULL, NULL),
(134, 'OBR-134', 'TMVE-MOVEQ-PARCTOSTEJ', NULL, NULL, NULL, '2016-11-01', NULL, NULL, NULL, NULL, 1, 5, 11, 27, NULL, NULL),
(135, 'OBR-135', 'TMVE- DESINT-AVILA', NULL, NULL, NULL, '2017-01-09', NULL, NULL, NULL, NULL, 1, 5, 4, 61, NULL, NULL),
(136, 'OBR-136', 'TMVE-DESINT-BAUTISMO', NULL, NULL, NULL, '2017-01-09', NULL, NULL, NULL, NULL, 1, 5, 4, 62, NULL, NULL),
(137, 'OBR-137', 'TMVE-DESINT-AEROCCS', NULL, NULL, NULL, '2017-01-04', NULL, NULL, NULL, NULL, 1, 5, 4, 63, NULL, NULL),
(138, 'OBR-138', 'TMVE- DESINT-PREBO', NULL, NULL, NULL, '2016-12-09', NULL, NULL, NULL, NULL, 1, 5, 4, 54, NULL, NULL),
(139, 'OBR-139', 'TMVE-DESINT-SJM', NULL, NULL, NULL, '2017-01-09', NULL, NULL, NULL, NULL, 1, 5, 4, 56, NULL, NULL),
(140, 'OBR-140', 'TMVE-DESM-ORIPOTO', '2770000.00', NULL, '60.00', '2017-01-11', '2017-01-17', NULL, NULL, NULL, 1, 5, 11, 65, NULL, NULL),
(141, 'OBR-141', 'TMVE-PLEX-CMEBO', '382750.00', NULL, '88.00', '2017-01-30', '2017-02-27', NULL, NULL, NULL, 1, 5, 8, 66, NULL, NULL),
(142, 'OBR-142', 'TMVE-PLEX-BCROA', '2043467.00', NULL, '56.00', '2017-01-30', '2017-02-27', NULL, NULL, NULL, 1, 5, 8, 67, NULL, NULL),
(143, 'OBR-143', 'TMVE-PLEX-MORON', '2604357.00', NULL, '31.00', '2017-01-30', '2017-02-27', NULL, NULL, NULL, 1, 5, 8, 68, NULL, NULL),
(144, 'OBR-144', 'TMVE-PLEX-YACAL', '1177083.00', NULL, '54.00', '2017-01-30', '2017-02-27', NULL, NULL, NULL, 1, 5, 8, 69, NULL, NULL),
(145, 'OBR-145', 'TMVE-MOVEQ-LIPSUR', '3200000.00', NULL, '40.00', '2017-01-23', '2017-04-23', NULL, NULL, NULL, 1, 5, 11, 70, NULL, NULL),
(146, 'OBR-146', 'TMVE-MOVEQ-MACHIQ', '3200000.00', NULL, '40.00', '2017-01-23', '2017-04-24', NULL, NULL, NULL, 1, 5, 11, 71, NULL, NULL),
(147, 'OBR-147', 'TMVE-MOVEQ-CENTAQR', '3200000.00', NULL, '40.00', '2017-01-23', '2017-04-23', NULL, NULL, NULL, 1, 5, 11, 72, NULL, NULL),
(148, 'OBR-148', 'Q1-2017-PRESUPUESTOS', NULL, NULL, NULL, '2017-01-19', NULL, NULL, NULL, NULL, 1, 16, 4, 74, NULL, NULL),
(149, 'OBR-149', 'INTER-DESMALZ-BQTOVLC', '38000000.00', NULL, '76.00', '2017-02-20', '2017-08-09', NULL, NULL, NULL, 1, 14, 3, 77, NULL, NULL),
(150, 'OBR-150', 'INTER-DESMALZ-STARITABQTO', '84000000.00', NULL, '60.00', '2017-02-20', '2017-09-11', NULL, NULL, NULL, 1, 14, 3, 76, NULL, NULL),
(151, 'OBR-151', 'CANT-REDLOCAL-SMBRO', '1146202.00', NULL, '40.00', '2017-02-08', NULL, NULL, NULL, NULL, 1, 9, 11, 79, NULL, NULL),
(152, 'OBR-152', 'CANT-REDLOCAL-CORCIT', '6560315.00', NULL, '40.00', '2017-02-08', NULL, NULL, NULL, NULL, 1, 9, 11, 78, NULL, NULL),
(153, 'OBR-153', 'TMVE-DESINT-CHICCO', '1000000.00', NULL, '40.00', '2017-02-10', '2017-02-28', NULL, NULL, NULL, 1, 5, 11, 80, NULL, NULL),
(154, 'OBR-154', 'TMVE-MOVEQ- ANAUC ', '3500000.00', NULL, '40.00', '2017-02-20', NULL, NULL, NULL, NULL, 1, 5, 11, 81, NULL, NULL),
(155, 'OBR-155', 'TMVE-DESINT-CANTVCHACAO', '700000.00', NULL, '40.00', '2017-02-20', NULL, NULL, NULL, NULL, 1, 5, 11, 82, NULL, NULL),
(156, 'OBR-156', 'CVER-CRTOFC-MCRO', '1864000.00', NULL, NULL, '2017-03-13', '2017-03-22', NULL, NULL, NULL, 1, 11, 8, 84, NULL, NULL),
(157, 'OBR-157', 'TMVE-PLEX-STATSA', '6445000.00', NULL, '42.00', '2017-03-28', '2017-04-11', NULL, NULL, NULL, 1, 5, 8, 85, NULL, NULL),
(158, 'OBR-158', 'TMVE-PLEX-YARE', '5176500.00', NULL, '38.00', '2017-03-29', '2017-04-12', NULL, NULL, NULL, 1, 5, 8, 86, NULL, NULL),
(159, 'OBR-159', 'TMVE-PLIN-PTSLN', '8423629.00', NULL, NULL, '2017-03-23', '2017-04-10', NULL, NULL, NULL, 1, 5, 11, 89, NULL, NULL),
(160, 'OBR-160', 'CVER-INSTPS-MCRO', '872949.00', NULL, NULL, '2017-03-22', '2017-03-24', NULL, NULL, NULL, 1, 11, 8, 88, NULL, NULL),
(161, 'OBR-161', 'TMVE-PLEX-SMZUL', '1459170.00', NULL, NULL, '2017-04-03', '2017-04-06', NULL, NULL, NULL, 1, 5, 11, 90, NULL, NULL),
(162, 'OBR-162', 'TMVE-PLEX-CCLIT', '1624000.00', NULL, NULL, '2017-03-10', '2017-03-14', NULL, NULL, NULL, 1, 5, 11, 91, NULL, NULL),
(163, 'OBR-163', 'TMVE-LATAM-YARE-2', '16763951.00', NULL, NULL, '2017-03-27', '2017-04-07', NULL, NULL, NULL, 1, 5, 11, 94, NULL, NULL),
(164, 'OBR-164', 'TMVE-PLIN-CCREC', '3500000.00', NULL, NULL, '2017-04-24', '2017-05-04', NULL, NULL, NULL, 1, 5, 11, 43, NULL, NULL),
(165, 'OBR-165', 'TMVE-PLIN-AVTIRSO', NULL, NULL, NULL, '2017-04-26', '2017-05-03', NULL, NULL, NULL, 1, 5, 11, 96, NULL, NULL),
(166, 'OBR-166', 'TMVE-PLIN-HTLFED', NULL, NULL, NULL, '2017-04-26', '2017-05-03', NULL, NULL, NULL, 1, 5, 11, 97, NULL, NULL),
(167, 'OBR-167', 'TMVE-PLIN-AVOHIG', '3322000.00', NULL, NULL, '2017-05-08', '2017-06-06', NULL, NULL, NULL, 1, 5, 11, 98, NULL, NULL),
(168, 'OBR-168', 'TMVE-DSINT-URBSUR', '525000.00', NULL, NULL, '2017-05-09', '2017-05-16', NULL, NULL, NULL, 1, 5, 11, 99, NULL, NULL),
(169, 'OBR-169', 'TMVE-PLEX-TCCSBOM', NULL, NULL, NULL, '2017-06-12', NULL, NULL, NULL, NULL, 1, 5, 11, 102, NULL, NULL),
(170, 'OBR-170', 'TMVE-PLEX-TCCSMAN', NULL, NULL, NULL, '2017-06-12', NULL, NULL, NULL, NULL, 1, 5, 11, 101, NULL, NULL),
(171, 'OBR-171', 'TMVE-DESINT-CHA053', '3000000.00', NULL, '55.00', '2017-05-31', '2017-06-30', NULL, NULL, NULL, 1, 5, 11, 103, NULL, NULL),
(172, 'OBR-172', 'TMVE-PLIN-SAMTEO', NULL, NULL, NULL, '2017-06-05', NULL, NULL, NULL, NULL, 1, 5, 11, 112, NULL, NULL),
(173, 'OBR-173', 'TMVE-PLIN-BARCOA', NULL, NULL, NULL, '2017-06-05', NULL, NULL, NULL, NULL, 1, 5, 11, 111, NULL, NULL),
(174, 'OBR-174', 'TMVE-PLIN-CHRCA', NULL, NULL, NULL, '2017-06-08', NULL, NULL, NULL, NULL, 1, 5, 11, 110, NULL, NULL),
(175, 'OBR-175', 'TMVE-PLIN-MNOA', NULL, NULL, NULL, '2017-06-07', NULL, NULL, NULL, NULL, 1, 5, 11, 109, NULL, NULL),
(176, 'OBR-176', 'TMVE-PLIN-VTGRE', NULL, NULL, NULL, '2017-06-07', NULL, NULL, NULL, NULL, 1, 5, 11, 108, NULL, NULL),
(177, 'OBR-177', 'TMVE-PLIN-FLXCTRO', NULL, NULL, NULL, '2017-06-06', NULL, NULL, NULL, NULL, 1, 5, 11, 107, NULL, NULL),
(178, 'OBR-178', 'TMVE-PLIN-POLFLX', NULL, NULL, NULL, '2017-06-06', NULL, NULL, NULL, NULL, 1, 5, 11, 106, NULL, NULL),
(179, 'OBR-179', 'TMVE-PLIN-11ABRFLX', NULL, NULL, NULL, '2017-06-05', NULL, NULL, NULL, NULL, 1, 5, 11, 105, NULL, NULL),
(180, 'OBR-180', 'TMVE-PLIN-ROBLE', NULL, NULL, NULL, '2017-06-05', NULL, NULL, NULL, NULL, 1, 5, 11, 104, NULL, NULL),
(181, 'OBR-181', 'TMVE-PLIN-CDOJDA', NULL, NULL, NULL, '2017-06-05', NULL, NULL, NULL, NULL, 1, 5, 11, 120, NULL, NULL),
(182, 'OBR-182', 'TMVE-PLIN-OJDA', NULL, NULL, NULL, '2017-06-05', NULL, NULL, NULL, NULL, 1, 5, 11, 119, NULL, NULL),
(183, 'OBR-183', 'TMVE-PLIN-MCDESZ', NULL, NULL, NULL, '2017-06-05', NULL, NULL, NULL, NULL, 1, 5, 11, 118, NULL, NULL),
(184, 'OBR-184', 'TMVE-PLIN-CBMASU', NULL, NULL, NULL, '2017-06-05', NULL, NULL, NULL, NULL, 1, 5, 11, 117, NULL, NULL),
(185, 'OBR-185', 'TMVE-PLIN-INDPCIA', NULL, NULL, NULL, '2017-06-05', NULL, NULL, NULL, NULL, 1, 5, 11, 116, NULL, NULL),
(186, 'OBR-186', 'TMVE-PLIN-LAVELA', NULL, NULL, NULL, '2017-06-05', NULL, NULL, NULL, NULL, 1, 5, 11, 115, NULL, NULL),
(187, 'OBR-187', 'TMVE-PLIN-DISVELA', NULL, NULL, NULL, '2017-06-05', NULL, NULL, NULL, NULL, 1, 5, 11, 114, NULL, NULL),
(188, 'OBR-188', 'TMVE-PLIN-CAQBCO', NULL, NULL, NULL, '2017-06-05', NULL, NULL, NULL, NULL, 1, 5, 11, 113, NULL, NULL),
(189, 'OBR-189', 'TMVE-OBCIV-GUARENAS', NULL, NULL, NULL, '2017-06-05', NULL, NULL, NULL, NULL, 1, 5, 8, 121, NULL, NULL),
(190, 'OBR-190', 'TMVE-PLEX-CLRET', '337394.00', NULL, '29.00', '2017-07-03', NULL, NULL, NULL, NULL, 1, 5, 11, 122, NULL, NULL),
(191, 'OBR-191', 'SBA-REMODWC-MQTA', '0.00', NULL, '0.00', '2017-07-10', NULL, NULL, NULL, NULL, 1, 17, 6, 123, NULL, NULL),
(192, 'OBR-192', 'TMVE-PLIN-CRZOS', '7275546.91', NULL, '66.00', '2017-07-10', NULL, NULL, NULL, NULL, 1, 5, 11, 124, NULL, NULL),
(193, 'OBR-193', 'TMVE-DESINT-REUBGCCS', '6000000.00', NULL, '55.00', '2017-07-17', '2017-08-17', NULL, NULL, NULL, 1, 5, 11, 125, NULL, NULL),
(194, 'OBR-194', 'TMVE-PLIN-LASALLE', '1895030.00', NULL, '31.00', '2017-07-31', NULL, NULL, NULL, NULL, 1, 5, 11, 126, NULL, NULL),
(195, 'OBR-195', 'TMVE-PLIN-SLDAD', '4061726.00', NULL, '57.00', '2017-07-31', NULL, NULL, NULL, NULL, 1, 5, 11, 127, NULL, NULL),
(196, 'OBR-196', 'TMVE-PLIN-PLZAMADGA', '5524845.28', NULL, '58.00', '2017-07-26', NULL, NULL, NULL, NULL, 1, 5, 11, 133, NULL, NULL),
(197, 'OBR-197', 'INTER-RENITANQ-AVUGRADA', '1200000.00', NULL, NULL, '2017-07-28', NULL, NULL, NULL, NULL, 1, 14, 3, 134, NULL, NULL),
(198, 'OBR-198', 'INTER-DESMALZ-TINQVAL', '36969400.00', NULL, '48.00', '2017-08-07', '2017-10-02', NULL, NULL, NULL, 1, 14, 3, 135, NULL, NULL),
(199, 'OBR-199', 'TMVE-PLIN-MRCHE', '29670321.00', NULL, '28.00', '2017-08-21', '2017-09-04', NULL, NULL, NULL, 1, 5, 11, 136, NULL, NULL),
(200, 'OBR-200', 'TMVE-PLIN-LSABNLE', '4292406.80', NULL, '20.34', '2017-08-21', NULL, NULL, NULL, NULL, 1, 5, 11, 139, NULL, NULL),
(201, 'OBR-201', 'TMVE-PLIN-VLLATIN', '9422466.49', NULL, '38.81', '2017-08-21', NULL, NULL, NULL, NULL, 1, 5, 11, 138, NULL, NULL),
(202, 'OBR-202', 'TMVE-PLIN-CNAUTIC', '4292406.00', NULL, '23.00', '2017-08-28', NULL, NULL, NULL, NULL, 1, 5, 11, 137, NULL, NULL),
(203, 'OBR-203', 'DRTV-MANTSIREFR-CCS', '22424310.00', NULL, '48.00', '2017-09-15', '2018-02-15', NULL, NULL, 'RENOVACION MANTENIMIENTO PERIODO ENE-MARZO BS 1.191.117,69 ABRI-MAY BS2.593.123,50', 1, 18, 3, 144, NULL, NULL),
(204, 'OBR-204', 'CEMM-IMPLANT-OCMRE', '0.00', NULL, '30.00', '2017-10-02', '2017-09-13', NULL, NULL, NULL, 1, 19, 8, 145, NULL, NULL),
(205, 'OBR-205', 'DGTE-INGENIERIA-CARAYACA', NULL, NULL, '70.00', '2017-10-31', '2017-11-17', NULL, NULL, NULL, 1, 4, 11, 146, NULL, NULL),
(206, 'OBR-206', 'INTER-DESMALZ-BJMLGTA', '48218899.00', NULL, '48.00', '2017-11-13', '2017-12-04', NULL, NULL, NULL, 1, 14, 3, 147, NULL, NULL),
(207, 'OBR-207', 'PDVG-ADQEQP-GRNAS', NULL, NULL, NULL, '2017-11-22', '2017-11-23', NULL, NULL, NULL, 1, 20, 16, 148, NULL, NULL),
(208, 'OBR-208', 'ZTE-USDMAKO-BVI', '0.00', NULL, NULL, '2018-02-05', '2018-03-28', NULL, NULL, NULL, 1, 21, 11, 150, NULL, NULL),
(209, 'OBR-209', 'ZTE-BSMAKO-BVI', NULL, NULL, NULL, '2018-02-05', '2018-03-28', NULL, NULL, NULL, 1, 21, 11, 149, NULL, NULL),
(210, 'OBR-990', 'DEVOLUCIÓN DE PRÉSTAMO', '0.00', NULL, NULL, '2018-01-22', NULL, 'Jesús Fornerino', 'Jesús Fornerino', '0', 1, NULL, NULL, NULL, NULL, NULL),
(211, 'OBR-211', 'DRTV-REMOFIC-CCS', '519045018.00', NULL, '30.00', '2018-02-19', NULL, NULL, NULL, NULL, 0, 18, 8, 151, NULL, NULL),
(212, 'OBR-212', 'TMVE-VALVUEXPA-CCS', NULL, NULL, NULL, '2018-02-06', NULL, NULL, NULL, NULL, 1, 5, 16, 152, NULL, NULL),
(213, 'OBR-213', 'ZTE-USDMAKO-SKN', NULL, NULL, NULL, '2018-02-26', NULL, NULL, NULL, NULL, 1, 21, 11, 155, NULL, NULL),
(214, 'OBR-214', 'ZTE-BSMAKO-SKN', NULL, NULL, NULL, '2018-02-26', NULL, NULL, NULL, NULL, 1, 21, 11, 154, NULL, NULL),
(215, 'OBR-215', 'CVRG-REPMPLO-YAGUA', '10000000.00', NULL, '20.00', '2018-03-19', NULL, NULL, NULL, NULL, 1, 22, 10, 156, NULL, NULL),
(216, 'OBR-216', 'Gastos Logísticos', '0.00', NULL, NULL, '2018-01-22', NULL, 'Compras', 'Compras', '0', 1, NULL, NULL, NULL, NULL, NULL),
(217, 'OBR-217', 'CVRG-REPMPLO-CHRLLVE', '19340000.00', NULL, '20.00', '2018-04-05', NULL, NULL, NULL, NULL, 1, 22, 10, 157, NULL, NULL),
(218, 'OBR-218', 'NUNO-CARACTFBRA-CAUJZL', '48300000.00', NULL, '40.00', '2018-04-11', '2018-04-13', NULL, NULL, NULL, 1, 13, 11, 158, NULL, NULL),
(219, 'OBR-219', 'ARCO-REMESTLAV-TURMERO', '1248179704.52', NULL, '15.00', '2018-04-27', NULL, NULL, NULL, NULL, 1, 23, 10, 160, NULL, NULL),
(220, 'OBR-220', 'CVER-CONSPAREPRT-MCRO', '7141306688.19', NULL, '21.00', '2018-04-30', NULL, NULL, NULL, NULL, 1, 11, 8, 159, NULL, NULL),
(221, 'OBR-221', 'ARCO-SELLPARLAB-TURMERO', '184949031.00', NULL, '23.00', '2018-05-05', NULL, NULL, NULL, NULL, 1, 23, 3, 162, NULL, NULL),
(222, 'OBR-222', 'ARCO-REPESTMET-TURMERO', '447020601.90', NULL, '24.00', '2018-05-05', NULL, NULL, NULL, NULL, 1, 23, 3, 161, NULL, NULL),
(223, 'OBR-223', 'DRTV-UMAPB-CCS', '120684997.00', NULL, '40.00', '2018-06-07', NULL, NULL, NULL, NULL, 1, 18, 3, 163, NULL, NULL),
(224, 'OBR-224', 'CVER-SERVGALM-YAGUA', '7164213416.49', NULL, '9.09', '2018-06-18', NULL, NULL, NULL, NULL, 1, 11, 3, 165, NULL, NULL),
(225, 'OBR-225', 'CVRG-INSTUBAGU-CORTIJOS', '312804510.00', NULL, '20.00', '2018-06-18', NULL, NULL, NULL, NULL, 1, 22, 8, 164, NULL, NULL),
(226, 'OBR-226', 'CVRG-SUMIVAR-CORTIJOS', '39650000.00', NULL, '5.00', '2018-06-21', NULL, NULL, NULL, NULL, 1, 22, 16, 166, NULL, NULL),
(227, 'OBR-227', 'PUIG-INSTPORTMET-CORTIJOS', NULL, NULL, NULL, '2018-07-09', NULL, NULL, NULL, NULL, 1, 24, 8, 167, NULL, NULL),
(228, 'OBR-228', 'VEHI-TAHOE-5MT', NULL, NULL, NULL, '2018-07-01', NULL, NULL, NULL, NULL, 1, NULL, NULL, 0, NULL, NULL),
(229, 'OBR-229', 'VEH-F150-K0D', NULL, NULL, NULL, '2018-07-01', NULL, NULL, NULL, NULL, 1, NULL, NULL, 0, NULL, NULL),
(230, 'OBR-230', 'VEHI-LUVD-ABH', NULL, NULL, NULL, '2018-07-01', NULL, NULL, NULL, NULL, 1, NULL, NULL, 0, NULL, NULL),
(231, 'OBR-232', 'VEHI-SILV-I2H', '0.00', '0.00', '0.00', '2018-07-01', NULL, NULL, NULL, NULL, 1, NULL, NULL, 0, NULL, NULL),
(232, 'OBR-231', 'VEHI-CHEY-SAI', NULL, NULL, NULL, '2018-07-01', NULL, NULL, NULL, NULL, 1, NULL, 8, 0, NULL, NULL),
(233, 'OBR-233', 'VEHI-F350-H1E', NULL, NULL, NULL, '2018-07-01', NULL, NULL, NULL, NULL, 1, NULL, NULL, 0, NULL, NULL),
(234, 'OBR-234', 'VEHI-IVEC-G4D', NULL, NULL, NULL, '2018-07-01', NULL, NULL, NULL, NULL, 1, NULL, NULL, 0, NULL, NULL),
(235, 'OBR-235', 'DRTV-SUMICORR-CCS', '576000000.00', NULL, '46.00', '2018-07-26', NULL, NULL, NULL, NULL, 1, 18, 3, 168, NULL, NULL),
(236, 'OBR-236', 'DHL-ELECEDIF-MQTA', '1885000000.00', NULL, '59.00', '2018-07-28', NULL, NULL, NULL, NULL, 1, 25, 8, 169, NULL, NULL),
(237, 'OBR-237', 'DRTV-SUMIHOPE-CCS', '1200000000.00', NULL, NULL, '2018-08-13', '2018-08-14', NULL, NULL, NULL, 1, 18, 3, 170, NULL, NULL),
(238, 'OBR-238', 'DGCE-USDMAKO-BVI', '0.00', NULL, '25.00', '2018-08-22', NULL, NULL, NULL, NULL, 1, 26, 11, 172, NULL, NULL),
(239, 'OBR-239', 'DGCE-BSMAKO-BVI', NULL, NULL, '25.00', '2018-08-22', NULL, NULL, NULL, NULL, 1, 26, 11, 171, NULL, NULL),
(240, 'OBR-240', 'DRTV-UMAP2-CCS', '8500.00', NULL, '50.00', '2018-08-27', NULL, NULL, NULL, NULL, 1, 18, 3, 173, NULL, NULL),
(241, 'OBR-241', 'DRTV-UMAP2O-CCS', '6525.00', NULL, '50.00', '2018-09-17', '2018-09-19', NULL, NULL, NULL, 1, 18, 3, 174, NULL, NULL),
(242, 'OBR-242', 'Operaciones de Oficina USD', NULL, NULL, NULL, NULL, NULL, 'Todos', 'Todos', NULL, 1, NULL, NULL, NULL, NULL, NULL),
(243, 'OBR-243', 'CVER-INSTCBLE-MCRO', '206690.00', NULL, '68.00', '2018-09-20', NULL, NULL, NULL, NULL, 1, 11, 8, 175, NULL, NULL),
(244, 'OBR-244', 'TMVE-SUMBOMBAG-CCS', '59249.99', NULL, NULL, '2018-09-26', '2018-10-26', NULL, NULL, NULL, 1, 5, 16, 176, NULL, NULL),
(245, 'OBR-245', 'CVER-ELECALMA-MCRO', '5433.00', NULL, NULL, '2018-10-03', '2018-10-05', NULL, NULL, NULL, 1, 11, 3, 177, NULL, NULL),
(246, 'OBR-246', 'HEIZ-DRENAJE AGUA-SANJOQ', '1989211.50', NULL, NULL, '2018-10-29', '2018-11-12', NULL, NULL, NULL, 1, 27, 3, 178, NULL, NULL),
(247, 'OBR-247', 'DRTV-UMAP11O-CCS', '690000.00', NULL, '45.00', '2019-04-15', '2019-04-24', NULL, NULL, NULL, 1, 18, 3, 179, NULL, NULL),
(248, 'OBR-248', 'DRTV-MANTELCENT-CCS', '2772247.44', NULL, '55.00', '2019-04-21', NULL, NULL, NULL, NULL, 1, 18, 3, 180, NULL, NULL),
(249, 'OBR-249', 'DRTV-UMAP6E-CCS', '204600.00', NULL, '36.00', '2019-06-06', '2019-06-10', NULL, NULL, NULL, 1, 18, 3, 181, NULL, NULL),
(250, 'OBR-250', 'CVER-REVELECT-BLA', NULL, NULL, NULL, '2019-06-26', NULL, NULL, NULL, NULL, 1, 11, 7, 182, NULL, NULL),
(251, 'OBR-251', 'CVER-INSTPOCETA-MQTA', '3003075.00', NULL, NULL, '2019-07-25', '2019-07-25', NULL, NULL, NULL, 1, 11, 10, 183, NULL, NULL),
(252, 'OBR-252', 'CVER-REMREFLECT-MQTA', '1930000.00', NULL, '38.00', '2019-10-28', '2019-10-28', NULL, NULL, NULL, 1, 11, 3, 184, NULL, NULL),
(253, 'OBR-253', 'PTLO-RESTBAÑO-CHT', '6300000.00', NULL, '48.00', '2019-12-06', NULL, NULL, NULL, NULL, 0, 28, 10, 185, NULL, NULL),
(254, 'OBR-254', 'PTLO-REPADRYWALL-BARUTA', '5700000.00', NULL, '47.00', '2019-12-12', '2019-12-14', NULL, NULL, NULL, 1, 28, 3, 186, NULL, NULL),
(255, 'OBR-255', 'NEST-REPOFCTRAL-TRIN', '52704673.72', NULL, '40.00', '2020-01-17', '2020-01-20', NULL, NULL, NULL, 1, 29, 3, 187, NULL, NULL),
(256, 'OBR-256', 'PTLO-REPFILTOFC-BARUTA', '0.00', NULL, '30.00', '2019-12-13', '2019-12-31', NULL, NULL, NULL, 1, 28, 10, 188, NULL, NULL),
(257, 'OBR-257', 'JHCP-INTERN-SO1', '139550.00', NULL, '0.00', '2020-01-30', '2020-12-31', NULL, NULL, NULL, 1, 30, 19, 189, NULL, NULL),
(258, 'OBR-258', 'NEST-ADOFICVTAS-TURMRO', '3037862460.00', NULL, NULL, '2020-02-17', '2020-03-31', NULL, NULL, NULL, 1, 29, 3, 190, NULL, NULL),
(259, 'OBR-258', 'NEST-USD-ADOFICVTAS-TURMRO', '0.00', NULL, NULL, '2020-02-17', '2020-03-31', NULL, NULL, NULL, 1, 29, 3, 190, NULL, NULL),
(260, 'OBR-260', 'PTLO-RESTBAÑOII-CHT', '6979505.00', NULL, NULL, '2020-02-19', '2020-02-19', NULL, NULL, NULL, 1, 28, 6, 191, NULL, NULL),
(261, 'OBR-261', 'PTLO-REPFLUXBÑO-CHT', NULL, NULL, NULL, '2020-02-21', '2020-02-21', NULL, NULL, NULL, 1, 28, 6, 192, NULL, NULL),
(262, 'OBR-262', 'RRHH-BON-FEB', '108770000.00', NULL, NULL, '2020-03-03', '2020-03-04', 'Jordy Colmenares', 'Josselyn Tovar', NULL, 1, 30, 19, 20, NULL, NULL),
(263, 'OBR-263', 'SCAB-FUSFIBR-ADJUNTAS', '11250000.00', NULL, '33.00', '2020-02-28', '2020-02-29', NULL, NULL, NULL, 1, 31, 4, 193, NULL, NULL),
(264, 'OBR-264', 'COMPRA DE DIVISA', NULL, NULL, NULL, NULL, NULL, 'Todos', 'Todos', NULL, 1, NULL, NULL, NULL, NULL, NULL),
(265, 'OBR-265', 'PTLO-MEDORGAS-BARUTA', NULL, NULL, NULL, '2020-03-09', NULL, NULL, NULL, NULL, 1, 28, 3, 194, NULL, NULL),
(266, 'OBR-266', 'RRHH-BON-MAR', '121910000.00', NULL, NULL, '2020-04-01', '2020-04-30', '', 'Josselyn Tovar', NULL, 1, 30, 19, 20, NULL, NULL),
(267, 'OBR-267', 'NEST-REPDREAA-STACRUZ ', '101119939.00', NULL, NULL, '2020-05-01', '2020-05-04', NULL, NULL, NULL, 1, 29, 3, 195, NULL, NULL),
(268, 'OBR-268', 'NEST-REMOJUNTA-ENCRCJDA', '17204923.00', NULL, NULL, '2020-05-06', '2020-05-12', NULL, NULL, NULL, 1, 29, 3, 196, NULL, NULL),
(269, 'OBR-269', 'NEST-SUMMAYAPLA -STACRUZ ', '508857791.00', NULL, NULL, '2020-05-08', NULL, NULL, NULL, NULL, 1, 29, 3, 197, NULL, NULL),
(270, 'OBR-270', 'NEST-SUMATGOMA -STACRUZ ', NULL, NULL, NULL, '2020-05-08', NULL, NULL, NULL, NULL, 1, 29, 3, 198, NULL, NULL),
(271, 'OBR-271', 'NEST-REPSINCENBO-ENCRCJDA', '126561774.00', NULL, NULL, '2020-05-13', NULL, NULL, NULL, NULL, 1, 29, 3, 199, NULL, NULL),
(272, 'OBR-272', 'NEST-MANTENA/A -STACRUZ ', '206201982.00', NULL, NULL, '2020-05-15', '2020-05-22', NULL, NULL, NULL, 1, 29, 3, 200, NULL, NULL),
(273, 'OBR-273', 'RRHH-BON-MAY', '0.00', NULL, NULL, '2020-05-01', '2020-05-31', '', 'Josselyn Tovar', NULL, 1, 30, 19, 20, NULL, NULL),
(274, 'OBR-274', 'NEST-MANTECONS-EDFMORON', '999999999.00', NULL, NULL, '2020-07-17', '2020-08-30', NULL, NULL, NULL, 1, 29, 3, 201, NULL, NULL),
(275, 'OBR-275', 'IFRC-ADCDEPOSTO-VAL', NULL, NULL, NULL, '2021-01-25', NULL, NULL, NULL, NULL, 1, 32, 3, 202, NULL, NULL),
(276, 'OBR-276', 'IFRC-INSTAAVENT-VAL', NULL, NULL, NULL, '2021-03-11', NULL, NULL, NULL, NULL, 1, 32, 3, 203, NULL, NULL),
(277, 'OBR-277', 'CVER-REPOFICSIN-YAGUA', NULL, NULL, NULL, '2021-03-22', NULL, NULL, NULL, NULL, 1, 11, 10, 204, NULL, NULL),
(278, 'OBR-278', 'IFRC-ADEHOSP-CCS', NULL, NULL, '9.00', '2021-05-17', NULL, NULL, NULL, NULL, 1, 32, 8, 205, NULL, NULL),
(279, 'OBR-279', 'IFRC-USD-ADEHOSP-CCS', NULL, NULL, '9.00', '2021-05-17', NULL, NULL, NULL, NULL, 1, 32, 8, 205, NULL, NULL),
(280, 'OBR-280', 'Gastos USD de Recursos Humanos ', NULL, NULL, NULL, NULL, NULL, 'Josselyn Tovar', 'Josselyn Tovar', NULL, 1, NULL, NULL, NULL, NULL, NULL),
(281, 'OBR-281', 'CVER-REPSANIT-MQTA', NULL, NULL, NULL, '2021-08-09', NULL, NULL, NULL, NULL, 1, 11, 6, 206, NULL, NULL);

-- --------------------------------------------------------

--
-- Estructura de tabla para la tabla `obra_personal`
--

CREATE TABLE `obra_personal` (
  `id` bigint(20) UNSIGNED NOT NULL,
  `op_cargo` varchar(100) COLLATE utf8mb4_unicode_ci NOT NULL,
  `obra_id` bigint(20) UNSIGNED NOT NULL,
  `personal_id` bigint(20) UNSIGNED NOT NULL,
  `created_at` timestamp NULL DEFAULT NULL,
  `updated_at` timestamp NULL DEFAULT NULL
) ENGINE=InnoDB DEFAULT CHARSET=utf8mb4 COLLATE=utf8mb4_unicode_ci;

--
-- Volcado de datos para la tabla `obra_personal`
--

INSERT INTO `obra_personal` (`id`, `op_cargo`, `obra_id`, `personal_id`, `created_at`, `updated_at`) VALUES
(1, '1', 37, 3, NULL, NULL),
(2, '1', 20, 3, NULL, NULL),
(3, '2', 20, 4, NULL, NULL),
(4, '2', 20, 6, NULL, NULL),
(5, '1', 10, 3, NULL, NULL),
(6, '1', 10, 7, NULL, NULL),
(7, '1', 20, 12, NULL, NULL),
(8, '1', 36, 7, NULL, NULL),
(9, '2', 41, 9, NULL, NULL),
(10, '1', 41, 8, NULL, NULL),
(11, '1', 42, 2, NULL, NULL),
(12, '1', 36, 5, NULL, NULL),
(13, '1', 35, 2, NULL, NULL),
(14, '2', 35, 17, NULL, NULL),
(15, '1', 34, 3, NULL, NULL),
(16, '1', 31, 3, NULL, NULL),
(17, '1', 30, 2, NULL, NULL),
(18, '1', 25, 2, NULL, NULL),
(19, '1', 16, 8, NULL, NULL),
(20, '1', 12, 8, NULL, NULL),
(21, '1', 11, 2, NULL, NULL),
(22, '1', 10, 4, NULL, NULL),
(23, '1', 9, 2, NULL, NULL),
(24, '1', 7, 1, NULL, NULL),
(25, '1', 3, 2, NULL, NULL),
(26, '1', 8, 1, NULL, NULL),
(27, '1', 8, 2, NULL, NULL),
(28, '1', 8, 17, NULL, NULL),
(29, '1', 43, 1, NULL, NULL),
(30, '1', 48, 1, NULL, NULL),
(31, '1', 49, 5, NULL, NULL),
(32, '1', 49, 7, NULL, NULL),
(33, '1', 50, 3, NULL, NULL),
(34, '1', 51, 1, NULL, NULL),
(35, '1', 52, 3, NULL, NULL),
(36, '1', 53, 3, NULL, NULL),
(37, '1', 54, 7, NULL, NULL),
(38, '1', 55, 7, NULL, NULL),
(39, '1', 56, 2, NULL, NULL),
(40, '1', 57, 1, NULL, NULL),
(41, '2', 58, 14, NULL, NULL),
(42, '1', 59, 11, NULL, NULL),
(43, '2', 60, 6, NULL, NULL),
(44, '1', 61, 2, NULL, NULL),
(45, '2', 62, 6, NULL, NULL),
(46, '1', 63, 4, NULL, NULL),
(47, '1', 64, 1, NULL, NULL),
(48, '1', 64, 2, NULL, NULL),
(49, '1', 65, 2, NULL, NULL),
(50, '1', 66, 11, NULL, NULL),
(51, '1', 67, 11, NULL, NULL),
(52, '1', 68, 11, NULL, NULL),
(53, '1', 69, 11, NULL, NULL),
(54, '2', 70, 14, NULL, NULL),
(55, '1', 71, 1, NULL, NULL),
(56, '1', 72, 2, NULL, NULL),
(57, '1', 73, 3, NULL, NULL),
(58, '1', 74, 2, NULL, NULL),
(59, '1', 75, 18, NULL, NULL),
(60, '1', 76, 2, NULL, NULL),
(61, '1', 77, 18, NULL, NULL),
(62, '1', 79, 11, NULL, NULL),
(63, '1', 80, 11, NULL, NULL),
(64, '1', 81, 3, NULL, NULL),
(65, '2', 82, 15, NULL, NULL),
(66, '1', 83, 16, NULL, NULL),
(67, '1', 84, 19, NULL, NULL),
(68, '1', 85, 3, NULL, NULL),
(69, '1', 86, 19, NULL, NULL),
(70, '1', 87, 19, NULL, NULL),
(71, '1', 88, 3, NULL, NULL),
(72, '1', 89, 19, NULL, NULL),
(73, '1', 90, 20, NULL, NULL),
(74, '1', 91, 3, NULL, NULL),
(75, '2', 92, 20, NULL, NULL),
(76, '1', 93, 11, NULL, NULL),
(77, '1', 94, 21, NULL, NULL),
(78, '1', 95, 19, NULL, NULL),
(79, '1', 96, 22, NULL, NULL),
(80, '1', 97, 22, NULL, NULL),
(81, '1', 98, 22, NULL, NULL),
(83, '1', 103, 21, NULL, NULL),
(84, '1', 103, 1, NULL, NULL),
(85, '1', 104, 19, NULL, NULL),
(86, '1', 105, 22, NULL, NULL),
(87, '1', 106, 16, NULL, NULL),
(88, '2', 106, 13, NULL, NULL),
(89, '1', 107, 16, NULL, NULL),
(90, '2', 107, 13, NULL, NULL),
(91, '1', 108, 19, NULL, NULL),
(92, '1', 109, 19, NULL, NULL),
(93, '1', 110, 19, NULL, NULL),
(94, '1', 111, 23, NULL, NULL),
(95, '1', 112, 19, NULL, NULL),
(96, '1', 113, 19, NULL, NULL),
(97, '1', 114, 23, NULL, NULL),
(98, '1', 116, 19, NULL, NULL),
(99, '1', 117, 16, NULL, NULL),
(100, '1', 118, 19, NULL, NULL),
(101, '1', 119, 22, NULL, NULL),
(102, '1', 120, 22, NULL, NULL),
(103, '1', 121, 23, NULL, NULL),
(104, '1', 123, 23, NULL, NULL),
(105, '1', 124, 24, NULL, NULL),
(106, '1', 125, 25, NULL, NULL),
(107, '1', 126, 25, NULL, NULL),
(108, '2', 127, 26, NULL, NULL),
(109, '1', 129, 21, NULL, NULL),
(110, '1', 130, 21, NULL, NULL),
(111, '1', 131, 21, NULL, NULL),
(112, '1', 132, 21, NULL, NULL),
(113, '2', 133, 26, NULL, NULL),
(114, '1', 134, 21, NULL, NULL),
(115, '1', 135, 21, NULL, NULL),
(116, '1', 136, 21, NULL, NULL),
(117, '1', 137, 21, NULL, NULL),
(118, '1', 138, 21, NULL, NULL),
(119, '1', 139, 21, NULL, NULL),
(120, '1', 140, 19, NULL, NULL),
(121, '1', 141, 16, NULL, NULL),
(122, '1', 142, 16, NULL, NULL),
(123, '1', 143, 16, NULL, NULL),
(124, '1', 144, 16, NULL, NULL),
(125, '1', 145, 1, NULL, NULL),
(126, '1', 146, 1, NULL, NULL),
(127, '1', 147, 1, NULL, NULL),
(128, '1', 148, 23, NULL, NULL),
(129, '1', 149, 16, NULL, NULL),
(130, '1', 150, 16, NULL, NULL),
(131, '1', 151, 3, NULL, NULL),
(132, '1', 152, 3, NULL, NULL),
(133, '1', 153, 21, NULL, NULL),
(134, '1', 154, 21, NULL, NULL),
(135, '1', 155, 21, NULL, NULL),
(136, '1', 156, 19, NULL, NULL),
(137, '1', 157, 16, NULL, NULL),
(138, '1', 158, 16, NULL, NULL),
(139, '1', 159, 22, NULL, NULL),
(140, '1', 160, 19, NULL, NULL),
(141, '1', 161, 16, NULL, NULL),
(142, '1', 162, 3, NULL, NULL),
(143, '1', 163, 19, NULL, NULL),
(144, '1', 164, 1, NULL, NULL),
(145, '1', 165, 19, NULL, NULL),
(146, '1', 166, 19, NULL, NULL),
(147, '1', 167, 19, NULL, NULL),
(148, '1', 168, 21, NULL, NULL),
(149, '1', 169, 19, NULL, NULL),
(150, '1', 170, 19, NULL, NULL),
(151, '1', 171, 21, NULL, NULL),
(152, '1', 172, 19, NULL, NULL),
(153, '1', 173, 19, NULL, NULL),
(154, '1', 174, 19, NULL, NULL),
(155, '1', 175, 19, NULL, NULL),
(156, '1', 176, 19, NULL, NULL),
(157, '1', 177, 19, NULL, NULL),
(158, '1', 178, 19, NULL, NULL),
(159, '1', 179, 19, NULL, NULL),
(160, '1', 180, 19, NULL, NULL),
(161, '1', 181, 3, NULL, NULL),
(162, '1', 182, 3, NULL, NULL),
(163, '1', 183, 3, NULL, NULL),
(164, '1', 184, 3, NULL, NULL),
(165, '1', 185, 3, NULL, NULL),
(166, '1', 186, 3, NULL, NULL),
(167, '1', 187, 3, NULL, NULL),
(168, '1', 188, 3, NULL, NULL),
(169, '1', 189, 11, NULL, NULL),
(170, '1', 190, 16, NULL, NULL),
(171, '1', 191, 19, NULL, NULL),
(172, '1', 192, 19, NULL, NULL),
(173, '1', 193, 21, NULL, NULL),
(174, '1', 194, 19, NULL, NULL),
(175, '1', 195, 19, NULL, NULL),
(176, '1', 196, 19, NULL, NULL),
(177, '1', 197, 16, NULL, NULL),
(178, '1', 198, 16, NULL, NULL),
(179, '1', 199, 16, NULL, NULL),
(180, '1', 200, 19, NULL, NULL),
(181, '1', 201, 19, NULL, NULL),
(182, '1', 202, 19, NULL, NULL),
(183, '1', 203, 1, NULL, NULL),
(184, '1', 204, 19, NULL, NULL),
(185, '1', 205, 3, NULL, NULL),
(186, '1', 206, 16, NULL, NULL),
(187, '1', 207, 27, NULL, NULL),
(188, '1', 208, 21, NULL, NULL),
(189, '1', 209, 21, NULL, NULL),
(190, '1', 211, 28, NULL, NULL),
(191, '1', 212, 27, NULL, NULL),
(192, '1', 213, 21, NULL, NULL),
(193, '1', 214, 21, NULL, NULL),
(194, '1', 215, 28, NULL, NULL),
(195, '1', 217, 29, NULL, NULL),
(196, '1', 218, 1, NULL, NULL),
(197, '1', 219, 28, NULL, NULL),
(198, '1', 220, 29, NULL, NULL),
(199, '2', 221, 30, NULL, NULL),
(200, '2', 222, 30, NULL, NULL),
(201, '1', 223, 1, NULL, NULL),
(202, '1', 224, 28, NULL, NULL),
(203, '1', 225, 29, NULL, NULL),
(204, '1', 226, 29, NULL, NULL),
(205, '1', 227, 28, NULL, NULL),
(206, '1', 235, 1, NULL, NULL),
(207, '1', 236, 28, NULL, NULL),
(208, '1', 237, 1, NULL, NULL),
(209, '2', 238, 21, NULL, NULL),
(210, '1', 239, 31, NULL, NULL),
(211, '2', 239, 21, NULL, NULL),
(212, '1', 240, 1, NULL, NULL),
(213, '1', 241, 1, NULL, NULL),
(214, '1', 243, 28, NULL, NULL),
(215, '1', 244, 1, NULL, NULL),
(216, '1', 245, 28, NULL, NULL),
(217, '1', 246, 28, NULL, NULL),
(218, '1', 247, 1, NULL, NULL),
(219, '1', 248, 1, NULL, NULL),
(220, '1', 249, 1, NULL, NULL),
(221, '1', 250, 1, NULL, NULL),
(222, '1', 251, 28, NULL, NULL),
(223, '1', 252, 1, NULL, NULL),
(225, '1', 253, 28, NULL, NULL),
(226, '1', 254, 28, NULL, NULL),
(227, '1', 255, 28, NULL, NULL),
(228, '1', 256, 28, NULL, NULL),
(229, '1', 257, 32, NULL, NULL),
(230, '1', 258, 28, NULL, NULL),
(231, '1', 260, 28, NULL, NULL),
(232, '1', 261, 28, NULL, NULL),
(233, '1', 262, 32, NULL, NULL),
(234, '1', 263, 1, NULL, NULL),
(235, '1', 265, 28, NULL, NULL),
(236, '1', 267, 28, NULL, NULL),
(237, '1', 268, 28, NULL, NULL),
(238, '1', 269, 28, NULL, NULL),
(239, '1', 270, 28, NULL, NULL),
(240, '1', 271, 28, NULL, NULL),
(241, '1', 272, 28, NULL, NULL),
(242, '1', 274, 28, NULL, NULL),
(243, '1', 275, 33, NULL, NULL),
(244, '1', 276, 33, NULL, NULL),
(245, '1', 277, 33, NULL, NULL),
(246, '1', 278, 33, NULL, NULL),
(247, '1', 281, 33, NULL, NULL);

-- --------------------------------------------------------

--
-- Estructura de tabla para la tabla `password_resets`
--

CREATE TABLE `password_resets` (
  `email` varchar(100) COLLATE utf8mb4_unicode_ci NOT NULL,
  `token` varchar(255) COLLATE utf8mb4_unicode_ci NOT NULL,
  `created_at` timestamp NULL DEFAULT NULL
) ENGINE=InnoDB DEFAULT CHARSET=utf8mb4 COLLATE=utf8mb4_unicode_ci;

-- --------------------------------------------------------

--
-- Estructura de tabla para la tabla `permisos`
--

CREATE TABLE `permisos` (
  `id` bigint(20) UNSIGNED NOT NULL,
  `nombre_permiso` varchar(60) COLLATE utf8mb4_unicode_ci NOT NULL,
  `usuario` tinyint(1) NOT NULL DEFAULT '1',
  `crear_usuario` tinyint(1) NOT NULL DEFAULT '1',
  `modificar_usuario` tinyint(1) NOT NULL DEFAULT '1',
  `ver_botones_usuario` tinyint(1) NOT NULL DEFAULT '1',
  `desactivar_usuario` tinyint(1) NOT NULL DEFAULT '1',
  `reactivar_usuario` tinyint(1) NOT NULL DEFAULT '1',
  `cliente` tinyint(1) NOT NULL DEFAULT '1',
  `crear_cliente` tinyint(1) NOT NULL DEFAULT '1',
  `modificar_cliente` tinyint(1) NOT NULL DEFAULT '1',
  `ver_botones_cliente` tinyint(1) NOT NULL DEFAULT '1',
  `desactivar_cliente` tinyint(1) NOT NULL DEFAULT '1',
  `reactivar_cliente` tinyint(1) NOT NULL DEFAULT '1',
  `ptc` tinyint(1) NOT NULL DEFAULT '1',
  `crear_ptc` tinyint(1) NOT NULL DEFAULT '1',
  `modificar_ptc` tinyint(1) NOT NULL DEFAULT '1',
  `ver_botones_ptc` tinyint(1) NOT NULL DEFAULT '1',
  `desactivar_ptc` tinyint(1) NOT NULL DEFAULT '1',
  `reactivar_ptc` tinyint(1) NOT NULL DEFAULT '1',
  `obra` tinyint(1) NOT NULL DEFAULT '1',
  `crear_obra` tinyint(1) NOT NULL DEFAULT '1',
  `modificar_obra` tinyint(1) NOT NULL DEFAULT '1',
  `ver_botones_obra` tinyint(1) NOT NULL DEFAULT '1',
  `desactivar_obra` tinyint(1) NOT NULL DEFAULT '1',
  `reactivar_obra` tinyint(1) NOT NULL DEFAULT '1',
  `materiales` tinyint(1) NOT NULL DEFAULT '1',
  `crear_materiales` tinyint(1) NOT NULL DEFAULT '1',
  `modificar_materiales` tinyint(1) NOT NULL DEFAULT '1',
  `ver_botones_materiales` tinyint(1) NOT NULL DEFAULT '1',
  `desactivar_materiales` tinyint(1) NOT NULL DEFAULT '1',
  `reactivar_materiales` tinyint(1) NOT NULL DEFAULT '1',
  `proveedores` tinyint(1) NOT NULL DEFAULT '1',
  `crear_proveedores` tinyint(1) NOT NULL DEFAULT '1',
  `modificar_proveedores` tinyint(1) NOT NULL DEFAULT '1',
  `ver_botones_proveedores` tinyint(1) NOT NULL DEFAULT '1',
  `desactivar_proveedores` tinyint(1) NOT NULL DEFAULT '1',
  `reactivar_proveedores` tinyint(1) NOT NULL DEFAULT '1',
  `suministros` tinyint(1) NOT NULL DEFAULT '1',
  `crear_suministros` tinyint(1) NOT NULL DEFAULT '1',
  `modificar_suministros` tinyint(1) NOT NULL DEFAULT '1',
  `ver_botones_suministros` tinyint(1) NOT NULL DEFAULT '1',
  `desactivar_suministros` tinyint(1) NOT NULL DEFAULT '1',
  `reactivar_suministros` tinyint(1) NOT NULL DEFAULT '1',
  `banco` tinyint(1) NOT NULL DEFAULT '1',
  `crear_banco` tinyint(1) NOT NULL DEFAULT '1',
  `modificar_banco` tinyint(1) NOT NULL DEFAULT '1',
  `ver_botones_banco` tinyint(1) NOT NULL DEFAULT '1',
  `desactivar_banco` tinyint(1) NOT NULL DEFAULT '1',
  `reactivar_banco` tinyint(1) NOT NULL DEFAULT '1',
  `created_at` timestamp NULL DEFAULT NULL,
  `updated_at` timestamp NULL DEFAULT NULL
) ENGINE=InnoDB DEFAULT CHARSET=utf8mb4 COLLATE=utf8mb4_unicode_ci;

--
-- Volcado de datos para la tabla `permisos`
--

INSERT INTO `permisos` (`id`, `nombre_permiso`, `usuario`, `crear_usuario`, `modificar_usuario`, `ver_botones_usuario`, `desactivar_usuario`, `reactivar_usuario`, `cliente`, `crear_cliente`, `modificar_cliente`, `ver_botones_cliente`, `desactivar_cliente`, `reactivar_cliente`, `ptc`, `crear_ptc`, `modificar_ptc`, `ver_botones_ptc`, `desactivar_ptc`, `reactivar_ptc`, `obra`, `crear_obra`, `modificar_obra`, `ver_botones_obra`, `desactivar_obra`, `reactivar_obra`, `materiales`, `crear_materiales`, `modificar_materiales`, `ver_botones_materiales`, `desactivar_materiales`, `reactivar_materiales`, `proveedores`, `crear_proveedores`, `modificar_proveedores`, `ver_botones_proveedores`, `desactivar_proveedores`, `reactivar_proveedores`, `suministros`, `crear_suministros`, `modificar_suministros`, `ver_botones_suministros`, `desactivar_suministros`, `reactivar_suministros`, `banco`, `crear_banco`, `modificar_banco`, `ver_botones_banco`, `desactivar_banco`, `reactivar_banco`, `created_at`, `updated_at`) VALUES
(1, 'Supremo', 1, 1, 1, 1, 1, 1, 1, 0, 1, 1, 1, 1, 1, 1, 1, 1, 1, 1, 1, 1, 1, 1, 1, 1, 1, 1, 1, 1, 1, 1, 1, 1, 1, 1, 1, 1, 1, 1, 1, 1, 1, 1, 1, 1, 1, 1, 1, 1, NULL, NULL),
(2, 'dos', 1, 1, 1, 1, 1, 1, 1, 1, 1, 1, 1, 1, 1, 1, 1, 1, 1, 1, 1, 1, 1, 1, 1, 1, 1, 1, 1, 1, 1, 1, 1, 1, 1, 1, 1, 1, 1, 1, 1, 1, 1, 1, 1, 1, 1, 1, 1, 1, NULL, NULL),
(3, 'tres', 1, 1, 1, 1, 1, 1, 1, 1, 1, 1, 1, 1, 1, 1, 1, 1, 1, 1, 1, 1, 1, 1, 1, 1, 1, 1, 1, 1, 1, 1, 1, 1, 1, 1, 1, 1, 1, 1, 1, 1, 1, 1, 1, 1, 1, 1, 1, 1, NULL, NULL),
(4, 'cuatro', 1, 1, 1, 1, 1, 1, 1, 1, 1, 1, 1, 1, 1, 1, 1, 1, 1, 1, 1, 1, 1, 1, 1, 1, 1, 1, 1, 1, 1, 1, 1, 1, 1, 1, 1, 1, 1, 1, 1, 1, 1, 1, 1, 1, 1, 1, 1, 1, NULL, NULL),
(5, 'cinco', 1, 1, 1, 1, 1, 1, 1, 1, 1, 1, 1, 1, 1, 1, 1, 1, 1, 1, 1, 1, 1, 1, 1, 1, 1, 1, 1, 1, 1, 1, 1, 1, 1, 1, 1, 1, 1, 1, 1, 1, 1, 1, 1, 1, 1, 1, 1, 1, NULL, NULL),
(6, 'seis', 1, 1, 1, 1, 1, 1, 1, 1, 1, 1, 1, 1, 1, 1, 1, 1, 1, 1, 1, 1, 1, 1, 1, 1, 1, 1, 1, 1, 1, 1, 1, 1, 1, 1, 1, 1, 1, 1, 1, 1, 1, 1, 1, 1, 1, 1, 1, 1, NULL, NULL),
(7, 'siete', 1, 1, 1, 1, 1, 1, 1, 1, 1, 1, 1, 1, 1, 1, 1, 1, 1, 1, 1, 1, 1, 1, 1, 1, 1, 1, 1, 1, 1, 1, 1, 1, 1, 1, 1, 1, 1, 1, 1, 1, 1, 1, 1, 1, 1, 1, 1, 1, NULL, NULL),
(8, 'ocho', 1, 1, 1, 1, 1, 1, 1, 1, 1, 1, 1, 1, 1, 1, 1, 1, 1, 1, 1, 1, 1, 1, 1, 1, 1, 1, 1, 1, 1, 1, 1, 1, 1, 1, 1, 1, 1, 1, 1, 1, 1, 1, 1, 1, 1, 1, 1, 1, NULL, NULL),
(9, 'nueve', 1, 1, 1, 1, 1, 1, 1, 1, 1, 1, 1, 1, 1, 1, 1, 1, 1, 1, 1, 1, 1, 1, 1, 1, 1, 1, 1, 1, 1, 1, 1, 1, 1, 1, 1, 1, 1, 1, 1, 1, 1, 1, 1, 1, 1, 1, 1, 1, NULL, NULL),
(10, 'diez', 1, 1, 1, 1, 1, 1, 1, 1, 1, 1, 1, 1, 1, 1, 1, 1, 1, 1, 1, 1, 1, 1, 1, 1, 1, 1, 1, 1, 1, 1, 1, 1, 1, 1, 1, 1, 1, 1, 1, 1, 1, 1, 1, 1, 1, 1, 1, 1, NULL, NULL),
(11, 'once', 1, 1, 1, 1, 1, 1, 1, 1, 1, 1, 1, 1, 1, 1, 1, 1, 1, 1, 1, 1, 1, 1, 1, 1, 1, 1, 1, 1, 1, 1, 1, 1, 1, 1, 1, 1, 1, 1, 1, 1, 1, 1, 1, 1, 1, 1, 1, 1, NULL, NULL),
(12, 'doce', 1, 1, 1, 1, 1, 1, 1, 1, 1, 1, 1, 1, 1, 1, 1, 1, 1, 1, 1, 1, 1, 1, 1, 1, 1, 1, 1, 1, 1, 1, 1, 1, 1, 1, 1, 1, 1, 1, 1, 1, 1, 1, 1, 1, 1, 1, 1, 1, NULL, NULL),
(13, 'trece', 1, 1, 1, 1, 1, 1, 1, 1, 1, 1, 1, 1, 1, 1, 1, 1, 1, 1, 1, 1, 1, 1, 1, 1, 1, 1, 1, 1, 1, 1, 1, 1, 1, 1, 1, 1, 1, 1, 1, 1, 1, 1, 1, 1, 1, 1, 1, 1, NULL, NULL),
(14, 'catorce', 1, 1, 1, 1, 1, 1, 1, 1, 1, 1, 1, 1, 1, 1, 1, 1, 1, 1, 1, 1, 1, 1, 1, 1, 1, 1, 1, 1, 1, 1, 1, 1, 1, 1, 1, 1, 1, 1, 1, 1, 1, 1, 1, 1, 1, 1, 1, 1, NULL, NULL),
(15, 'quince', 1, 1, 1, 1, 1, 1, 1, 1, 1, 1, 1, 1, 1, 1, 1, 1, 1, 1, 1, 1, 1, 1, 1, 1, 1, 1, 1, 1, 1, 1, 1, 1, 1, 1, 1, 1, 1, 1, 1, 1, 1, 1, 1, 1, 1, 1, 1, 1, NULL, NULL),
(16, 'dieciseis', 1, 1, 1, 1, 1, 1, 1, 1, 1, 1, 1, 1, 1, 1, 1, 1, 1, 1, 1, 1, 1, 1, 1, 1, 1, 1, 1, 1, 1, 1, 1, 1, 1, 1, 1, 1, 1, 1, 1, 1, 1, 1, 1, 1, 1, 1, 1, 1, NULL, NULL),
(17, 'diecisiete', 1, 1, 1, 1, 1, 1, 1, 1, 1, 1, 1, 1, 1, 1, 1, 1, 1, 1, 1, 1, 1, 1, 1, 1, 1, 1, 1, 1, 1, 1, 1, 1, 1, 1, 1, 1, 1, 1, 1, 1, 1, 1, 1, 1, 1, 1, 1, 1, NULL, NULL),
(18, 'dieciocho', 1, 1, 1, 1, 1, 1, 1, 1, 1, 1, 1, 1, 1, 1, 1, 1, 1, 1, 1, 1, 1, 1, 1, 1, 1, 1, 1, 1, 1, 1, 1, 1, 1, 1, 1, 1, 1, 1, 1, 1, 1, 1, 1, 1, 1, 1, 1, 1, NULL, NULL),
(19, 'diecinueve', 1, 1, 1, 1, 1, 1, 1, 1, 1, 1, 1, 1, 1, 1, 1, 1, 1, 1, 1, 1, 1, 1, 1, 1, 1, 1, 1, 1, 1, 1, 1, 1, 1, 1, 1, 1, 1, 1, 1, 1, 1, 1, 1, 1, 1, 1, 1, 1, NULL, NULL),
(20, 'veinte', 1, 1, 1, 1, 1, 1, 1, 1, 1, 1, 1, 1, 1, 1, 1, 1, 1, 1, 1, 1, 1, 1, 1, 1, 1, 1, 1, 1, 1, 1, 1, 1, 1, 1, 1, 1, 1, 1, 1, 1, 1, 1, 1, 1, 1, 1, 1, 1, NULL, NULL);

-- --------------------------------------------------------

--
-- Estructura de tabla para la tabla `personal`
--

CREATE TABLE `personal` (
  `id` bigint(20) UNSIGNED NOT NULL,
  `personal_codigo` varchar(25) COLLATE utf8mb4_unicode_ci NOT NULL,
  `personal_nombre` varchar(100) COLLATE utf8mb4_unicode_ci NOT NULL,
  `personal_profesion` varchar(100) COLLATE utf8mb4_unicode_ci NOT NULL,
  `personal_estado` tinyint(4) NOT NULL,
  `created_at` timestamp NULL DEFAULT NULL,
  `updated_at` timestamp NULL DEFAULT NULL
) ENGINE=InnoDB DEFAULT CHARSET=utf8mb4 COLLATE=utf8mb4_unicode_ci;

--
-- Volcado de datos para la tabla `personal`
--

INSERT INTO `personal` (`id`, `personal_codigo`, `personal_nombre`, `personal_profesion`, `personal_estado`, `created_at`, `updated_at`) VALUES
(1, 'PER-1', 'Victor Gandica', 'Ingeniero de Sistemas', 1, NULL, NULL),
(2, 'PER-2', 'Yelineth Sanchez', 'Ingeniero Mecánico', 1, NULL, NULL),
(3, 'PER-3', 'Mayerling Paez', 'Ingeniero Telecomunicaciones', 1, NULL, NULL),
(4, 'PER-4', 'Lorena Arria', 'Ingeniero Telecomunicaciones', 1, NULL, NULL),
(5, 'PER-5', 'Luis Rodriguez', 'Ingeniero Telecomunicaciones', 1, NULL, NULL),
(6, 'PER-6', 'Alfredo Rosado', 'Ingeniero Telecomunicaciones', 1, NULL, NULL),
(7, 'PER-7', 'Edwin Blanco', 'Ingeniero Telecomunicaciones', 1, NULL, NULL),
(8, 'PER-8', 'Fredy Altuve', 'Ingeniero Civil', 1, NULL, NULL),
(9, 'PER-9', 'Daniel Belisario Salcedo', 'Pasante Ingenieria Civil', 0, NULL, NULL),
(10, 'PER-10', 'Edwind Correa', 'Ingeniero Telecomunicaciones', 1, NULL, NULL),
(11, 'PER-11', 'Alejandro Ojeda', 'Arquitecto', 1, NULL, NULL),
(12, 'PER-12', 'Joelis Blanco', 'Ingeniero de Planificación', 1, NULL, NULL),
(13, 'PER-13', 'Victor Zambrano', 'Ingeniero Telecomunicaciones', 1, NULL, NULL),
(14, 'PER-14', 'Ali Hernandez', 'Ingeniero Telecomunicaciones', 1, NULL, NULL),
(15, 'PER-15', 'Oswaldo Estevez', 'Ingeniero Electrico', 1, NULL, NULL),
(16, 'PER-16', 'Mirna Osuna', 'Ingeniero Civil', 1, NULL, NULL),
(17, 'PER-17', 'Carlos Ayala', 'Ingeniero Telecomunicaciones', 1, NULL, NULL),
(18, 'PER-18', 'ARIANNA BELLO', 'Ingeniero Telecomunicaciones', 1, NULL, NULL),
(19, 'PER-19', 'Katiuska Antelo', 'Ingeniero Civil', 1, NULL, NULL),
(20, 'PER-20', 'MOISES GUERRA', 'INGENIERO DE PETROLEO', 1, NULL, NULL),
(21, 'PER-21', 'ANDRES CARRION', 'INGENIERO ELECTRICISTA', 1, NULL, NULL),
(22, 'PER-22', 'Miriuscar Urbaneja', 'Ingeniero Civil', 1, NULL, NULL),
(23, 'PER-23', 'NIORKYS MORENO', 'INGENIERO CIVIL', 1, NULL, NULL),
(24, 'PER-24', 'JUAN JOSE GUANIRE', 'INGENIERO DE CAMPO', 1, NULL, NULL),
(25, 'PER-25', 'JESUS RAMIREZ', 'INGENIERO', 0, NULL, NULL),
(26, 'PER-26', 'Douglas Villarroel', 'INGENIERO CIVIL', 1, NULL, NULL),
(27, 'PER-27', 'Sami Souki', 'Gerente de Ventas', 1, NULL, NULL),
(28, 'PER-28', 'MAGDA RODRIGUEZ', 'GERENTE DE PROYECTO', 1, NULL, NULL),
(29, 'PER-29', 'ISMARLIN PUMERO', 'INGENIERO CIVIL', 1, NULL, NULL),
(30, 'PER-30', 'VILCY BRAVO', 'INGENIERO', 1, NULL, NULL),
(31, 'PER-31', 'DOMINGO ALBERTO ABREU ', 'INGENIERO ELECTRONICO', 1, NULL, NULL),
(32, 'PER-32', 'PIERRE SARCINELLI', 'PRESIDENTE', 1, NULL, NULL),
(33, 'PER-33', 'AMELIE ACOSTA', 'ARQUITECTO', 1, NULL, NULL);

-- --------------------------------------------------------

--
-- Estructura de tabla para la tabla `personal_access_tokens`
--

CREATE TABLE `personal_access_tokens` (
  `id` bigint(20) UNSIGNED NOT NULL,
  `tokenable` bigint(20) NOT NULL,
  `name` varchar(60) COLLATE utf8mb4_unicode_ci NOT NULL,
  `token` varchar(64) COLLATE utf8mb4_unicode_ci NOT NULL,
  `abilities` text COLLATE utf8mb4_unicode_ci,
  `last_used_at` timestamp NULL DEFAULT NULL,
  `created_at` timestamp NULL DEFAULT NULL,
  `updated_at` timestamp NULL DEFAULT NULL
) ENGINE=InnoDB DEFAULT CHARSET=utf8mb4 COLLATE=utf8mb4_unicode_ci;

-- --------------------------------------------------------

--
-- Estructura de tabla para la tabla `proveedor`
--

CREATE TABLE `proveedor` (
  `id` bigint(20) UNSIGNED NOT NULL,
  `proveedor_codigo` varchar(25) COLLATE utf8mb4_unicode_ci NOT NULL,
  `proveedor_tipo` varchar(25) COLLATE utf8mb4_unicode_ci DEFAULT NULL,
  `proveedor_rif` varchar(50) COLLATE utf8mb4_unicode_ci DEFAULT NULL,
  `proveedor_nombre` varchar(100) COLLATE utf8mb4_unicode_ci DEFAULT NULL,
  `proveedor_telefono` varchar(50) COLLATE utf8mb4_unicode_ci DEFAULT NULL,
  `proveedor_direccion` varchar(250) COLLATE utf8mb4_unicode_ci DEFAULT NULL,
  `proveedor_correo` varchar(100) COLLATE utf8mb4_unicode_ci DEFAULT NULL,
  `proveedor_contacto` varchar(100) COLLATE utf8mb4_unicode_ci DEFAULT NULL,
  `proveedor_estado` tinyint(1) NOT NULL DEFAULT '1',
  `suministro_id` bigint(20) UNSIGNED DEFAULT NULL,
  `created_at` timestamp NULL DEFAULT NULL,
  `updated_at` timestamp NULL DEFAULT NULL
) ENGINE=InnoDB DEFAULT CHARSET=utf8mb4 COLLATE=utf8mb4_unicode_ci;

--
-- Volcado de datos para la tabla `proveedor`
--

INSERT INTO `proveedor` (`id`, `proveedor_codigo`, `proveedor_tipo`, `proveedor_rif`, `proveedor_nombre`, `proveedor_telefono`, `proveedor_direccion`, `proveedor_correo`, `proveedor_contacto`, `proveedor_estado`, `suministro_id`, `created_at`, `updated_at`) VALUES
(1, 'PRO-1', 'Natural', '12539011', 'Hildemaro Segura', '04268953292', 'San Juan de los Morros', 'hildemaro.segura@gmail.com', '', 1, 5, NULL, NULL),
(2, 'PRO-2', 'Natural', '10665592', 'Marco Longo', '04143929220', 'Palo Negro. Edo. Aragua', 'marco_longo_33@hotmail.com', '', 1, 5, NULL, NULL),
(3, 'PRO-3', 'Juridico', '312194677', 'Granitos y Bloques Aragua, C.A.', '02432674366', 'Los Aviadores, Barrio Bello Monte Nº 58, Autopista, Palo Negro', '', '', 1, 13, NULL, NULL),
(4, 'PRO-4', '', '', 'Daniel Belisario', '04120245083', 'San Antonio', '', '', 0, NULL, NULL, NULL),
(5, 'PRO-5', 'Juridico', '298782226', 'Transporte Getzemani, C.A.', '04243492287', 'Guárico', '', '', 1, 2, NULL, NULL),
(6, 'PRO-6', 'Natural', '14322544', 'Edwin Correa', '04167176844 / 04125435297', 'Caracas', 'edwincorrea2005@gmail.com', 'Edwin Correa', 1, 1, NULL, NULL),
(7, 'PRO-7', 'Natural', '17850060', 'Juan Rodriguez', '04262470608', 'Multicentro Empresarial del Este', 'juanfrancisco19@hotmail.com', '', 1, 50, NULL, NULL),
(8, 'PRO-8', 'Natural', '18597288', 'Victor Zambrano', '04148457858', 'Caracas', 'viczambrano87@gmail.com', '', 1, 1, NULL, NULL),
(9, 'PRO-9', 'Natural', '25509066', 'Elias Gomez', '04263845258', 'Multicentro Empresarial del Este', 'ejgomez37@gmail.com', '', 1, 50, NULL, NULL),
(10, 'PRO-10', 'Juridico', '002747587', 'MRW', '08003040000', 'Centro Empresarial del Este', '', '', 1, 41, NULL, NULL),
(11, 'PRO-11', '', '19250419', 'Victor Hernandez', '04142673828', 'altamira Huawei', '', '', 0, NULL, NULL, NULL),
(12, 'PRO-12', 'Natural', '19160885', 'Jose Orta', '04144546425 ', 'San Fernando de Apure', 'joseluisorta1990@gmail.com', '', 1, 50, NULL, NULL),
(13, 'PRO-13', 'Juridico', '402038534', 'Inversiones del Valle 2013, C.A.', '04242862437', 'San Fernando de Atabapo, Amazonas', 'andykotzer@gmail.com', '', 1, 13, NULL, NULL),
(14, 'PRO-14', 'Natural', '15297709', 'Jose Alejandro Flores', '04120395811', 'San Carlos - Cojedes', '', '', 1, 50, NULL, NULL),
(15, 'PRO-15', 'Juridico', '304746229', 'Graficas Backara, C.A.', '02122842811 - 02124922365', 'Av. Francisco Miranda, Tecoteca, Piso 2', 'graficas_backara@hotmail.com>', '', 1, 7, NULL, NULL),
(16, 'PRO-16', 'Natural', '14395126', 'Euclides Tejedes', '04243652780', 'San Juan de los Morros', '', '', 1, 50, NULL, NULL),
(17, 'PRO-17', 'Natural', '14529223', 'Yuemelis Robles', '04166463356', 'San Juan de los Morros', '', '', 1, 50, NULL, NULL),
(18, 'PRO-18', 'Natural', '6908782', 'Frank Narvaez', '04129207784', 'San Juan de los Morros', '', '', 1, 50, NULL, NULL),
(19, 'PRO-19', '', '6828563', 'Rafael Conde', '04141530690', 'San Juan de los Morros', '', '', 0, NULL, NULL, NULL),
(20, 'PRO-20', 'Natural', '0', 'Julio Gonzalez', '04144669621', 'San Juan de los Morros', '', '', 1, 50, NULL, NULL),
(21, 'PRO-21', 'Natural', '19689197', 'Miguel Aguilar', '04141319593', 'Anzoátegui', '', '', 1, 5, NULL, NULL),
(22, 'PRO-22', 'Natural', '6463894', 'Pedro García', '04149015305', 'San Casimiro', '', '', 1, 1, NULL, NULL),
(23, 'PRO-23', 'Natural', '22951158', 'Jesús García', '04262148008', 'San Casimiro', '', '', 1, 50, NULL, NULL),
(24, 'PRO-24', '', 'C.I. 20.281.316', 'Maykelly Rincón', '04166662020', 'Barquisimeto', '', '', 0, NULL, NULL, NULL),
(25, 'PRO-25', 'Natural', '14869839', 'Katty Dayana Ollarves', '04142067914', 'Carretera Nacional Tacarigua Mamporal. Buroz. Edo Miranda', 'dayan_242000@yahoo.es', '', 1, 10, NULL, NULL),
(26, 'PRO-26', 'Juridico', '003195707', 'Vielectre Construcciones Civiles, C.A.', '02125650325 - 04166378658 - 04142459693', 'Av. Oeste 14, Esq. Bucare a Puerta Junín, Edif. Torre Bucare, Piso PB, Local 2, Zona Parroquia San Juan, Caracas, Venezuela', 'vielectre@gmail.com', 'José Vielma', 1, 3, NULL, NULL),
(27, 'PRO-27', 'Juridico', '307693398', 'Construccion Oggun, C.A.', '04244140193 - 02455644368 - 04144250685', 'Carretera Nacional Guacara - San Joaquín, C.C. Las Palmas, Nivel 2, local Nº 8. Guacara - Edo. Carabobo', 'const.oggun@gmail.com', 'William Trejo', 1, 3, NULL, NULL),
(28, 'PRO-28', 'Juridico', '312325259', 'Ferretería La Arenera, C.A.', '02123412248', 'Calle La Arenera, Local Nº1, Parcela C. Sector Sojo. Guatire - Edo. Miranda', 'ferreterialaarenera@hotmail.com', 'Ysbeth Hidalgo', 1, 11, NULL, NULL),
(29, 'PRO-29', 'Natural', '16265881', 'Yelineth Sanchez', '04242445053', 'Caracas', 'yeli.sanchez@jhcpconstruccion.com', '', 1, 1, NULL, NULL),
(30, 'PRO-30', 'Natural', '10615044', 'Karelis Castillo', '04243238416', 'San Fernando de Apure', '', '', 1, 50, NULL, NULL),
(31, 'PRO-31', 'Juridico', '304678738', 'Estacionamiento MEDE, C.A.', '02122656333', 'Av. Francisco Miranda', 'estacionamiento_mede@hotmail.com', '', 1, 42, NULL, NULL),
(32, 'PRO-32', 'Natural', '13860197', 'Freddy Castro', '04129245916', 'Pinto Salinas. Caracas', '', '', 1, 1, NULL, NULL),
(33, 'PRO-33', 'Juridico', '301105249', 'Premezclados Piritu, C.A.', '04147830908', 'Puerto Piritu, Barcelona', 'factura.prepica@gmail.com', '', 1, 13, NULL, NULL),
(34, 'PRO-34', 'Juridico', '403524866', 'DataLaing Ingenieria, C.A.', '02122634781', 'Multicentro Empresarial del Este, Torre Miranda, Piso 14, Oficina B-144, Chacao, Caracas', '', 'Leonardo Mata', 1, 26, NULL, NULL),
(35, 'PRO-35', 'Natural', '8368198', 'Bernardo Alvear', '04267130853', 'Caracas', '', '', 1, 50, NULL, NULL),
(36, 'PRO-36', 'Natural', '18367992', 'Daniel Antoyma', '04129218078', 'Santa Fe Sur', 'daniel.antoyma@jhcpconstruccion.com', '', 1, 1, NULL, NULL),
(37, 'PRO-37', 'Natural', '6181506', 'Julio Alfonzo', '04144871550', 'Puerto Piritu, Barcelona', '', '', 1, 50, NULL, NULL),
(38, 'PRO-38', 'Natural', '8299000', 'Virginia Quiaro', '04147773309', 'Puerto Piritu. Barcelona', '', '', 1, 50, NULL, NULL),
(39, 'PRO-39', 'Natural', '8241595', 'Wilians Leon', '04144871550', 'Puerto Piritu, Barcelona', '', '', 1, 50, NULL, NULL),
(40, 'PRO-40', 'Natural', '5971571', 'Victor Gandica', '04167189578', 'Caracas', 'victor.gandica@jhcpconstruccion.com', '', 1, 1, NULL, NULL),
(41, 'PRO-41', 'Natural', '10015713', 'Luis Longo', '04149002387', 'San Casimiro', '', '', 1, 5, NULL, NULL),
(42, 'PRO-42', 'Natural', '6155883', 'Domingo Castoro', '04143138546', 'Cojedes', '', '', 1, 50, NULL, NULL),
(43, 'PRO-43', '', 'V- 13.542.374', 'Alexander Lopez', 'N/A', 'Cojedes', '', '', 0, NULL, NULL, NULL),
(44, 'PRO-44', 'Natural', '18141620', 'Omar Risales', '04241764195/ 04120105338', 'Caracas', 'omar.risales@gmail.com', '', 1, 5, NULL, NULL),
(45, 'PRO-45', 'Natural', '21096868', 'Luis Alejandro Gonzalez', '04164832270', 'Cumana', '', '', 1, 1, NULL, NULL),
(46, 'PRO-46', 'Natural', '14126415', 'Miguel Gamboa', '04123944789', 'Cumana', 'migueleduardo1415@gmail.com', '', 1, 1, NULL, NULL),
(47, 'PRO-47', 'Natural', '6828291', 'Jorge García ', '04264120463', 'San Casimiro', '', '', 1, 1, NULL, NULL),
(48, 'PRO-48', '', 'V- 16.506.108', 'Alfredo José Fernandez', 'N/A', 'Valle de La Pascua', '', '', 0, NULL, NULL, NULL),
(49, 'PRO-49', 'Natural', '20281316', 'Maykelly Rincon ', 'N/A', 'Tinaco', 'may1490@gmail.com', '', 1, 50, NULL, NULL),
(50, 'PRO-50', 'Gubernamental', '200040769', 'Instituto Venezolano de los Seguros Sociales', 'N/A', 'N/A', '', '', 1, 32, NULL, NULL),
(51, 'PRO-51', 'Gubernamental', '200000856', 'Banco Nacional de Vivienda y Hábitat. Banavih', 'N/A', 'N/A', '', '', 1, 32, NULL, NULL),
(52, 'PRO-52', '', '', 'INCE', 'N/A', 'N/A', '', '', 0, NULL, NULL, NULL),
(53, 'PRO-53', 'Natural', '10030939', 'Heliodoro Albornoz', '04169102300', 'Chacao', '', '', 1, 50, NULL, NULL),
(54, 'PRO-54', '', '8181506', 'Julio Alfonzo', '04148093867', 'Puerto Piritu, Barcelona', '', '', 0, NULL, NULL, NULL),
(55, 'PRO-55', 'Natural', '12597257', 'Jose Birriel', '04148093867', 'Puerto Piritu, Barcelona', '', '', 1, 50, NULL, NULL),
(56, 'PRO-56', '', '8241595', 'Wilians Leon', '04163812265', 'Puerto Piritu, Barcelona', '', '', 0, NULL, NULL, NULL),
(57, 'PRO-57', 'Natural', '15515287', 'Alber Mejias', '04147773309', 'Puerto Piritu, Barcelona', '', '', 1, 50, NULL, NULL),
(58, 'PRO-58', 'Natural', '16007730', 'Cesar Toro', '04241774394', 'Chacao', '', '', 1, 50, NULL, NULL),
(59, 'PRO-59', 'Natural', '5743333', 'Elba Aparicio', '02587272012', 'Tinaco - Edo. Cojedes', 'quibayogarcia@hotmail.com', 'Elba Aparicio', 1, 3, NULL, NULL),
(60, 'PRO-60', 'Natural', '18973292', 'Carlos Mercado', 'N/A', 'Tinaco', '', '', 1, 3, NULL, NULL),
(61, 'PRO-61', '', '10015713', 'luis longo', '04149002387', 'San Casimiro', '', '', 0, NULL, NULL, NULL),
(62, 'PRO-62', '', 'V- 10.882.631', 'Nohelia Cedeño', 'N/A', 'Río Caribe', 'N/A', '', 0, NULL, NULL, NULL),
(63, 'PRO-63', 'Natural', '4351832', 'Jose Rivas', '04143243582', 'San Juan de los Morros', '', '', 1, 50, NULL, NULL),
(64, 'PRO-64', 'Natural', '8496949', 'German Salazar', '04148108405', 'Puerto Piritu, Barcelona', '', '', 1, 50, NULL, NULL),
(65, 'PRO-65', 'Natural', '4679691', 'Gil Augusto Barrios', 'N/A', 'Chacao', '', '', 1, 50, NULL, NULL),
(66, 'PRO-66', '', 'J-30331301-9', 'INVERSORA ISLA MAR C.A', '02934672850', 'CUMANA', '', '', 0, NULL, NULL, NULL),
(67, 'PRO-67', 'Natural', '10666365', 'Felix Ruiz', 'N/A', 'San Sebastian', '', '', 1, 2, NULL, NULL),
(68, 'PRO-68', '', '14529223', 'Yuemelis Robles', '04166463356', 'San Juan de los Morros', '', '', 0, NULL, NULL, NULL),
(69, 'PRO-69', 'Juridico', '075000730', 'Industria Venezolana de Cemento Invecem, S.A.', '02122074000', 'Caracas, Zona Industrial La Guayanita, calle La Guayanita, galpon Nro 1, Caracas - Distrito Capital', '', '', 1, 13, NULL, NULL),
(70, 'PRO-70', '', '12.539.011', 'HILDEMARO SEGURA', '0', '0', '0', '', 0, NULL, NULL, NULL),
(71, 'PRO-71', '', '5.971.571', 'VICTOR GANDICA', '0', '0', '0', '', 0, NULL, NULL, NULL),
(72, 'PRO-72', '', 'V.- 13853908', 'Atanacio Herrera', '04142139613', 'Caracas', '', '', 0, NULL, NULL, NULL),
(73, 'PRO-73', 'Natural', '10094866', 'Franklin Graterol', '04242891790', 'Caracas', 'franjesus2@yahoo.es', '', 1, 2, NULL, NULL),
(74, 'PRO-74', 'Natural', '8932612', 'Javier Brito', '04262856440', 'N/A', 'jbrito24@hotmail.com', '', 1, 50, NULL, NULL),
(75, 'PRO-75', 'Natural', '6119609', 'Nancy Diaz', '04265193455', 'Caracas', '', '', 1, 50, NULL, NULL),
(76, 'PRO-76', 'Natural', '18375336', 'Santiago Rodriguez', '04149022189', 'Caracas', '', '', 1, 50, NULL, NULL),
(77, 'PRO-77', '', '12794833', 'Juan Guzman', '04120833000', 'Caracas', '', '', 0, NULL, NULL, NULL),
(78, 'PRO-78', 'Natural', '16506109', 'Duvelia Fernandez', '04143583367', 'Valle La Pascua', '', '', 1, 50, NULL, NULL),
(79, 'PRO-79', 'Natural', '17020664', 'Darwin Jose Lopez Luigi', '04268832092', 'Rio Caribe', '', '', 1, 50, NULL, NULL),
(80, 'PRO-80', 'Natural', '12885259', 'Carmen Medina', '04163834390', 'Rio Caribe', '', '', 1, 50, NULL, NULL),
(81, 'PRO-81', 'Natural', '5753942', 'Luis Rivas', '04266840914', 'Rio Caribe', '', '', 1, 50, NULL, NULL),
(82, 'PRO-82', 'Natural', '13075012', 'Mercedes Balladares', '04141905662', 'Rio Caribe', '', '', 1, 50, NULL, NULL),
(83, 'PRO-83', 'Natural', '4948244', 'Felix Ramon Marcano Bello', '04264714156', 'Rio Caribe', '', '', 1, 50, NULL, NULL),
(84, 'PRO-84', 'Natural', '10224372', 'Oscar Manuel Guerra', '04248550397', 'Rio Caribe', '', '', 1, 50, NULL, NULL),
(85, 'PRO-85', 'Natural', '19190301', 'Yorbis Agreda', '04263876229', 'Rio Caribe', '', '', 1, 50, NULL, NULL),
(86, 'PRO-86', 'Natural', '10461117', 'Thays Mila de la Roca', '04147744255', 'Rio Caribe', '', '', 1, 50, NULL, NULL),
(87, 'PRO-87', 'Natural', '17709983', 'Oswaldo Estevez', '04247456272', 'Caracas', 'oswaldo.estevez@jhcpconstruccion.com', '', 1, 1, NULL, NULL),
(88, 'PRO-88', 'Natural', '13150151', 'Hector José Díaz Moy', 'N/A', 'San Juan de los Morros', '', '', 1, 50, NULL, NULL),
(89, 'PRO-89', 'Natural', '6355325', 'Edgardo Lopez', 'N/A', 'Cojedes', '', '', 1, 50, NULL, NULL),
(90, 'PRO-90', 'Natural', '15663635', 'Alberto Rodriguez', '02124140791', 'Caracas', 'arpaelectronics@gmail.com ', '', 1, 50, NULL, NULL),
(91, 'PRO-91', 'Natural', '11122106', 'Jose Gregorio Sacramento Gonzalez', 'N/A', 'San Casimiro', '', '', 1, 50, NULL, NULL),
(92, 'PRO-92', 'Natural', '6512943', 'Marcos Faenza Dirigida', 'N/A', 'N/A', '', '', 1, 50, NULL, NULL),
(93, 'PRO-93', 'Natural', '16113683', 'Samuel Romero', '04242513099', 'Caracas', '', '', 1, 50, NULL, NULL),
(94, 'PRO-94', 'Juridico', '301862988', 'Cantv.net', '0800-CANTV-00', 'San Bernardino', '', '', 1, 32, NULL, NULL),
(95, 'PRO-95', 'Natural', '14395090', 'Pedro Abad', '04129545991', 'Caracas', 'pabad01@hotmail.com', '', 1, 50, NULL, NULL),
(96, 'PRO-96', 'Natural', '10503114', 'Manuel De Nobrega', '04166129015', 'Boca de Uchire', 'manuelpolicarpio@cantv.net', '', 1, 50, NULL, NULL),
(97, 'PRO-97', 'Natural', '6965421', 'Mirian Medina', '04129339903', 'Oficina', '', '', 1, 1, NULL, NULL),
(98, 'PRO-98', 'Natural', '6970784', 'Felipe Perez', 'N/A', 'Puerto Piritu', '', '', 1, 50, NULL, NULL),
(99, 'PRO-99', '', '14395126', 'Euclides Tejedes', '0414', 'San Juan de los Morros', '', '', 0, NULL, NULL, NULL),
(100, 'PRO-100', 'Juridico', '40047493', 'Inversiones Orinoco, C.A.', '02814226563', 'Av. Centurion, Centro, Barcelona', '', '', 1, 3, NULL, NULL),
(101, 'PRO-101', 'Juridico', '295781806', 'Constructora CAG2, C.A.', '04142313871', 'Urb. Camatagua, Calle Camatagua, Los Teques, Municipio Guaicapuro - Edo. Miranda', 'cagp2ca@gmail.com', 'Miguel Angae Granieri', 1, 37, NULL, NULL),
(102, 'PRO-102', 'Natural', '14395757', 'Ruth Rodriguez', 'N/A', 'N/A', '', '', 1, 5, NULL, NULL),
(103, 'PRO-103', 'Natural', '21096869', 'Andres Moises Gonzales Arcia	', '04163236999	', 'Rio Caribe', '', '', 1, 50, NULL, NULL),
(104, 'PRO-104', 'Natural', '12314087', 'Dixon Carrasquero', '04244229219', 'Valencia', '', '', 1, 2, NULL, NULL),
(105, 'PRO-105', 'Natural', '6926163', 'Alvaro Luis Yaguaracuto', 'N/A', 'Boca de Uchire', '', '', 1, 50, NULL, NULL),
(106, 'PRO-106', '', 'V- 18.691.973', 'Carlos Ayala', '04243379566', 'Caracas', 'carlos.ayala@jhcpconstruccion.com', '', 0, NULL, NULL, NULL),
(107, 'PRO-107', 'Natural', '17175774', 'Edwin Blanco', '04129672702', 'Caracas', 'edwin.blanco@jhcpconstruccion.com', '', 1, 1, NULL, NULL),
(108, 'PRO-108', 'Natural', '6429583', 'Pierre Sarcinelli', '04247795310', 'Caracas', 'pierre@jhcpconstruccion.com', '', 1, 1, NULL, NULL),
(109, 'PRO-109', 'Natural', '6429583', 'Movistar', '04247795310', 'Oficina', 'pierre@jhcpconstruccion.com', '', 1, 32, NULL, NULL),
(110, 'PRO-110', 'Natural', '7281512', 'Guillermo Hernandez', '04269391073', 'San Juan de los Morros', '', '', 1, 50, NULL, NULL),
(111, 'PRO-111', 'Juridico', '301416880', 'Bloquera y Ferretería El Roble, C.A.', '04147815005', 'Pertigalete', 'bloqueraelrobleca@hotmail.com', '', 1, 13, NULL, NULL),
(112, 'PRO-112', 'Natural', '9119017', 'Vilma Scherer ', '9119017', 'Caracas', '', '', 1, 50, NULL, NULL),
(113, 'PRO-113', '', '9119017', 'Vilma Scherer ', '9119017', 'CARACAS', 'HECTOR@JHCPCONSTRUCCION.COM', '', 0, NULL, NULL, NULL),
(114, 'PRO-114', '', 'V- 18.388.919', 'Javier Santos', 'N/A', 'N/A', '', '', 0, NULL, NULL, NULL),
(115, 'PRO-115', 'Natural', '12685606', 'Eric Borges', '04143134787', 'San Antonio', 'ericborges92@gmail.com', '', 1, 50, NULL, NULL),
(116, 'PRO-116', 'Natural', '12117545', 'Wilfredo Henriquez', '04120103797', 'Caracas', 'francia@jhcpconstruccion.com', '', 1, 58, NULL, NULL),
(117, 'PRO-117', 'Gubernamental', '200114320', 'Venezolana de Cementos, S.A.C.A', '02129998236', 'Calle Londres, Urb. Las Mercedes, Torre Venezolana de Cementos, Caracas', ' ricardo.barrera@venceremos.com.ve', '', 1, 13, NULL, NULL),
(118, 'PRO-118', 'Natural', '16331439', 'Mayerling Paez', '04129602468', 'Caracas', 'mayerling.paez@jhcpconstrucion.com', '', 1, 1, NULL, NULL),
(119, 'PRO-119', 'Natural', '15574072', 'Juan Carlos', '04142729501', 'Caracas', '', '', 1, 50, NULL, NULL),
(120, 'PRO-120', 'Natural', '10329782', 'Gladys Herrera', '04125012997', 'N/A', '', '', 1, 50, NULL, NULL),
(121, 'PRO-121', 'Juridico', '404633952', 'Fast solutions HN, C.A.', '04242053572', 'Cua', 'fastsolutionshnc.a@gmail.com', '', 1, 43, NULL, NULL),
(122, 'PRO-122', 'Natural', '19110471', 'Lorena Arria', '04261382625 ', 'Maracay', 'lorenaarria@gmail.com', '', 1, 5, NULL, NULL),
(123, 'PRO-123', '', '17706368', 'OSCAR CISTERNA', '0414-4411227', 'MARACAY', 'cisternagonzalez@hotmail.com', '', 0, NULL, NULL, NULL),
(124, 'PRO-124', '', '15267499', 'Luis Arturo Rodriguez', '04142807428 ', 'Caracas', 'Luis.Rodriguez@jhcpconstruccion.com', '', 0, NULL, NULL, NULL),
(125, 'PRO-125', 'Natural', '84577890', 'Guillaume Menard', '02129750544 - 04142511000', 'Av. Rio Paragua, CC La Pirámide, Nivel 2, Local 9 Urb. Prado Humboldt, Baruta ', 'gmenard00@gmail.com', '', 1, 50, NULL, NULL),
(126, 'PRO-126', 'Natural', '2830220', 'Carmen Garcia ', '04162905774', 'Porlamar', '', '', 1, 50, NULL, NULL),
(127, 'PRO-127', 'Natural', '6828563', 'Rafael Conde', '04164009851', 'San Casimiro ', 'rafael.conde@gmail.com', '', 1, 50, NULL, NULL),
(128, 'PRO-128', 'Juridico', '308233455', 'Mas que Papel, C.A.', '02122621614', 'Centro Empresarial del Este,  Nivel  PP', '', '', 1, 24, NULL, NULL),
(129, 'PRO-129', 'Natural', '12236143', 'Gilda Godoy', 'N/A', 'N/A', 'gilda-godoy@hotmail.com', '', 1, 50, NULL, NULL),
(130, 'PRO-130', 'Natural', '10666076', 'Marcos Antonio Ochoa', '04164435635', 'San Casimiro', '', '', 1, 50, NULL, NULL),
(131, 'PRO-131', 'Natural', '9466812', 'Luis Granado', '04162089908', 'Chacao', '', '', 1, 50, NULL, NULL),
(132, 'PRO-132', '', '12117545', 'WILFREDO HENRIQUEZ', '04120103797', 'CHACAO', '', '', 0, NULL, NULL, NULL),
(133, 'PRO-133', 'Natural', '13013946', 'Octavio Diaz', '04163793504', 'N/A', '', '', 1, 1, NULL, NULL),
(134, 'PRO-134', 'Natural', '8746033', 'Julio Sorondo', '04142744429', 'Urb.Valle Arriba, Conj. Res. Los Chaguaramos, Casa N° 84. Guatire - Edo.Miranda', 'juliosorondo1964@hotmail.com', 'Julio Sorondo', 1, 12, NULL, NULL),
(135, 'PRO-135', '', '', 'MERCADO LIBRE', '0800 ', 'caracas', '', '', 0, NULL, NULL, NULL),
(136, 'PRO-136', '', 'V- 13.537.828', 'Alejandro Ojeda', '(0424) 150.61.17', 'Caracas', '', '', 0, NULL, NULL, NULL),
(137, 'PRO-137', 'Natural', '18745030', 'Mayerlin Montes', '04267130853', 'Boleita', '', '', 1, 50, NULL, NULL),
(138, 'PRO-138', 'Gubernamental', '100001587332.2', 'CORPOELEC (Casa de Pierre)', '04247795310', 'Chacao', '', '', 1, 32, NULL, NULL),
(139, 'PRO-139', 'Juridico', '001426434', 'Administradora Integral E.L.B., C.A.', '04247795310', 'Chacao', 'caracas@administradoraintegral.com', '', 1, 23, NULL, NULL),
(140, 'PRO-140', '', 'V- 9.119.017', 'Vilma Scherer ', 'N/A', 'N/A', '', '', 0, NULL, NULL, NULL),
(141, 'PRO-141', 'Natural', '17907738', 'Fredy Altuve', '04141206794', 'Caracas', 'fredy@jhcpconstruccion.com', '', 1, 1, NULL, NULL),
(142, 'PRO-142', 'Natural', '10066251', 'Lewuiz Paez ', 'N/A', 'N/A', '', '', 1, 27, NULL, NULL),
(143, 'PRO-143', 'Gubernamental', '0', 'Tesoro Nacional', 'N/A', 'N/A', '', '', 1, 32, NULL, NULL),
(144, 'PRO-144', 'Natural', '18022889', 'Alfredo Rosado', '04141004970', 'Caracas', 'alfredo.rlp@gmail.com', '', 1, 1, NULL, NULL),
(145, 'PRO-145', 'Natural', '17365457', 'Manuel Montaner', '04160354924', 'Carabobo', '', '', 1, 50, NULL, NULL),
(146, 'PRO-146', 'Natural', '0', 'Jose Velasquez', 'N/A', 'Margarita', '', '', 1, 50, NULL, NULL),
(147, 'PRO-147', 'Natural', '2169463', 'Felix Gonzalez', 'N/A', 'Margarita', '', '', 1, 50, NULL, NULL),
(148, 'PRO-148', 'Natural', '15378189', 'Kevin Marquez', 'N/A', 'N/A', '', '', 1, 50, NULL, NULL),
(149, 'PRO-149', '', 'J-30331301-9 ', 'INVERSORA ISLAMAR C.A ', '0212-9539782 ', 'Valencia', 'ventas@amigoscarental.com', '', 0, NULL, NULL, NULL),
(150, 'PRO-150', 'Natural', '11550861', 'Francia Aular', '04241588478', 'Guatire', 'francia.aular@jhcpconstruccion.com', '', 1, 1, NULL, NULL),
(151, 'PRO-151', 'Natural', '12377680', 'Hector Rodriguez', '04142688637', 'Caracas', 'hector@jhcpconstruccion.com', '', 1, 1, NULL, NULL),
(152, 'PRO-152', 'Juridico', '303313019', 'Inversora Islamar, C.A.', '02129521251 - 04143075656 - 02129539782', 'Urb. El Bosque, Av. El Parque, Edif. El Parque, PB 2, Frente C.C. Expreso, Edo. Miranda, Municipio Chacao.', 'operaciones@amigoscarental.com', '', 1, 28, NULL, NULL),
(153, 'PRO-153', 'Juridico', '405455063', 'Inversiones Fibralex, C.A.', '04124501175', 'San Fernando de Apure', 'fibralexc.a@hotmail.com', '', 1, 17, NULL, NULL),
(154, 'PRO-154', 'Natural', '5547980112148848', 'Banco Plaza', '04247795310', 'Chacao', 'pierre@jhcpconstruccion.com', '', 1, 59, NULL, NULL),
(155, 'PRO-155', 'Juridico', '401403352', 'Inversiones Moly-Comp, C.A.', 'N/A', 'N/A', '', '', 1, 21, NULL, NULL),
(156, 'PRO-156', '', '16265881', 'YELINET SANCHEZ', '0', '0', '0', '', 0, NULL, NULL, NULL),
(157, 'PRO-157', '', '16265881', 'YELINET SANCHEZ', '0', '0', '0', '', 0, NULL, NULL, NULL),
(158, 'PRO-158', 'Natural', '12761288', 'Carmen Linares', '02123958347', 'Caracas', '', '', 1, 50, NULL, NULL),
(159, 'PRO-159', 'Natural', '19250419', 'Victor Hernandez', '04142673828/ 04145983569', 'Huawei', 'hab.victo@gmail.com', '', 1, 50, NULL, NULL),
(160, 'PRO-160', 'Natural', '6429583', 'BOD', '04247795310', 'Oficina', 'pierre@jhcpconstruccion.com', '', 1, 59, NULL, NULL),
(161, 'PRO-161', 'Natural', '10033516', 'Rosalia Bertoni', '04123530786', 'Porlamar', 'rosaliabert@yahoo.com', '', 1, 50, NULL, NULL),
(162, 'PRO-162', 'Juridico', '313747653', 'Revensub, C.A.', '02129626028 - 04241903948 ', 'Av. Las Lomas CC Lomas de la Lagunita Piso 2 Oficina S 26-29. Caracas', 'rsanchez@ditchwitch.com.ve', 'Roberto Sánchez Aguilera', 1, 14, NULL, NULL),
(163, 'PRO-163', 'Natural', '10443011', 'Leonardo Jose Martinez Rodriguez', 'N/A', 'N/A', '', '', 1, 50, NULL, NULL),
(164, 'PRO-164', 'Natural', '21322518', 'Michelle Sandoval', '04142158325', 'Caracas', 'michelle.sb@jhcpconstruccion.com', '', 1, 1, NULL, NULL),
(165, 'PRO-165', 'Natural', '17353349', 'Adrian De Abreu', '04149147498', 'San Casimiro', '', '', 1, 50, NULL, NULL),
(166, 'PRO-166', 'Natural', '6893967', 'Osnairo Bastidas', '04142832532', 'Multicentro Empresarial del Este', '', '', 1, 50, NULL, NULL),
(167, 'PRO-167', 'Natural', '13853908', 'Atanacio Herrera', '04169110986', 'Caracas', '', '', 1, 50, NULL, NULL),
(168, 'PRO-168', 'Natural', '18154545', 'Antonella Gagliardi', '04167269386', 'Av. Victoria - Caracas', 'antonella.gagliardi@jhcpconstruccion.com', '', 1, 1, NULL, NULL),
(169, 'PRO-169', 'Natural', '16265245', 'Jhon Lozada', 'N/A', 'N/A', '', '', 1, 50, NULL, NULL),
(170, 'PRO-170', 'Juridico', '001293582', 'Comercial Aeropuerto del Tuy, C.A.', '02392256316', 'Miranda, Ocumare Del Tuy, Cl. Ribas, Nivel PB', '', '', 1, 21, NULL, NULL),
(171, 'PRO-171', 'Natural', '26848823', 'Ronald Javier Gamez', '04269744815', 'San Juan de los Morros', '', '', 1, 50, NULL, NULL),
(172, 'PRO-172', 'Natural', '16011564', 'Halay Teran', '04125077413', 'Valencia', '', '', 1, 50, NULL, NULL),
(173, 'PRO-173', 'Natural', '13537828', 'Alejandro Ojeda', '04241506117', 'Caracas', 'alejandro.ojeda@jhcpconstruccion.com', '', 1, 1, NULL, NULL),
(174, 'PRO-174', 'Juridico', '001085920', 'Sistemas Contables Mecanint, S.A.', '02122658191', 'Av. Libertador. Urb. Chacao', '', '', 1, 30, NULL, NULL),
(175, 'PRO-175', 'Juridico', '001085920', 'Integración Horizontal, C.A.', '02122652010', 'Av. Libertador. Urb. Chacao', 'gloria.collaso@gmail.com', 'Gloria Collaso', 1, 48, NULL, NULL),
(176, 'PRO-176', '', 'J-29878222-6', 'Transporte Getzemani C.A.', 'N/A', 'N/A', '', '', 0, NULL, NULL, NULL),
(177, 'PRO-177', 'Natural', '15267499', 'Luis Rodriguez', '04142807428', 'Caracas', 'ing.arturo1526@gmail.com', '', 1, 1, NULL, NULL),
(178, 'PRO-178', '', 'J-30467873-8', 'Estacionamiento MEDE, C.A', '02122656333', 'MULTICENTRO', 'NO APLICA', '', 0, NULL, NULL, NULL),
(179, 'PRO-179', 'Natural', '8787291', 'Leonardo La Forgia', 'N/A', 'N/A', '', '', 1, 50, NULL, NULL),
(180, 'PRO-180', 'Juridico', '309974890', 'Centro Automotriz FFG 2003, C.A.', '02123446743', 'Av. Villa Heroica, Galpón 1. Villa Heroica', '', '', 1, 17, NULL, NULL),
(181, 'PRO-181', 'Natural', '19675757', 'Luis Rojas', 'N/A', 'Boca Uchire', '', '', 1, 50, NULL, NULL),
(182, 'PRO-182', '', 'J-31198663-4', 'Moto Repuestos Vilas, CA', 'N/A', 'Boca Uchire', '', '', 0, NULL, NULL, NULL),
(183, 'PRO-183', 'Juridico', '296805989', 'Venon Impresos Digitales, C.A.', '02127402089', 'Multicentro Empresarial del Este, Chacao', '', '', 1, 24, NULL, NULL),
(184, 'PRO-184', 'Juridico', '298553065', 'Concreto Los Llanos, C.A.', '02584335740', 'Cojedes, San Carlos, Cl. 3, Galpón Concretos Los Llanos, Parcela 1a-B, Local 1A-B, Sector Zona Industrial', 'concretoslosllanos@gmail.com', '', 1, 34, NULL, NULL),
(185, 'PRO-185', 'Natural', '15366601', 'Arnaldo Arocha', '04142139613', 'Caracas', '', '', 1, 50, NULL, NULL),
(186, 'PRO-186', 'Juridico', '296139652', 'ACEFER, C.A.', '04246041288', 'Maracaibo - Manzanillo', 'fernando12406111@gmail.com', 'Fernando Fernandez', 1, 12, NULL, NULL),
(187, 'PRO-187', 'Juridico', '308102849', 'Telecomunicaciones JMKTEL', '04241351339', 'Caracas', 'james.peralta30@gmail.com', '', 1, 26, NULL, NULL),
(188, 'PRO-188', 'Juridico', '400784204', 'Aimportar 17, C.A.', '02122652964', 'Caracas - Chacao (Distrito Capital)', 'ventas@cremasenchacao.com', '', 1, 24, NULL, NULL),
(189, 'PRO-189', '', '', 'PAPELERIA', '0212', 'Multicentro Empresarial', '', '', 0, NULL, NULL, NULL),
(190, 'PRO-190', 'Juridico', '403393796', 'Representaciones Ebisu, C.A.', '02126338365', 'Caracas, Avenida Bogotá con Calle Capitán de Navío, Centro Comercial Mercado San Jorge, Local 069, Mezzanina, Urbanización El Cementerio, Municipio Libertador, Distrito Capital', '', '', 1, 41, NULL, NULL),
(191, 'PRO-191', 'Natural', '6344866', 'Ali Ledezma', '04248278552', 'Pariguan', '', '', 1, 50, NULL, NULL),
(192, 'PRO-192', 'Natural', '6429583', 'Banco Activo', '04247795310', 'Chacao', 'pierre@jhcpconstruccion.com', '', 1, 59, NULL, NULL),
(193, 'PRO-193', '', '25.684.567', 'ANGEL OJEDA', '0426-9391073', '0', '', '', 0, NULL, NULL, NULL),
(194, 'PRO-194', 'Juridico', '314650670', 'Suministros Fyberoptic 2005, C.A.', '02124739765', 'Bello Monte', 'ventas2@fibraoptik.com', '', 1, 15, NULL, NULL),
(195, 'PRO-195', 'Natural', '12794833', 'Juan Guzman', '041208333300', 'Maturin', 'juanegroca@gmail.com', '', 1, 50, NULL, NULL),
(196, 'PRO-196', 'Juridico', '402104898', 'LF-PREMEX, C.A.', '02418486354', 'Charallave', 'sady1205@hotmail.com', '', 1, 34, NULL, NULL),
(197, 'PRO-197', 'Juridico', '311643737', 'Celeritech Solutions, C.A.', '02122042437', 'Terrazas del Avila. Caracas', 'www.celeritech.biz', 'Andreina Martinez', 1, 33, NULL, NULL),
(198, 'PRO-198', 'Natural', '16268891', 'Melyza Yanez', 'N/A', 'N/A', '', '', 1, 50, NULL, NULL),
(199, 'PRO-199', 'Juridico', '310512884', 'Corporacion M&J Cars, C.A.', '02123443530 - 02123420569', 'Miranda, Guatire, Av. Villa Heroica, Local Serv. Ascar', '', '', 1, 17, NULL, NULL),
(200, 'PRO-200', 'Natural', '13290181', 'Juan Carlos Zanoni', '04245187943', 'Caracas', '', '', 1, 2, NULL, NULL),
(201, 'PRO-201', 'Gubernamental', '200087862', 'Pescaba, S.A.', 'N/A', 'Cojedes', '', '', 1, 3, NULL, NULL),
(202, 'PRO-202', 'Juridico', '297140107', 'Inversiones y Construcciones Vigaroig, C.A.', '04140510378', 'Casco Central de San Casimiro', 'arnaudezjv@hotmail.com', '', 1, 13, NULL, NULL),
(203, 'PRO-203', 'Gubernamental', '200099224', 'INCES', 'N/A', 'N/A', '', '', 1, 32, NULL, NULL),
(204, 'PRO-204', '', 'NO APLICA', 'Edwin Correa ', 'NO APLICA', 'no aplica', 'NO APLICA', '', 0, NULL, NULL, NULL),
(205, 'PRO-205', '', 'j403141185', 'manuel felipe', '02416187997', 'valencia', '', '', 0, NULL, NULL, NULL),
(206, 'PRO-206', 'Juridico', '403141185', 'Manuel Felipe', '02416187997', 'Valencia', '', '', 1, 50, NULL, NULL),
(207, 'PRO-207', '', 'V- 18.465.707', 'Enzo', 'Franchini', 'Caracas', '', '', 0, NULL, NULL, NULL),
(208, 'PRO-208', 'Natural', '18465707', 'Enzo Franchini', '04142148828', 'Caracas', 'enzofranchinio@hotmail.com', '', 1, 3, NULL, NULL),
(209, 'PRO-209', 'Juridico', '307219025', 'Bumeran.com Venezuela, S.A.', '02129051711', 'El Rosal - Caracas', 'cobranzas-ve@bumeran.com', '', 1, 30, NULL, NULL),
(210, 'PRO-210', 'Gubernamental', '100000059273', 'CORPOELEC', '02122679013', 'Chacao', '', '', 1, 32, NULL, NULL),
(211, 'PRO-211', 'Natural', '3760296', 'Juan Pablo Gil Rauseo', '02496461879', 'Rio Caribe', '', '', 1, 50, NULL, NULL),
(212, 'PRO-212', 'Natural', '13137986', 'Eduardo Hector Gomez Lopez', 'N/A', 'Chacao', 'eduardo.gomez@jhcpconstruccion.com', '', 1, 1, NULL, NULL),
(213, 'PRO-213', 'Juridico', '000878250', 'Mercantil financiadora de Primas', '05005032526 ', 'Caracas', '', '', 1, 31, NULL, NULL),
(214, 'PRO-214', 'Juridico', '311838805', 'Scannven, C.A.', '02129452003', 'Caracas', 'pweil@scannven.com.ve', '', 1, 33, NULL, NULL),
(215, 'PRO-215', 'Natural', '13927102', 'Ana Castaño', '04143103422', 'El Valle. Caracas', '', '', 1, 1, NULL, NULL),
(216, 'PRO-216', 'Natural', '8779596', 'Henry Alnaude', '04124892533', 'San Casimiro', 'henryal27@hotmail.com', '', 1, 50, NULL, NULL),
(217, 'PRO-217', 'Natural', '12617268', 'Lorenzo Ruiz', 'N/A', 'San Casimiro', '', '', 1, 2, NULL, NULL),
(218, 'PRO-218', 'Natural', '84284898', 'Franklin Ortiz', '04264130449', 'Chacao', '', '', 1, 50, NULL, NULL),
(219, 'PRO-219', 'Juridico', '075068300', 'Constructora Iriaca', '04244958244', 'Zona Industrial St. Rosalia Parcela 8 y 9. Cagua. Edo Aragua', 'constructorairiaca1@hotmail.com', '', 1, 37, NULL, NULL),
(220, 'PRO-220', 'Natural', '20546676', 'Oscar Salazar', '04248642891', 'Anzoategui', '', '', 1, 50, NULL, NULL),
(221, 'PRO-221', 'Natural', '17217647', 'Mercedes Carrera', '04123533506', 'Rio Caribe', 'nena_c_2018@hotmail.com', '', 1, 1, NULL, NULL),
(222, 'PRO-222', 'Natural', '11934609', 'Armando Marval', '04163177686 ', 'Rio Caribe', '', '', 1, 50, NULL, NULL),
(223, 'PRO-223', 'Natural', '12657155', 'Eibys Reyes', '04122674334', 'Rio Caribe', '', '', 1, 50, NULL, NULL),
(224, 'PRO-224', 'Natural', '18691973', 'Rossy Aquino', '04120957499', 'Caracas', 'rossy_2002@hotmail.com', '', 1, 50, NULL, NULL),
(225, 'PRO-225', 'Natural', '18973316', 'Wilander García', '04145976981', 'Portuguesa', '', '', 1, 50, NULL, NULL),
(226, 'PRO-226', 'Juridico', '315762773', 'Centro Caucho el Tuy, C.A.', '02392489146', 'Zona Industrial Río Tuy Miranda, Charallave', '', '', 1, 21, NULL, NULL),
(227, 'PRO-227', 'Juridico', '298459255', 'J-3 Financiamientos Plus, C.A.', 'N/A', 'Caracas', '', '', 1, 31, NULL, NULL),
(228, 'PRO-228', 'Natural', '12672676', 'Alberto Daza', '04248369728', 'El Tigre', '', '', 1, 50, NULL, NULL),
(229, 'PRO-229', '', '26848823', 'RONALD JAVIER GAMEZ', '04269744815', 'GUARICO', '', '', 0, NULL, NULL, NULL),
(230, 'PRO-230', 'Juridico', '080201531', 'Maquinarias para Alquilar del Este, C.A.', '02812762566', 'Barcelona', '', '', 1, 3, NULL, NULL),
(231, 'PRO-231', 'Natural', '3133501', 'Maria del Carmen Pareres', 'N/A', 'N/A', 'comercial.maria.angela.ca@gmail.com', '', 1, 50, NULL, NULL),
(232, 'PRO-232', 'Natural', '17364613', ' Jose Tadeo Carmona Garcia', '04245067402', 'Acarigua', '', '', 1, 50, NULL, NULL),
(233, 'PRO-233', '', '18388919', 'JAVIER SANTOS', '04145475682', 'CUA, EDO. MIRANDA. MIRADOR EL BOSQUE RESIDENCIA DON PANCHO, CASA #2', '', '', 0, NULL, NULL, NULL),
(234, 'PRO-234', 'Natural', '18388919', 'Javier Santos', '04145475682', 'Cua, Edo. Miranda. Mirador El Bosque, Residencia Don Pancho, Casa #2', 'javierantoniosantos_86@hotmail.com', '', 1, 2, NULL, NULL),
(235, 'PRO-235', 'Juridico', '311986634', 'Moto Repuestos Vilas, C.A.', '04142733449', 'Barcelona', '', '', 1, 21, NULL, NULL),
(236, 'PRO-236', 'Natural', '14823325', 'Jose Luis Pirela', '04140670097', 'Chacao', '', '', 1, 50, NULL, NULL),
(237, 'PRO-237', '', '6893967', 'OSNAIRO BASTIDAS', '0414-2832532', 'CHACAO', '', '', 0, NULL, NULL, NULL),
(238, 'PRO-238', 'Natural', '11646829', 'Jose Ramirez', '04144427163', 'Cojedes', '', '', 1, 1, NULL, NULL),
(239, 'PRO-239', 'Natural', '14694547', 'Alexi Suarez', '04243470716', 'Apure', '', '', 1, 50, NULL, NULL),
(240, 'PRO-240', 'Natural', '16992027', 'Pedro Jimenez', 'N/A', 'N/A', '', '', 1, 50, NULL, NULL),
(241, 'PRO-241', 'Natural', '10672261', 'Julio Nives Zapata', '04164009851', 'San Casimiro', '', '', 1, 50, NULL, NULL),
(242, 'PRO-242', 'Natural', '5311048', 'Carlos De Faria', '02127313401', 'Chacao', 'carlbertodefaria@hotmail.com', '', 1, 50, NULL, NULL),
(243, 'PRO-243', 'Juridico', '307949465', 'Cauchos San Miguel, C.A.', '02432720568', 'Maracay, Cl. Bermúdez Sur, Local 189, Sector Campo Alegre', 'casanmiguel189@gmail.com', '', 1, 21, NULL, NULL),
(244, 'PRO-244', 'Natural', '9288180', 'Jesus Fornerino', '04142109573', 'Caracas', 'jesus.fornerino@jhcpconstruccion.com', '', 1, 1, NULL, NULL),
(245, 'PRO-245', 'Natural', '17752514', 'Henriquez Cristian', '02122661522', 'Chacao', '', '', 1, 50, NULL, NULL),
(246, 'PRO-246', 'Natural', '14667542', 'Arnold Cardarelli', '04166212120', 'Caracas', '', '', 1, 50, NULL, NULL),
(247, 'PRO-247', 'Natural', '25684567', 'Angel Ojeda', '04167329652', 'Cojedes', '', '', 1, 1, NULL, NULL),
(248, 'PRO-248', '', '18691973', 'carlos ayala', '0', '0', '0', '', 0, NULL, NULL, NULL),
(249, 'PRO-249', '', '18981939', 'mirian acuña', '0', '0', '', '', 0, NULL, NULL, NULL),
(250, 'PRO-250', '', '11117650', 'Alfredo Guevara', '04164009851', 'Aragua', '', '', 0, NULL, NULL, NULL),
(251, 'PRO-251', 'Natural', '11092214', 'Jhonny Alexander Ruiz ', '04141471474', 'Calabozo', '', '', 1, 50, NULL, NULL),
(252, 'PRO-252', 'Natural', '14346836', 'Exdris Anur Villegas', '04269151986', 'Acarigua', '', '', 1, 50, NULL, NULL),
(253, 'PRO-253', 'Natural', '20376785', 'Oswaldo Farias', '04160997446', 'Rio Caribe', '', '', 1, 50, NULL, NULL),
(254, 'PRO-254', '', '11550861', 'francia aular', 'NO APLICA', 'no aplica', 'NO APLICA', '', 0, NULL, NULL, NULL),
(255, 'PRO-255', 'Juridico', '294055052', 'Maquinarias Tecmeco, C.A.', '02129633636', 'Caracas', 'ventas@tecmeco.com', '', 1, 21, NULL, NULL),
(256, 'PRO-256', 'Natural', '18439079', 'Ali Hernandez', '04145770145', 'Barquisimeto', 'ali.hernandez@jhcpconstruccion.com', '', 1, 1, NULL, NULL),
(257, 'PRO-257', 'Gubernamental', '200001968', 'Alcaldía Municipal de Araure', '04269151986', 'Portuguesa', '', '', 1, 32, NULL, NULL),
(258, 'PRO-258', 'Natural', '8728405', 'Luis Vazquez', '04243058391', 'Apure', '', '', 1, 50, NULL, NULL),
(259, 'PRO-259', 'Juridico', '314169718', 'RV Concreto, C.A.', '02556150141', 'Portuguesa', 'ventasrvconcreto@gmail.com', '', 1, 34, NULL, NULL),
(260, 'PRO-260', 'Natural', '20269781', 'Yoletsy Chirivella ', 'N/A', 'Cojedes', '', '', 1, 50, NULL, NULL),
(261, 'PRO-261', 'Natural', '11179423', 'Sixto Infante', '04145984393', 'San Juan de los Morros', '', '', 1, 50, NULL, NULL),
(262, 'PRO-262', 'Natural', '10932907', 'Antoine Yabichino', '04148752375', 'Oficina', '', '', 1, 1, NULL, NULL),
(263, 'PRO-263', 'Natural', '15865839', 'Leonardo Rogliero', '04127559111', 'Maracay', '', '', 1, 50, NULL, NULL),
(264, 'PRO-264', 'Juridico', '297451951', 'Compumotores 20-09, C.A.', '02126369693 - 02128326452', '3ra. Transv., Nº. 7, Santa Eduvigis, Caracas', '', 'Edgar Malero', 1, 17, NULL, NULL),
(265, 'PRO-265', 'Juridico', '313867586', 'Cooperativa Proyeal 766', '02128146980', 'San Agustin Parque Central Av Lecuna Edf. Catuche Piso 2 Apto 2F, Caracas, Distrito Capital - Venezuela', 'proyeal766@hotmail.com', 'Ricardo Lopez', 1, 37, NULL, NULL),
(266, 'PRO-266', 'Juridico', '080053907', 'Construcciones Carúpano, C.A.', '02943324155', 'Av. Universitaria, Sector Bello Monte. Carúpano. Edo. Sucre', 'concarupanoca@gmail.com', '', 1, 37, NULL, NULL),
(267, 'PRO-267', 'Natural', '20872764', 'Alexi Pabon', '04242512006', 'Caracas', '', '', 1, 50, NULL, NULL),
(268, 'PRO-268', 'Natural', '5531580', 'Elizabeth Gratzer', 'N/A', 'Caracas', '', '', 1, 50, NULL, NULL),
(269, 'PRO-269', 'Juridico', '299262129', 'Elite Broker Services, C.A.', '02129591384', 'Calle Primera, Edificio Antillano II, Piso 6, Apt 6-1, Urb. Miramar, Sector Pariata, Maiquetia', '', 'Famir Sequea', 1, 41, NULL, NULL),
(270, 'PRO-270', '', '18597285', 'Luis Solano', '04144505622', 'Apure', '', '', 0, NULL, NULL, NULL),
(271, 'PRO-271', 'Natural', '11411987', 'Jose Tarache', '04263822363', 'Rio Caribe', '', '', 1, 50, NULL, NULL),
(272, 'PRO-272', 'Natural', '10811085', 'Aldo Novellino', '04127266510', 'Caracas', '', '', 1, 50, NULL, NULL),
(273, 'PRO-273', 'Natural', '17810736', 'Rodolfo Moreno', '04247698237', 'Tachira', '', '', 1, 50, NULL, NULL),
(274, 'PRO-274', '', '', 'JOELIS BLANCO', '0', '0', '', '', 0, NULL, NULL, NULL),
(275, 'PRO-275', '', '12377680', 'HECTOR RODRIGUEZ', '04142688637', 'CHACAO', '', '', 0, NULL, NULL, NULL),
(276, 'PRO-276', 'Juridico', '401092179', 'Inversiones Sajos, C.A.', '04144388171', 'Maracay - Edo. Aragua', 'vccastrorodriguez@yahoo.com', '', 1, 3, NULL, NULL),
(277, 'PRO-277', 'Juridico', '299381314', 'Dr. Andamio', '02126318361', '7ma. Transversal Con Av. Los Samanes Galpon #87 Urb. Nuevo Prado, Municipio Libertador, Caracas', '', '', 1, 40, NULL, NULL),
(278, 'PRO-278', 'Natural', '16414956', 'Yuri Tirado', '04145593153', 'Portuguesa', '', '', 1, 50, NULL, NULL),
(279, 'PRO-279', 'Juridico', '070457082', 'Comercial Orinoco, C.A.', '02643712881 - 02643713361 - 02643713574', 'Av. Intercomunal con Calle Vereda Tropical Sector Santa Clara Edificio Comercial Orinoco. Al lado de Locatel. Cabimas, Estado - Zulia', 'comercialorinoco@hotmail.com - comercialorinoco@cantv.net ', 'Zulevy Olivero', 1, 14, NULL, NULL),
(280, 'PRO-280', '', 'J-40564545-8', 'Serv y Sum Construelectriorituco, C.A.', '(0412) 770.99.80', 'Valles Del Tuy', 'construelectriorituco@outlook.com', '', 0, NULL, NULL, NULL),
(281, 'PRO-281', 'Juridico', '404555129', 'Mallas Caracas', '02125246054', 'Caracas', 'mallascaracas@gmail.com', '', 1, 38, NULL, NULL),
(282, 'PRO-282', 'Juridico', '62500162', 'Inversiones Uzcategui Creativo', '04147900983', 'Caracas', '', '', 1, 20, NULL, NULL),
(283, 'PRO-283', 'Natural', '11448148', 'Henry Guevara', 'N/A', 'Coro', 'hhenryguevara@gmail.com', '', 1, 50, NULL, NULL),
(284, 'PRO-284', 'Natural', '1107061', 'Enrique Leon', '04269151986', 'Portuguesa', '', '', 1, 50, NULL, NULL),
(285, 'PRO-285', 'Natural', '5781221', 'Felix Luis Duarte', '04268515244', 'San Casimiro', '', '', 1, 50, NULL, NULL),
(286, 'PRO-286', 'Natural', '7927145', 'Guillermo Arzola', '04122674334', 'Rio Caribe', '', '', 1, 50, NULL, NULL),
(287, 'PRO-287', 'Juridico', '001672451', 'Tecno Simex, C.A.', '02122386685', 'Caracas', 'juanitabri@gmail.com', '', 1, 3, NULL, NULL),
(288, 'PRO-288', 'Natural', '10888692', 'Jose Valera', '04169377239', 'San Casimiro', '', '', 1, 50, NULL, NULL),
(289, 'PRO-289', 'Juridico', '294241182', 'Consoles Expert, C.A.', '02122354501', 'Av. Principal de Los Ruices, Edif. Icoa, Nivel Mezz., Ofic. 5, Caracas', 'ml@consolesexpert.com', '', 1, 36, NULL, NULL),
(290, 'PRO-290', 'Juridico', '003025500', 'Distribuidora Sotero Soumen, C.A.', '02123810578 - 02123810196 - 02123810271 ', 'Carretera Nacional Guatire-Guarenas. Sector Los Flores Guatire, Edo. Miranda, Venezuela', 'ventas@soterosoumen.com.ve - disoterosoumen@hotmail.com', '', 1, 21, NULL, NULL),
(291, 'PRO-291', 'Juridico', '000075875', 'Estar Seguros, S.A.', '05003782765', '1ra. Transv., Edif. Centro Plaza, Torre D, Piso 12, Los Palos Grandes, Caracas', '', '', 1, 31, NULL, NULL),
(292, 'PRO-292', 'Juridico', '307878630', 'Servicios Trailers Cars J.C., C.A.', '04122491688', 'Caracas', '', '', 1, 3, NULL, NULL),
(293, 'PRO-293', 'Natural', '18465821', 'Railix Salina', '04268163071', 'Caracas', '', '', 1, 50, NULL, NULL),
(294, 'PRO-294', 'Natural', '14855809', 'George Villaroe', '04248550397', 'Carupano', '', '', 1, 50, NULL, NULL),
(295, 'PRO-295', 'Natural', '4886721', 'Rafael Rojas', 'N/A', 'Caracas', '', '', 1, 50, NULL, NULL),
(296, 'PRO-296', 'Natural', '0', 'Jorge Houtman', 'N/A', 'N/A', '', '', 1, 50, NULL, NULL),
(297, 'PRO-297', 'Natural', '20637752', 'Yoderf Pinto', '04241405374', 'Cua', '', '', 1, 50, NULL, NULL),
(298, 'PRO-298', 'Juridico', '308732532', 'Rivertec, S.A.', '02129634411 - 02129633890', 'C.E. Lagunita, Ofic. 405, La Lagunita,  El Hatillo. Caracas - Venezuela', 'ventas@rivertecsa.com', 'Kelys Torres', 1, 14, NULL, NULL),
(299, 'PRO-299', 'Juridico', '298346221', 'Servicios Excentel, C.A.', '04241219054', 'Caracas', 'excentel.excentel@gmail.com', '', 1, 49, NULL, NULL),
(300, 'PRO-300', 'Natural', '10885141', 'Carlos Battaglini', '04148040862', 'Rio Caribe', '', '', 1, 50, NULL, NULL),
(301, 'PRO-301', 'Juridico', '315640287', 'Inversiones Petroperfo 85-00, C.A.', '02129634411', 'Villa de Cura - Estado Aragua', '', '', 1, 3, NULL, NULL),
(302, 'PRO-302', 'Juridico', '403443076', 'Todo Iluminación Chacao, C.A.', '02122659982', 'Calle Arturo Uslar Pietri, Edf Ensanche Mohedano. Piso PB. Local 8. Urb. Chacao. Caracas', 'todoiluminacion@gmail.com', '', 1, 15, NULL, NULL),
(303, 'PRO-303', 'Juridico', '080010426', 'Distribuidora Cami, C.A.', '02122571591 - 02122574447 - 02122571761', 'Av. Chicago con calle Milán, Edif. ALFA, P.B., La California Sur, Caracas, D.F.', 'ventas@distribuidoracami.com / distribuidoracami@gmail.com', 'Cesar Guerra', 1, 15, NULL, NULL),
(304, 'PRO-304', 'Juridico', '095145930', 'Ingeniería de Servicios Industriales CA (Isica)', '02122356817 - 04166083461', 'Calle Capitolio, Edif Indelca, PB, Boleita Sur, Caracas', 'isica.venezuela@gmail.com', '', 1, 10, NULL, NULL),
(305, 'PRO-305', 'Juridico', '402040709', 'Inversiones Isale 2013, C.A.', '02125192587', 'Av. Intercomunal de Antimano Edif. Makro La Yaguara Local Grupo Zoom Interno Of 3,4,5 Caracas - Distrito Capital', '', '', 1, 24, NULL, NULL),
(306, 'PRO-306', 'Natural', '11117650', 'Alfredo Guevara', '04145893133', 'San Casimiro', '', '', 1, 50, NULL, NULL),
(307, 'PRO-307', 'Natural', '12087593', 'Delfin Di Maggio', '04147947360', 'Cua', '', '', 1, 50, NULL, NULL),
(308, 'PRO-308', 'Natural', '4676701', 'Angela Quintero De Gomez', '04128253719', 'San Casimiro', '', '', 1, 50, NULL, NULL),
(309, 'PRO-309', 'Natural', '18555382', 'Jackelys Viviana Pino ', 'N/A', 'Valles del Tuy', '', '', 1, 50, NULL, NULL),
(310, 'PRO-310', 'Natural', '10344291', 'Nairobi Osorio', '04244943551', 'Valencia', 'angelgoma@gmail.com', '', 1, 50, NULL, NULL),
(311, 'PRO-311', 'Juridico', '403809615', 'Cossna Company, C.A.', '02123117323', 'Av Leonardo Da Vinci edf Pigalle piso 5 ofic 5-551 Colinas de Bello Monte. Caracas Venezuela', 'info@cossnacompany.com', '', 1, 26, NULL, NULL),
(312, 'PRO-312', 'Natural', '11287637', 'Geraldina Rincon', 'N/A', 'N/A', '', '', 1, 50, NULL, NULL),
(313, 'PRO-313', 'Juridico', '302531640', 'Rapidfix Comercializadora, C.A.', '02122650691', 'Chacao Calle los ángeles # 35 Y 37. Detrás del Centro Comercial Sambil. Caracas, Venezuela', 'detal2@rapidfix.com.ve', 'Caja 2', 1, 6, NULL, NULL),
(314, 'PRO-314', 'Juridico', '265497024', 'Arawak Marine', '02122679013', 'Chacao', 'jhcp@jhcpconstruccion.com', '', 1, 25, NULL, NULL),
(315, 'PRO-315', 'Juridico', '405181869', 'Sel RT Corp, C.A.', 'N/A', 'Multicentro Empresarial del Este - Chacao', '', '', 1, 24, NULL, NULL),
(316, 'PRO-316', 'Juridico', '313954365', 'Sociedad Abastecedora de la Industria Metalúrgica SABIMET, S.A.', '02129754945 - 02129753052 - 02129785116', 'Avenida Río Caura, Centro Empresarial Torre Humboldt, Planta Alta oficina 06, Prados del Este, Municipio Baruta. Caracas', 'ventas@sabimet.com / sergiolopez@sabimet.com / info@sabimet.com', 'Sergio López Dell\'ovo', 1, 15, NULL, NULL),
(317, 'PRO-317', 'Natural', '10669426', 'Carlos Ibarra', '04142345603', 'Cua', '', '', 1, 50, NULL, NULL),
(318, 'PRO-318', 'Juridico', '401473180', 'Ambulancias Fluitmed, C.A.', '02124480956 - 04168318162 - 04142365094', 'Final Av. Paez, Qta Villa Elena,  Nº 30, Piso 1, Urb. El Paraiso. Caracas', 'fluitmed@gmail.com', 'Jhojann Latozefsky', 1, 16, NULL, NULL),
(319, 'PRO-319', 'Natural', '11835305', 'David Posse', '04241089845', 'Cua', '', '', 1, 50, NULL, NULL),
(320, 'PRO-320', 'Juridico', '003192252', 'Auto siete veintisiete, C.A.', '02126557300', 'Caracas', 'reservaciones3@unirent.com.ve', '', 1, 28, NULL, NULL),
(321, 'PRO-321', 'Juridico', '310057079', 'Amigos Car Rental, C.A.', '02129539782 ', 'Chacaito', 'ventas@amigoscarental.com', '', 1, 2, NULL, NULL),
(322, 'PRO-322', '', 'J-00109827-5', 'Mato Suplidores, c.a.', '0212- 731.24.11 / 730.78.22', 'Av. Las Acacias Nro. 68, cruce con Av. Andres Bello', 'gerenciaventasmato@gmail.com', '', 0, NULL, NULL, NULL),
(323, 'PRO-323', 'Juridico', '309590715', 'Grupo Mato Suplidores, C.A.', '02127312411 - 02127307822', 'Av. Las Acacias Nro. 68, cruce con Av. Andres Bello', 'gerenciaventasmato@gmail.com', '', 1, 13, NULL, NULL),
(324, 'PRO-324', 'Juridico', '310012830', 'Centro Automotriz Mirror Glaze, C.A.', '04142877799', 'Av Libertador Edif Iamar Nivel Sotano - Chacao', 'danielonorato@gmail.com', 'Daniel Onorato', 1, 17, NULL, NULL),
(325, 'PRO-325', 'Natural', '3504055', 'Iraima Martinez', '02129459152', 'La Trinidad', '', '', 1, 50, NULL, NULL),
(326, 'PRO-326', 'Gubernamental', '200024518', 'Servicio Nacional de Contratacion', 'N/A', 'SNC', '', '', 1, 32, NULL, NULL),
(327, 'PRO-327', 'Natural', '19517398', 'Carerly Cordero', '04166622010', 'Acarigua', 'carerly23@gmail.com', '', 1, 50, NULL, NULL),
(328, 'PRO-328', 'Juridico', '300058565', 'Oferta Color 2005, C.A.', '04140520549', 'Sabana Grande - Caracas', 'ofertacolor@gmail.com', '', 1, 39, NULL, NULL),
(329, 'PRO-329', 'Natural', '19406882', 'Sandra Rodriguez', '04243805073', 'Apure', '', '', 1, 50, NULL, NULL),
(330, 'PRO-330', 'Juridico', '401210473', 'Servicios de Transporte Atusalud, C.A.', '02396350216', 'Charallave, Edo. Miranda', 'atusalud2012@hotmail.es', '', 1, 16, NULL, NULL),
(331, 'PRO-331', 'Natural', '6120873', 'Jose Garcia', '04166144669', 'La Candelaria', '', '', 1, 50, NULL, NULL),
(332, 'PRO-332', 'Natural', '13887316', 'Rene Ruiz', '04265159838', 'Caracas', 'masterdesign.com.ve@gmail.com', '', 1, 50, NULL, NULL),
(333, 'PRO-333', 'Juridico', '299751596', 'Distribuidora Acero 3004 (PRAGACA), C.A.', '02122355707 - 04241263963 - 02122356218', 'Av. Terrazas del Avila, C.C. Parque Avila, Nivel 5, Ofic. C5-20. Urb. Terrazas del Avila', 'info@pragaca.com / nmatos@pragaca.com', 'Nestor Añanguren', 1, 18, NULL, NULL),
(334, 'PRO-334', 'Juridico', '294322492', 'Power Station, S.A.', '04142401442 ', 'Los Dos Caminos', 'info@software-gg.com', '', 1, 33, NULL, NULL),
(335, 'PRO-335', 'Juridico', '302047897', 'Materiales Electricos 350, C.A.', '02122638303 - 02122633319', 'Final calle sucre Edf Ludemil PB. Caracas', 'materiales350@cantv.net', '', 1, 15, NULL, NULL),
(336, 'PRO-336', 'Natural', '20483300', 'Mayerlin Abreu', '04241954172', 'San Casimiro - Cua', '', '', 1, 50, NULL, NULL),
(337, 'PRO-337', 'Juridico', '401756379', 'Master Cable Las Palmas, C.A.', '02127941106', 'Av ppal Las Palmas. Caracas', 'mastercablelaspalmas@gmail.com', '', 1, 15, NULL, NULL),
(338, 'PRO-338', 'Natural', '7286935', 'Angel Tovar', '04141493865', 'San Casimiro', '', '', 1, 50, NULL, NULL),
(339, 'PRO-339', 'Natural', '15658250', 'Maria Gabriela Chirinos', '04121041349', 'Machiques de Perija - Estado Zulia', 'mgabriela0407@hotmail.com', '', 1, 15, NULL, NULL),
(340, 'PRO-340', 'Natural', '18578185', 'Jorge Rondon', '04144949212', 'La Guaira ', 'transcargo.2009@gmail.com', '', 1, 50, NULL, NULL),
(341, 'PRO-341', 'Natural', '10628165', 'Jesus Cabello ', '04242466509', 'Caracas', 'cabellojesus2014@hotmail.com', '', 1, 50, NULL, NULL),
(342, 'PRO-342', 'Natural', '19921731', 'Meryelis Vicenta ', '04246395566', 'Barquisimeto', '', '', 1, 50, NULL, NULL),
(343, 'PRO-343', 'Natural', '10805110', 'Ezequiel Diaz Boada', 'N/A', 'Barquisimeto - Edo. Lara', 'ezequiel.diaz275@hotmail.com', 'Kelys Torres', 1, 3, NULL, NULL),
(344, 'PRO-344', 'Juridico', '297506209', 'Inversiones 3089, C.A.', '02127941399 - 04162008184 - 04167108272', 'Avenida Principal de Maripérez, Galpón Nº 153, Maripérez, Caracas', 'transportehermanosregueiro@hotmail.com', 'Antonio Regueiro', 1, 12, NULL, NULL),
(345, 'PRO-345', 'Natural', '16553296', 'Roxander Barrios', '04243599860', 'Caracas', 'roxander.barrios@gmail.com', '', 1, 38, NULL, NULL),
(346, 'PRO-346', 'Natural', '921743', 'Mario Mingorance', 'N/A', 'Chacao', '', '', 1, 50, NULL, NULL),
(347, 'PRO-347', 'Natural', '19507788', 'Jose Key', '04122529137', 'Caracas', 'gjkr3000@hotmail.com', '', 1, 50, NULL, NULL),
(348, 'PRO-348', 'Natural', '80337331', 'Raoul  Sartoretto', 'N/A', 'N/A', '', '', 1, 50, NULL, NULL),
(349, 'PRO-349', 'Natural', '20766474', 'Yetzenia Valera', '04142681733', 'Barquisimeto', '', '', 1, 50, NULL, NULL),
(350, 'PRO-350', 'Natural', '10694393', 'Lenin Guillermo Seijas Rodríguez', '04162158741 - 04127144039', 'Caracas', 'lenin.seijas@hotmail.com', '', 1, 19, NULL, NULL),
(351, 'PRO-351', 'Natural', '9573696', 'Javier Bautista', '04123934702', 'San Jose. Calle real Los Mecedores. #5. Caracas', '', '', 1, 50, NULL, NULL),
(352, 'PRO-352', 'Natural', '5433749', 'Andres Granados', '04167123660', 'El Hatillo', '', '', 1, 50, NULL, NULL),
(353, 'PRO-353', 'Natural', '16087384', 'Edwin Peraza', '04140127537', 'Ciudad Caribia. Estado Vargas', '', '', 1, 50, NULL, NULL),
(354, 'PRO-354', 'Natural', '0', 'Jose Gabriel Urbina', 'N/A', 'N/A', '', '', 1, 50, NULL, NULL),
(355, 'PRO-355', 'Natural', '13992690', 'Luisa Fernandez Gomez', 'N/A', 'N/A', '', '', 1, 50, NULL, NULL),
(356, 'PRO-356', '', '', 'Francisco Garcia', '04168136296', 'Caracas', 'franckg1970@gmail.com', '', 0, NULL, NULL, NULL),
(357, 'PRO-357', 'Natural', '11157043', 'Francisco Garcia', '04168136294', 'Caracas', 'franckg1970@gmail.com', '', 1, 50, NULL, NULL),
(358, 'PRO-358', 'Natural', '6162319', 'Roberto Ventresca', '04166148897', 'Caracas', '', '', 1, 3, NULL, NULL),
(359, 'PRO-359', '', 'j-30682443-0', 'campo ferreteria, C.A', '0212 2386018', 'caracas', '01340371613711037449', '', 0, NULL, NULL, NULL),
(360, 'PRO-360', 'Juridico', '306824430', 'Campi Ferreteria, C.A.', '02122386018', 'Cl. Alvares Y 2 da Trasnversal Los Dos Caminos, Urb. Montecristo, Caracas, Caracas, Distrito Capital', 'ventas@campiferreteria.com.ve ', '', 1, 11, NULL, NULL),
(361, 'PRO-361', 'Natural', '6913808', 'Evelyn La Rosa', '04241944105', 'Caracas', 'ogavidia@hotmail.com', '', 1, 50, NULL, NULL);
INSERT INTO `proveedor` (`id`, `proveedor_codigo`, `proveedor_tipo`, `proveedor_rif`, `proveedor_nombre`, `proveedor_telefono`, `proveedor_direccion`, `proveedor_correo`, `proveedor_contacto`, `proveedor_estado`, `suministro_id`, `created_at`, `updated_at`) VALUES
(362, 'PRO-362', 'Natural', '1111313', 'Saulo A. Escobar Lopez', '04143217826', 'Las Mercedes, Caracas', 'escobarlopez40@gmail.com', '', 1, 50, NULL, NULL),
(363, 'PRO-363', 'Juridico', '2944708226', 'Proyectos y Construcciones Romas, C.A.', '02824257150', 'Sector Pueblo Nuevo, Calle Trujillo, Quinta Adri, Edo. Anzoategui, Municipio Anaco', 'proyectosyconstruccionesroma@yahoo.com.ve', '', 1, 37, NULL, NULL),
(364, 'PRO-364', 'Juridico', '001591575', 'Copiadora Colisa, S.R.L.', '02122661153', 'Av. Libertador, C.C. Multicentro Empresarial del Este, Nivel PP, Local 5, Urb. Chacao, Caracas.', '', 'Jesús Omaña', 1, 24, NULL, NULL),
(365, 'PRO-365', 'Natural', '21290493', 'Anderson Melendez ', '04142738949', 'La Urbina', '', '', 1, 50, NULL, NULL),
(366, 'PRO-366', 'Natural', '20228308', 'Nilka Paez', 'N/A', 'N/A', '', '', 1, 50, NULL, NULL),
(367, 'PRO-367', 'Natural', '0', 'Alberico Torchia', '02122329887', 'Altamira', '', '', 1, 50, NULL, NULL),
(368, 'PRO-368', 'Juridico', '002981288', 'Zuma Seguros, C.A. ', '02126100306 ', 'Av. Francisco de Miranda, Edif. Centro Lido, Nivel Tamanaco, El Rosal - Caracas. ', 'bsilva@zumaseguros.com', 'Bernarda Silva', 1, 31, NULL, NULL),
(369, 'PRO-369', 'Gubernamental', '0', 'Alcaldía del Municipio Benítez', '04168831362', 'El Pilar', '', '', 1, 32, NULL, NULL),
(370, 'PRO-370', 'Natural', '10798577', 'Richard De Pablo', 'N/A', 'N/A', '', '', 1, 50, NULL, NULL),
(371, 'PRO-371', 'Natural', '22515174', 'Rosyris Jimenez', 'N/A', 'N/A', '', '', 1, 50, NULL, NULL),
(372, 'PRO-372', 'Natural', '13076325', 'Rolando Marcano', '04122006228', 'Caracas', 'valdemark.rm2@gmail.com', '', 1, 50, NULL, NULL),
(373, 'PRO-373', 'Natural', '8176122', 'Julio Cesar Guillén León', 'N/A', 'Caracas', '', '', 1, 50, NULL, NULL),
(374, 'PRO-374', 'Natural', '8434535', 'Rafael Parrella', 'N/A', 'N/A', 'rparella@gmail.com', '', 1, 50, NULL, NULL),
(375, 'PRO-375', 'Natural', '10427578', 'Noel Reina', 'N/A', 'Valencia', '', '', 1, 50, NULL, NULL),
(376, 'PRO-376', 'Juridico', '060028078', 'Tractor Diesel Pecbel, C.A', '02353415037', 'Valle la Pascua ', 'tdieselca@gmail.com', '', 1, 3, NULL, NULL),
(378, 'PRO-378', 'Natural', '18110452', 'Diego Rivas', '04143247711', 'Caracas', '', '', 1, 50, NULL, NULL),
(379, 'PRO-379', 'Juridico', '000214476', 'Venezolana de Seguros y vida, C.A.', '02127534533', 'Chacao', '', '', 1, 31, NULL, NULL),
(380, 'PRO-380', 'Juridico', '001116990', 'Confecciones Brifi, C.A.', '02122370941 - 02122377348', 'Av. Principal de Boleita Sur, entre 4ta. Transv. y Av. Rómulo Gallegos, Edif. Gema, PB, Local 02, Caracas', 'brifi2010@hotmail.com', 'Flor Díaz', 1, 35, NULL, NULL),
(381, 'PRO-381', 'Natural', '16671364', 'Joan Guillermo García', 'N/A', 'N/A', '', '', 1, 50, NULL, NULL),
(382, 'PRO-382', 'Juridico', '308311561', 'HN Importaciones 2018, C.A.', '02432186308', 'Barrio Independencia, Calle Piar, Edificio B, Número 16-A, Municipio Girardot, Maracay - Estado Aragua', 'maquinarias2018ca@hotmail.com', 'Laura Uribe', 1, 47, NULL, NULL),
(383, 'PRO-383', '', 'V- 14.773.904 ', 'Arnaldo Alfaro ', 'N/A', 'N/A', 'aalfaro.alcatel@gmail.com', '', 0, NULL, NULL, NULL),
(384, 'PRO-384', 'Natural', '24240956', 'Yeral Diaz ', 'N/A', 'N/A', '', '', 1, 50, NULL, NULL),
(385, 'PRO-385', 'Juridico', '404168770', 'Distribuidora Granjas de Venezuela, C.A.', '04167394098', 'Av. Constitución Edif. Varlab Piso 17 Apto. 17-03. Villa de Cura', 'lsalvatierra2009@hotmail.com - gallinasventas2@gmail.com  -  granjasyriegos@gmail.com', 'Liceslei Salvatierra', 1, 20, NULL, NULL),
(386, 'PRO-386', 'Natural', '14256012', 'Enrique José Urdaneta', 'N/A', 'Caracas', NULL, NULL, 1, 50, NULL, NULL),
(387, 'PRO-387', 'Natural', '25734538', 'Alvaro Patiño', '04168288932', 'Amazonas', NULL, NULL, 1, 50, NULL, NULL),
(388, 'PRO-388', 'Natural', '11977869', 'Freddy Jose Chano Vela', '04166340732', 'Petare', NULL, NULL, 1, 50, NULL, NULL),
(389, 'PRO-389', 'Natural', '11903786', 'Jose Bastardo', '04241446583', 'Apure', NULL, NULL, 1, 50, NULL, NULL),
(390, 'PRO-390', 'Juridico', '317177908', 'Grupo Total Eventos, C.A.', '02418388005', 'Av Eugenio Mendoza, Edif. Centro Letonia, Piso 5, La Castellana, Caracas.', 'mercadeo@soluciongerencial.com', NULL, 1, 29, NULL, NULL),
(391, 'PRO-391', 'Juridico', '312255749', 'Consiguetodo, C.A.', 'n/a', 'Zona Industrial Carabobo Novena Transversal Galpon Nº 79-95. Detras del CC Ara. Valencia, Edo. Carabobo.', 'mhernandez@gerenciales.com', NULL, 1, 11, NULL, NULL),
(392, 'PRO-392', 'Natural', '16710842', 'Enrique Gonzalez', '04148750541', 'Caracas', 'enrique1984gonzalez@gmail.com', NULL, 1, 50, NULL, NULL),
(393, 'PRO-393', 'Natural', '4649110', 'Alexis Vasquez ', 'N/A', 'Chacao', NULL, NULL, 1, 50, NULL, NULL),
(394, 'PRO-394', 'Natural', '12441806', 'Alejandro Villamizar', '04244357550', 'Valencia', NULL, NULL, 1, 50, NULL, NULL),
(395, 'PRO-395', 'Natural', '16424588', 'Ana Suarez', '04141874114 ', 'Los Cortijos', NULL, NULL, 1, 50, NULL, NULL),
(396, 'PRO-396', 'Juridico', '402360541', 'Inversiones Oaga 1982, C.A.', 'N/A', 'N/A', NULL, NULL, 1, 21, NULL, NULL),
(397, 'PRO-397', 'Juridico', '000468484', 'General Distribuidora, S.A. Gedisa', '02122398011 - 02122399211 - 02122390233', 'Avenida Principal de Boleita Norte. Edificio Cari. Caracas', 'gedisa@cantv.net - gedisa@gedisa.com.ve - juliocovarrubia@gedisa.com.ve', 'Julio Covarrubia', 1, 15, NULL, NULL),
(398, 'PRO-398', 'Natural', '17223680', 'Daniel Mardeni', '04123057580', 'Chacao', 'daniel.mardeni@jhcpconstruccion.com', NULL, 1, 1, NULL, NULL),
(399, 'PRO-399', 'Juridico', '293736846', 'Intelca Ingeniería de Telecomunicaciones, C.A.', '02832354224', 'Cl Bolívar No 28, Ed La Suiza, 1er y 2do Piso, El Tigre, Anzoategu', NULL, NULL, 1, 49, NULL, NULL),
(400, 'PRO-400', 'Juridico', '000582777', 'Taller Freneste, C.A.', 'N/A', 'Caracas', 'tallerfreneste@hotmail.com', NULL, 1, 17, NULL, NULL),
(401, 'PRO-401', 'Natural', '8628811', 'Birma Mendoza', '04125123355', 'Aragua', NULL, NULL, 1, 50, NULL, NULL),
(402, 'PRO-402', '', '30204789-7', 'materiales electricos 350,c.a', '0212 2638303', 'chacao', NULL, NULL, 0, NULL, NULL, NULL),
(403, 'PRO-403', 'Juridico', '000561524', 'Electrosan, C.A.', '02122663270', 'Chacao', 'info@electrosan.com.ve', NULL, 1, 15, NULL, NULL),
(404, 'PRO-404', 'Natural', '22788742', 'Alejandro Da Silva', '04242541313', 'Chacao', NULL, NULL, 1, 50, NULL, NULL),
(405, 'PRO-405', 'Juridico', '405443375', 'Servicios Caribbean Assist 365, C.A.', '02122146949 - 02129535459 - 04241176739', 'Av. Francisco de Miranda, Edificio Seguros Venezuela, Piso 1, Oficina 2. El Rosal – CP 1060. Caracas – Venezuela', 'scassist@outlook.com - scassist365@gmail.com ', 'Luis Piñango', 1, 2, NULL, NULL),
(406, 'PRO-406', 'Gubernamental', '200057955', 'Banco Agrícola de Venezuela, C.A.', 'N/A', 'Av. Francisco de Miranda. Edificio Cavendes. Piso 17. Los Palos Grandes. Caracas – Venezuela', NULL, NULL, 1, 32, NULL, NULL),
(407, 'PRO-407', 'Natural', '18597285', 'Luis Solano', '04144505622', 'Apure', NULL, NULL, 1, 50, NULL, NULL),
(408, 'PRO-408', 'Natural', '15955977', 'Eglys Raolys Salazar', '04266460197', 'Amazonas', NULL, NULL, 1, 50, NULL, NULL),
(409, 'PRO-409', 'Natural', '12229432', 'Jonny Morales', 'N/A', 'N/A', NULL, NULL, 1, 50, NULL, NULL),
(410, 'PRO-410', 'Juridico', '001817211', 'Fundación Instituto de Mejoramiento Profesional FIMP del C.I.V. ', '02125712035', 'Calle Real de Quebrada Honda Edificio Antonio Jose de Sucre  Los Caobos Caracas. ', 'fimp_civ@cantv.net', NULL, 1, 26, NULL, NULL),
(411, 'PRO-411', 'Juridico', '402762573', 'Transgruasdp, C.A.', '04144404101', 'Valencia', NULL, 'Denis Pirela', 1, 12, NULL, NULL),
(412, 'PRO-412', 'Natural', '10882631', 'Nohelia Cedeño', 'N/A', 'El Pilar Rio Caribe', NULL, NULL, 1, 50, NULL, NULL),
(413, 'PRO-413', 'Natural', '15414645', 'Julio Fermin', 'N/A', 'Tunapuy. Rio Caribe', NULL, NULL, 1, 50, NULL, NULL),
(414, 'PRO-414', 'Natural', '11439616', 'Carmen Rodriguez', 'N/A', 'Motos - El Pilar. Rio Caribe', NULL, NULL, 1, 50, NULL, NULL),
(415, 'PRO-415', 'Juridico', '315992400', 'Corporacion Noguera KRB, C.A.', '02122634887', 'Av Libertador, entre calle la Joya y Elice, Centro Parima, piso 8 Oficina 804. Punto de referencia al frente de Torre Seguros Mercantil ', 'cnoguerakrb.cursos@gmail.com', 'José Ignacio Noguera', 1, 26, NULL, NULL),
(416, 'PRO-416', 'Natural', '13887472', 'Jordy Colmenares', '04120296083', 'Chacao', 'jordy@jhcpconstruccion.com', NULL, 1, 1, NULL, NULL),
(417, 'PRO-417', 'Natural', '21718439', 'Yoandri Sarabia', '04168953840 ', 'Parque Central', NULL, NULL, 1, 50, NULL, NULL),
(418, 'PRO-418', 'Natural', '13601238', 'Denis Pirela', '04144404101', 'Valencia', NULL, NULL, 1, 12, NULL, NULL),
(419, 'PRO-419', 'Natural', '20738442', 'Junior Valero', '04248202001', 'Pariaguan', NULL, NULL, 1, 50, NULL, NULL),
(420, 'PRO-420', 'Juridico', '308510360', 'Arts Instituto de Computación Gráfica 2100, C.A.', '02122663016 - 02122661607 - 02122662847', 'Multicentro empresarialdel Este, torre Libertador, Núcleo A, piso 16, Ofic. A-164, Chacao ', 'caja@institutoarts.com.ve', NULL, 1, 26, NULL, NULL),
(421, 'PRO-421', 'Natural', '14773904', 'Arnaldo Alfaro', 'N/A', 'Portuguesa', 'alfaro.alcatel@gmail.com', NULL, 1, 50, NULL, NULL),
(422, 'PRO-422', 'Natural', '16145559', 'Luis Galban', '04266460197', 'Puerto Ayacucho', NULL, NULL, 1, 50, NULL, NULL),
(423, 'PRO-423', 'Natural', '17921232', 'Orleimny Sequini', '04241132437', 'Guatire', 'orle.sequini@jhcpconstruccion.com', NULL, 1, 1, NULL, NULL),
(424, 'PRO-424', 'Natural', '82128577', 'Patricia Giudicelli', '04166819348', 'Caracas', 'info@cabatucan.com', NULL, 1, 50, NULL, NULL),
(425, 'PRO-425', 'Juridico', '298419636', 'M&MR Diseños, C.A.', '02124175558', 'Av. Francisco de Miranda, La California Norte a una cuadra del Unicentro. El Marquez - Caracas', 'www.publitodo.com.ve', 'Ruth Murillo', 1, 35, NULL, NULL),
(426, 'PRO-426', 'Natural', '6347719', 'Miguel Bracoviche', '02122679013', 'El Rosal - Caracas', NULL, NULL, 1, 50, NULL, NULL),
(427, 'PRO-427', '', 'v-21322518', 'michelle sandoval', 'NO APLICA', 'no aplica', 'NO APLICA', NULL, 0, NULL, NULL, NULL),
(428, 'PRO-428', 'Natural', '4587035', 'Luis Rivera', '04164113135', 'Caracas', 'luisriverarct@gmail.com', NULL, 1, 1, NULL, NULL),
(429, 'PRO-429', 'Natural', '8472551', 'Carlos Jose Fermin', 'N/A', 'N/A', NULL, NULL, 1, 50, NULL, NULL),
(430, 'PRO-430', 'Natural', '13853196', 'Junior Riobueno', '04262849660', 'Cua', 'junior@jhcpconstruccion.com', NULL, 1, 50, NULL, NULL),
(431, 'PRO-431', 'Natural', '14293270', 'Jonathan Chavez', '04248202001', 'Pariaguan', NULL, NULL, 1, 50, NULL, NULL),
(432, 'PRO-432', 'Natural', '12949860', 'Ciro Chavez', '04241388268', 'Chacao', NULL, NULL, 1, 50, NULL, NULL),
(433, 'PRO-433', 'Juridico', '306660410', 'Inter Postes de Venezuela', '02512691928', 'Barquisimeto - Estado Lara', 'fanny.ventas@hotmail.com', NULL, 1, 15, NULL, NULL),
(434, 'PRO-434', 'Juridico', '405645458', 'Servicio y Suministro Construelectriorituco, C.A.', '04127709980 - 04124021425 - 04264174313', 'Carretera Nacional La Raiza, Zona Industrial Tomuso (vieja), entrada por Insdustrias Piroven al lado de Perfiles Santa Teresa. Galpones 1i y 2i. Santa Teresa del Tuy. Estado Miranda.', 'construelectriorituco@outlook.com', 'Yoviergle Mota', 1, 15, NULL, NULL),
(435, 'PRO-435', 'Juridico', '311842489', 'MANPEG', '02512370102', 'Barquisimeto. Estado Lara', 'manpegca@hotmail.com', NULL, 1, 15, NULL, NULL),
(436, 'PRO-436', 'Natural', '10541697', 'Juan Jose Guanire', '04164226403/ 04127030433', 'Caracas', 'jose.guanire@gmail.com', NULL, 1, 38, NULL, NULL),
(437, 'PRO-437', 'Natural', '17325754', 'Gunther Guapes', '04267487679', 'Puerto Ayacucho', NULL, NULL, 1, 50, NULL, NULL),
(438, 'PRO-438', 'Juridico', '307328339', 'Estacionamiento y Servicio de Gruas Pardillal, C.A.', '04143243582', 'San Casimiro', NULL, NULL, 1, 12, NULL, NULL),
(439, 'PRO-439', 'Natural', '4068966', 'Edgar Zambrano', '04145078866', 'Barquisimeto', 'transzam@gmail.com', NULL, 1, 2, NULL, NULL),
(440, 'PRO-440', 'Natural', '15023358', 'Reynel Romero', 'N/A', 'Caracas', NULL, NULL, 1, 50, NULL, NULL),
(441, 'PRO-441', 'Natural', '2510521', 'Heriberto Rojas', '04264688337', 'Caracas', NULL, NULL, 1, 8, NULL, NULL),
(442, 'PRO-442', '', '15955977', 'Eglys Raolys Salazar', '04266460197', '0', NULL, NULL, 0, NULL, NULL, NULL),
(443, 'PRO-443', 'Natural', '19497649', 'Kenny Rivero', '04122022604', 'N/A', 'kenny.rivero22@gmail.com', NULL, 1, 50, NULL, NULL),
(444, 'PRO-444', 'Natural', '22676824', 'Dimas Rua', '02124847854', 'Caracas', NULL, NULL, 1, 50, NULL, NULL),
(445, 'PRO-445', 'Natural', '168773966', 'Quincalleria Tecno Store2 F.P.', '02124847458', 'Caracas', NULL, NULL, 1, 24, NULL, NULL),
(446, 'PRO-446', 'Natural', '18223186', 'Luseidith Chacon', 'N/A', 'Valles del Tuy', NULL, NULL, 1, 50, NULL, NULL),
(447, 'PRO-447', 'Juridico', '401817777', 'Financiadora de Primas Finanseg, C.A.', '02122854595', 'Caracas', 'renovacion01.bareca@gmail.com', NULL, 1, 31, NULL, NULL),
(448, 'PRO-448', 'Juridico', '003382027', 'C.A. de Seguros La Internacional', '02122114505', 'Av. Alameda, Esq. Av. Libertador, Edf. Folgana,  PB', 'cerodriguez@la-internacional.com', NULL, 1, 31, NULL, NULL),
(449, 'PRO-449', 'Juridico', '403067422', 'P.G. Importaciones, C.A.', '02769544950 ', 'Táchira', 'autotacoma@hotmail.com', NULL, 1, 53, NULL, NULL),
(450, 'PRO-450', 'Juridico', '294544177', 'Grupo Turpial, C.A.', '02127937389 - 02127935218 - 04142019125 ', 'Av. Ppal de Mariperez entre 7ma y 8va Transversal, Qta Campo Amor, Mezzanina. Caracas', 'grupoturpial@gmail.com', 'Héctor Diaz', 1, 19, NULL, NULL),
(451, 'PRO-451', '', 'RIF. J-31465067-0', 'Suministros Fyberoptic 2005 C.A', '4739765', 'Caracas', NULL, NULL, 0, NULL, NULL, NULL),
(452, 'PRO-452', 'Juridico', '00012927', 'Especialidades Eléctricas, C.A.', '02122651817', 'Chacao', NULL, NULL, 1, 15, NULL, NULL),
(453, 'PRO-453', 'Natural', '22025099', 'Mirna Osuna', '04143924569', 'El Junquito', 'mirna.osuna@jhcpconstruccion.com', NULL, 1, 1, NULL, NULL),
(454, 'PRO-454', 'Natural', '17442177', 'Virginia Rodriguez', '04163073262', 'Chacaracual - Edo. Sucre', NULL, NULL, 1, 50, NULL, NULL),
(455, 'PRO-455', 'Natural', '18042075', 'Nicolas NG', '04242094522', 'Chacao', NULL, NULL, 1, 50, NULL, NULL),
(456, 'PRO-456', 'Natural', '20398495', 'Geogette Dumat', '04241876772', 'Caracas', NULL, NULL, 1, 50, NULL, NULL),
(457, 'PRO-457', 'Natural', '17671997', 'Daniela Echandia', '04264181030 - 04241149945 ', 'Urb. La Urbina, calle El Esfuerzo, Caracas', 'suministrosindustrialesgollo@gmail.com', NULL, 1, 15, NULL, NULL),
(458, 'PRO-458', 'Natural', '21070357', 'David Graterol', '04142795067', 'Chacao', NULL, NULL, 1, 50, NULL, NULL),
(459, 'PRO-459', 'Natural', '13851142', 'Orlando Zerpa', 'N/A', 'Caracas', NULL, NULL, 1, 2, NULL, NULL),
(460, 'PRO-460', 'Natural', '19580774', 'Maria Jordan  ', '04144467584', 'Amazona', NULL, NULL, 1, 50, NULL, NULL),
(461, 'PRO-461', 'Natural', '10292513', 'Luisa Velasquez', 'N/A', 'Cumana', NULL, NULL, 1, 50, NULL, NULL),
(462, 'PRO-462', 'Natural', '21429572', 'Gabriel Perez', 'N/A', 'Caracas', NULL, NULL, 1, 50, NULL, NULL),
(463, 'PRO-463', 'Natural', '25734398', 'Gonzalo Patiño', '04269853292', 'Pto. Ayacucho', NULL, NULL, 1, 50, NULL, NULL),
(464, 'PRO-464', 'Natural', '15223226', 'Willi Aponte', 'N/A', 'Caracas', NULL, NULL, 1, 50, NULL, NULL),
(465, 'PRO-465', 'Juridico', '305695679', 'Joyeria Reims', '02122679965', 'C.C. Sambil, Chacao.', NULL, NULL, 1, 51, NULL, NULL),
(466, 'PRO-466', 'Natural', '82178424', 'Ana Del Toro', '04264647600', 'Caracas', NULL, NULL, 1, 50, NULL, NULL),
(467, 'PRO-467', 'Natural', '81313944', 'Marcos Arevalo', '04143207814', 'Rio Tuy', NULL, NULL, 1, 50, NULL, NULL),
(468, 'PRO-468', 'Juridico', '299868833', 'Big Bang Electric, C.A.', '02122654319', 'Chacao', NULL, 'Henry Tovar', 1, 15, NULL, NULL),
(469, 'PRO-469', 'Natural', '10510732', 'Alexis Stenhalh Castro', '04169137869', 'Catia', NULL, NULL, 1, 50, NULL, NULL),
(470, 'PRO-470', 'Natural', '18021293', 'Elimar Rivero', '04241137042', 'Valencia', NULL, NULL, 1, 50, NULL, NULL),
(471, 'PRO-471', 'Natural', '8633914', 'Carlos Padron', '04266438545', 'Apure', NULL, NULL, 1, 50, NULL, NULL),
(472, 'PRO-472', 'Natural', '16083616', 'Raul Toledo ', '0424108093', 'Caracas', NULL, NULL, 1, 50, NULL, NULL),
(473, 'PRO-473', 'Natural', '11676818', 'Jose Moncada', '04268127776', 'Charallave', NULL, NULL, 1, 50, NULL, NULL),
(474, 'PRO-474', 'Natural', '4352441', 'Milagros Figueroa De Puerta', 'N/A', 'N/A', NULL, NULL, 1, 50, NULL, NULL),
(475, 'PRO-475', 'Natural', '452647', 'Maria Lucila Ramirez De Lopez', 'N/A', 'N/A', NULL, NULL, 1, 50, NULL, NULL),
(476, 'PRO-476', 'Natural', '3181019', 'Antonio Lopez De Haro', 'N/A', 'N/A', NULL, NULL, 1, 50, NULL, NULL),
(477, 'PRO-477', 'Natural', '14740675', 'Adonisedis Sequera', 'N/A', 'Maracay', 'toyomaracay@hotmail.com', NULL, 1, 17, NULL, NULL),
(478, 'PRO-478', 'Natural', '6297972', 'Dalto Giuseppina ', 'N/A', 'N/A', NULL, NULL, 1, 50, NULL, NULL),
(479, 'PRO-479', 'Natural', '8959881', 'Wilson Saffon', 'N/A', 'N/A', NULL, NULL, 1, 50, NULL, NULL),
(480, 'PRO-480', 'Juridico', '293750172', 'Caracas Hosting Telecom, C.A.', '02127618340 - 02127616376 - 02127616650', '1ra. Transversal entre 1ra. y 2da. Ca., Qta. Sta. Ana, Bello Monte, Caracas', NULL, NULL, 1, 33, NULL, NULL),
(481, 'PRO-481', 'Natural', '17774873', 'Alfonzo Toro', '02123150871', 'Caracas', NULL, NULL, 1, 50, NULL, NULL),
(482, 'PRO-482', 'Natural', '6235418', 'Richard Villarreal', '04141210387', 'Autopista Gran Mariscal de Ayacucho', NULL, NULL, 1, 8, NULL, NULL),
(483, 'PRO-483', '', 'J30331301-9', 'Inv Islamar c.a ', '0500 (CARROS) 0500 (22776719) Ext: 112/ Fax: 58 21', 'Valencia', 'ventas@amigoscarental.com', NULL, 0, NULL, NULL, NULL),
(484, 'PRO-484', 'Natural', '19015475', 'Arianna Bello', '04120204814', 'Caracas', 'arriana.bello@jhpcconstruccion.com', NULL, 1, 50, NULL, NULL),
(485, 'PRO-485', 'Natural', '11736253', 'Javier Moreno', '04167352702', 'Caracas', 'javier.moreno@jhcpconstruccion.com', NULL, 1, 50, NULL, NULL),
(486, 'PRO-486', 'Natural', '12166701', 'Zoveida Rada', '04262121277', 'Caracas', NULL, NULL, 1, 50, NULL, NULL),
(487, 'PRO-487', 'Natural', '12689369', 'Dixon Davila ', 'N/A', 'Caracas', 'ddvila@hotmail.com', NULL, 1, 50, NULL, NULL),
(488, 'PRO-488', 'Natural', '12688922', 'Marcos Velazquez', '04241342549', 'El Valle. Caracas', 'marcosvelazquez.73@hotmail.com', NULL, 1, 50, NULL, NULL),
(489, 'PRO-489', 'Natural', '0', 'Luisa Gorete Goncalves ', 'N/A', 'N/A', NULL, NULL, 1, 50, NULL, NULL),
(490, 'PRO-490', 'Natural', '0', 'Geysell Sarallen Bastida ', 'N/A', 'N/A', NULL, NULL, 1, 50, NULL, NULL),
(491, 'PRO-491', 'Natural', '0', 'Yoel Diaz ', 'N/A', 'N/A', NULL, NULL, 1, 50, NULL, NULL),
(492, 'PRO-492', 'Natural', '14452050', 'Maria Parra', 'N/A', 'N/A', NULL, NULL, 1, 50, NULL, NULL),
(493, 'PRO-493', 'Natural', '20307688', 'Sachare Toro ', '04141196624', 'Caracas ', 'wstro@mercatinseguros.com', NULL, 1, 50, NULL, NULL),
(494, 'PRO-494', 'Juridico', '403823227', 'Inversiones Electricas Zulianas INVERZULCA, C.A.', '02614177062 - 04146722744 - 02614170209', 'Calle 95 Av. 57 Casa Nº 57-130 Nivel PB Local 1 Sector Buena Vista. Maracaibo - Edo. Zulia', 'inverzulca@hotmail.com', 'Heunaldo Sandoval', 1, 15, NULL, NULL),
(495, 'PRO-495', 'Natural', '6932066', 'Luis Falcon ', '04127247853', 'Caracas', 'luisffalcon@hotmail.com', NULL, 1, 50, NULL, NULL),
(496, 'PRO-496', 'Juridico', '298625309', 'Inversiones Cochomollo\'s, C.A. ', '04142457132', 'Charallave', 'g_mundodediversiones@hotmail.com', NULL, 1, 29, NULL, NULL),
(497, 'PRO-497', 'Juridico', '299902730', 'Postes Carabobo, C.A.', '02418320496', 'Calle 89 (5ta transversal) Galpón 83-100 Urb. Industrial Carabobo. Valencia - Edo. Carabobo.', 'postescarabobo@hotmail.com', NULL, 1, 15, NULL, NULL),
(498, 'PRO-498', 'Natural', '13408262', 'Orlando Perez', 'N/A', 'Capitan Mendoza', NULL, NULL, 1, 50, NULL, NULL),
(499, 'PRO-499', 'Natural', '18331277', 'Fernando Gonzalez', '04148142669', 'San Casimiro', NULL, NULL, 1, 50, NULL, NULL),
(500, 'PRO-500', 'Natural', '82287313', 'Francisco Valderrama', 'N/A', 'N/A', NULL, NULL, 1, 50, NULL, NULL),
(501, 'PRO-501', 'Juridico', '304026854', 'Comercial  Distumary, S.R.L.', '02122519366 - 04143364448', 'Avenida La Industria, Galpón Nº 1 a 50 metros del Centro Comercial Palo Verde, Frente al Preescolar “Antonio Ortega Ordoñez”', 'cdistumary@hotmail.com', 'Juvencio Flores', 1, 4, NULL, NULL),
(502, 'PRO-502', 'Natural', '5632814', 'Luis Enrique Pimentel', '04262041851', 'Caracas', NULL, NULL, 1, 50, NULL, NULL),
(503, 'PRO-503', 'Natural', '17443704', 'Luis Daniel Pimentel', '04262041851', 'Caracas', NULL, NULL, 1, 50, NULL, NULL),
(504, 'PRO-504', 'Natural', '6042680', 'Gladys Rivas', '02421176739', 'Valencia', NULL, NULL, 1, 50, NULL, NULL),
(505, 'PRO-505', 'Natural', '19452703', 'Jose Armas', '04142662992', 'Puerto La Cruz', NULL, NULL, 1, 50, NULL, NULL),
(506, 'PRO-506', 'Natural', '18975581', 'Franklin Cedeño', '04128363255', 'Apure', NULL, NULL, 1, 50, NULL, NULL),
(507, 'PRO-507', 'Natural', '16328659', 'Kelys Del Valle Torres', '04142681732', 'Caracas', 'kelysdelvalle@gmail.com ', NULL, 1, 3, NULL, NULL),
(508, 'PRO-508', 'Juridico', '299218642', 'Centro Plomer, C.A.', '02123277998 - 02123149963 - 02124147071', 'Av. Intercomunal, Cruce con Distribuidor Zamora, Urb. El Marques, Guatire, Edo. Miranda', 'centroplomer@gmail.com', 'Keyla Acevedo', 1, 20, NULL, NULL),
(509, 'PRO-509', 'Natural', '15231364', 'Marggiory Fuentes', '04147201804', 'Tachira', NULL, NULL, 1, 50, NULL, NULL),
(510, 'PRO-510', 'Natural', '14153478', 'Yimmi Sanabria Prieto', '04242753121', 'Cua', 'yim_2711@hotmail.com', NULL, 1, 50, NULL, NULL),
(511, 'PRO-511', 'Juridico', '296829098', 'Asoc. Coop. Imposervicio Valencia, R.L.', '02414177907', 'CC Lomas de La Esmeralda, Local Nº 2-39. Valencia - Edo. Carabobo', 'imposervicio.valencia@gmail.com', 'Ingeniero Antonio', 1, 20, NULL, NULL),
(512, 'PRO-512', 'Juridico', '401632416', 'Rectifrenos FL, C.A.', '02127941470', 'Av. Principal Mariperez entre 9 y 10ma transversal, al lado de Hidrocapital, Caracas.', 'rectifrenosfl@gmail.com', NULL, 1, 17, NULL, NULL),
(513, 'PRO-513', 'Natural', '1711235', 'Edgar Lamela Del Nogal', '04127236194', 'Las Acacias', 'edgarlam73@hotmail.com', NULL, 1, 50, NULL, NULL),
(514, 'PRO-514', 'Natural', '6994248', 'Licet Ramos', '04269391073', 'San Casimiro', NULL, NULL, 1, 50, NULL, NULL),
(515, 'PRO-515', 'Natural', '14575908', 'Angel Granado', '04120297204', 'Guarenas', NULL, NULL, 1, 50, NULL, NULL),
(516, 'PRO-516', 'Natural', '10328490', 'Nora Alvarez', '04127983833', 'San Carlos', NULL, NULL, 1, 50, NULL, NULL),
(517, 'PRO-517', 'Natural', '13076199', 'Isabel Granados', '04264333299', 'El Valle. Caracas', NULL, NULL, 1, 50, NULL, NULL),
(518, 'PRO-518', 'Juridico', '309926748', 'Sujeciones Industriales, C.A.', '04129383035', 'Caracas', 'ventas@tornitodo.com', NULL, 1, 13, NULL, NULL),
(519, 'PRO-519', 'Natural', '10615881', 'Luis Cuervo', '04144735427', 'Apure', NULL, NULL, 1, 50, NULL, NULL),
(520, 'PRO-520', 'Natural', '6192752', 'Edward Samuel Guiza Moreno ', '04261123589', 'Caracas', 'N/A', NULL, 1, 1, NULL, NULL),
(521, 'PRO-521', 'Juridico', '302202531', 'Proseguros, C.A.', '02129578956', 'El Rosal - Caracas', 'freddy.camarillo@proseguros.com.ve', 'Freddy Caramarillo', 1, 31, NULL, NULL),
(522, 'PRO-522', 'Gubernamental', '200007516', 'Alcaldía Municipio Libertador', '04248477495', 'Tunapuy. Edo Sucre', NULL, NULL, 1, 32, NULL, NULL),
(523, 'PRO-523', 'Natural', '9880040', 'Antonio Giambalvo', '02419221525 ', 'Valencia', 'stylemark@gmail.com', NULL, 1, 50, NULL, NULL),
(524, 'PRO-524', 'Natural', '15417377', 'Jonmaure Rodriguez', 'N/A', 'Caracas', NULL, NULL, 1, 50, NULL, NULL),
(525, 'PRO-525', 'Juridico', '404450580', 'Ferreteria Proto 2000, C.A.', '02124724759 - 02124722826', 'Av. Intercomunal, Esquina Algodonal, Edif. García, Zona Industrial, Antimano, Caracas', 'ferremundial2020@gmail.com', NULL, 1, 11, NULL, NULL),
(526, 'PRO-526', 'Juridico', '070088273', 'Industrias de Postes y Accesorios CAIPOA', '02622100472', 'Carretera de Maracaibo a la Concepción, Vía Palito Blanco, Parque Industrial La Concepción, Sinamaica. Maracaibo - Edo. Zulia', 'lilia.urdaneta@gruposugaca.com', 'Lilia Urdaneta', 1, 15, NULL, NULL),
(527, 'PRO-527', 'Natural', '11558498', 'Jesús Mejías ', '04129169707', 'Caracas', 'jesusrmejias5@gmail.com', NULL, 1, 50, NULL, NULL),
(528, 'PRO-528', 'Natural', '19847669', 'Luisa De Sousa', '04242678839', 'Sabana Grande - Caracas', NULL, NULL, 1, 50, NULL, NULL),
(529, 'PRO-529', 'Juridico', '002428449', 'Turbo Tecnica, C.A.', '02126336544 - 02126325333 - 02126334533', 'Calle El Progreso, Edf. Santa Ana, PB, Las Acacias. Caracas - Venezuela', 'veturbotecnica@gmail.com', 'Frank Gonzalez', 1, 21, NULL, NULL),
(530, 'PRO-530', 'Juridico', '310670676', 'Multipunto, R.L.', '04166237435', 'Puente Hierro, Esquina Tablitas a Sordo, Edif. Jardín del Centro, Piso 2, Apto. 2F, Caracas, Municipio Libertador', 'jeanmadrid@multipunto.com.ve', 'Jean Madrid', 1, 38, NULL, NULL),
(531, 'PRO-531', 'Juridico', '313057550', 'Corporación LVSV, C.A.', '04123686445', 'Km 16 Carretera Panamericana, CC Club Campo, P2, Oficina Jgasesor de Seguros', 'tuasesorjoangarcia@gmail.com', 'Joan García', 1, 31, NULL, NULL),
(532, 'PRO-532', 'Juridico', '001083170', 'Electrogal, C.A.', '02122618502 - 02122619270  ', 'Av. Élice, Chacao', 'info@electrogal.com.ve', NULL, 1, 15, NULL, NULL),
(533, 'PRO-533', 'Juridico', '295870779', 'Autoservicios Kiko, C.A.', '04143946811 - 02916516153', 'Maturín', NULL, NULL, 1, 17, NULL, NULL),
(534, 'PRO-534', 'Natural', '8779794', 'Felipe Gomez', '04243772261', 'San Juan de los Morros, calle Araure los Laureles. Casa Nº 46', NULL, NULL, 1, 50, NULL, NULL),
(535, 'PRO-535', 'Juridico', '303846637', 'SBAS Publicidad', '02122423053 - 02122415446', 'Calle 9, entre 4 y 5. Edif. Concordia. Pb. Urb. La Urbina. Frente a casa del filtro', 'sbaspublicidad.ventas@gmail.com', NULL, 1, 55, NULL, NULL),
(536, 'PRO-536', 'Juridico', '314041150', 'Cabatucan, C.A.', '04166819348', 'Porlamar', 'info@cabatucan.com', NULL, 1, 29, NULL, NULL),
(537, 'PRO-537', 'Natural', '10486413', 'Oscar Pirela', '04141385240', 'Caracas', NULL, NULL, 1, 50, NULL, NULL),
(538, 'PRO-538', 'Juridico', '306684506', 'Seguros Qualitas', '04143067470', 'Chacao', 'segurosacosta@gmail.com', 'Carolina Acosta', 1, 31, NULL, NULL),
(539, 'PRO-539', 'Juridico', '402395990', 'Interconexiones & Telecomunicaciones Jorfer, C.A.', '02123131854', 'Caracas', 'johanadeflores@gmail.com', NULL, 1, 49, NULL, NULL),
(540, 'PRO-540', 'Juridico', '402649290', 'Postes del Centro, C.A.', '02418717387', 'Av. Don Julio Centeno, C.C. CEM II, Galpón G-9, Urb. Industrial Terrazas de Castillito, San Diego, Edo. Carabobo', 'postesdelcentro@gmail.com', NULL, 1, 15, NULL, NULL),
(541, 'PRO-541', 'Natural', '8844101', 'Carlos Sirit', '04144337533', 'Valencia', NULL, NULL, 1, 50, NULL, NULL),
(542, 'PRO-542', 'Juridico', '401575609', 'Servicio de Entrenamiento, Capacitacion y Asesoria en Prevencion Industrial SENCAPI, C.A.', '02943311198 - 02943321362', 'Av. Juncal C/c Las Margaritas, Edif. Yoli- Cruz, P.B., Carupano, Edo. Sucre', 'sencapi@hotmail.com', 'José Alvarez', 1, 16, NULL, NULL),
(543, 'PRO-543', 'Natural', '9484612', 'Romulo Contreras', 'N/A', 'Caracas', NULL, NULL, 1, 50, NULL, NULL),
(544, 'PRO-544', 'Natural', '18932213', 'Ferney David Aguirre Martinez', 'N/A', 'Caracas', NULL, NULL, 1, 50, NULL, NULL),
(545, 'PRO-545', 'Natural', '9647470', 'Gilberto Perez', '04148068520', 'Aragua', NULL, NULL, 1, 50, NULL, NULL),
(546, 'PRO-546', 'Juridico', '402040873', 'GT Proteccion Integral, C.A.', '02124216996 - 02124618020 - 02124625013', 'Urbanización San Martín, Calle Andalucia, Edificio Andalucia, piso 1, local 12-14, Caracas, Venezuela', 'amandaventas@gtproteccionintegral.com', 'Amanda Gutierrez', 1, 19, NULL, NULL),
(547, 'PRO-547', 'Gubernamental', '200113766', 'Semat', 'N/A', 'Alcaldia de Colina', NULL, NULL, 1, 32, NULL, NULL),
(548, 'PRO-548', 'Natural', '12298509', 'Raumel Rivera', '04141310759', 'Caracas', 'vasoscoimpresion@hotmail.com', NULL, 1, 50, NULL, NULL),
(549, 'PRO-549', 'Natural', '7915854', 'Sagrario Bisamon', 'N/A', 'Caracas', NULL, NULL, 1, 50, NULL, NULL),
(550, 'PRO-550', 'Natural', '15328204', 'Yazenka Mendoza', '04140126176', 'Caracas', NULL, 'Sr. Wilmer', 1, 2, NULL, NULL),
(551, 'PRO-551', 'Natural', '10982895', 'Luis Gota', 'N/A', 'Valle de la Pascua', 'luisrafaelgota@hotmail.com', NULL, 1, 50, NULL, NULL),
(552, 'PRO-552', 'Natural', '13613412', 'Davis Rodriguez', '04143899248', 'Chacao', NULL, NULL, 1, 50, NULL, NULL),
(553, 'PRO-553', 'Natural', '18478848', 'Mauro Hernandez', '04249061358', 'Maturin', NULL, NULL, 1, 50, NULL, NULL),
(554, 'PRO-554', 'Juridico', '295844638', 'Asociación Cooperativa Construcción La Gracia de Dios, S.R.L.', 'N/A', 'Estado Sucre', NULL, NULL, 1, 27, NULL, NULL),
(555, 'PRO-555', 'Natural', '21541926', 'Manuel Oliveira', '04163073262', 'Rio Caribe', NULL, NULL, 1, 50, NULL, NULL),
(556, 'PRO-556', 'Natural', '17337584', 'Linderman Mata', '04163073262', 'Rio Caribe', NULL, NULL, 1, 50, NULL, NULL),
(557, 'PRO-557', 'Juridico', '312867043', 'Todoticket 2004, C.A.', '02127097542 ', 'Chacao', NULL, NULL, 1, 56, NULL, NULL),
(558, 'PRO-558', 'Juridico', '295547692', 'Repuestos Tritonchev, C.A.', '02126180387', 'Qta. Crespo - Caracas', NULL, NULL, 1, 21, NULL, NULL),
(559, 'PRO-559', 'Natural', '19029555', 'Jean Carlos Lopez', '04263853683', 'Pariaguan', NULL, NULL, 1, 50, NULL, NULL),
(560, 'PRO-560', 'Natural', '9917054', 'Nelly Mar Diaz', 'N/A', 'Valle de la Pascua', NULL, NULL, 1, 50, NULL, NULL),
(561, 'PRO-561', 'Natural', '12007694', 'Elena Alcala de Sucre', '04269391073', 'Guiria', NULL, NULL, 1, 27, NULL, NULL),
(562, 'PRO-562', 'Natural', '18914995', 'Marielys Guillen', '04140184959', 'Caracas', 'marielysg14@gmail.com', NULL, 1, 50, NULL, NULL),
(563, 'PRO-563', 'Natural', '6442470', 'Corrado Minervini', 'N/A', 'Av. Teresa de la Parra Edif. Los Caracas, PB. Santa Monica. Caracas.', NULL, NULL, 1, 21, NULL, NULL),
(564, 'PRO-564', 'Juridico', '003106623', 'Electrofar Electromateriales Farina, C.A.', '02122371217 - 02122377177 - 02122377718', 'Av. Patrocinio Peñuela entre 3era y 4ta Transv. Local 39 Boleita Sur - Caracas', 'electrofarcaracas@gmail.com - electrofar00@cantv.net', 'Edgar Delgado', 1, 15, NULL, NULL),
(565, 'PRO-565', 'Juridico', '298160594', 'Concretera Pumpcret 21, C.A.', '02129619493 - 02129619397 - 04143800375', 'Urb. Los Samanes, Av. 1, Calle 13, Edif. Sierra Morena, Piso 2, Apto. C-23, Baruta - Edo. Miranda', 'ynnaig@gmail.com', 'Gianny Javier Velasquez Berroteran', 1, 13, NULL, NULL),
(566, 'PRO-566', 'Natural', '12960256', 'Joel Pinto ', 'N/A', 'N/A', 'joelpinto77@gmail.com', NULL, 1, 50, NULL, NULL),
(567, 'PRO-567', 'Juridico', '001412603', 'Estacion de Servicio La Popular, C.A.', '02126938254', 'Caracas, Av. Nva Granada, Quinta Na, Piso Na, Sector Los Rosales', NULL, NULL, 1, 21, NULL, NULL),
(568, 'PRO-568', 'Natural', '1850625', 'Gladys Briceño', 'N/A', 'N/A', NULL, NULL, 1, 50, NULL, NULL),
(569, 'PRO-569', 'Natural', '22649243', 'Deisy Gonzalez', '04140264666', 'N/A', 'deisy93-88@hotmail.com', NULL, 1, 21, NULL, NULL),
(570, 'PRO-570', 'Natural', '11710779', 'Carlos Trejo', '04163559214', 'Urbanización Lomas del Ávila, Calle 10, Edif. Ferana, Apto. 11-A. Caracas - Dtto. Capital', 'carlos.trejo@jhcpconstruccion.com', NULL, 1, 50, NULL, NULL),
(571, 'PRO-571', 'Natural', '15788631', 'Ruben Arriechi', '04163073262', 'Rio Caribe', NULL, NULL, 1, 50, NULL, NULL),
(572, 'PRO-572', 'Natural', '17317187', 'Jose Dominguez', '042693911073', 'Guiria', NULL, NULL, 1, 50, NULL, NULL),
(573, 'PRO-573', 'Natural', '24889655', 'Kevin Castañeda ', 'N/A', 'N/A', NULL, NULL, 1, 50, NULL, NULL),
(574, 'PRO-574', 'Natural', '13901810', 'Luis Bueno Tremont', '04246038441', 'Coro', NULL, NULL, 1, 50, NULL, NULL),
(575, 'PRO-575', 'Natural', '15616607', 'Andhy Nieto', '04265659773', 'C.C. San Martín - Caracas', 'nietokairuz@gmail.com', NULL, 1, 24, NULL, NULL),
(576, 'PRO-576', 'Natural', '5117213', 'Freddy Nieto', '02124619017', 'Caracas', 'nietokairuz@gmail.com', NULL, 1, 24, NULL, NULL),
(577, 'PRO-577', 'Juridico', '316228410', 'Transporte Dainer David', '04143614487', 'Maracaibo', NULL, 'Danilo Vilora', 1, 2, NULL, NULL),
(578, 'PRO-578', 'Natural', '1451059', 'Argenis Lozano', '04269391073', 'Guiria', NULL, NULL, 1, 50, NULL, NULL),
(579, 'PRO-579', 'Natural', '9935554', 'Oneida Garcia', '04162956236', 'Guiria', NULL, NULL, 1, 50, NULL, NULL),
(580, 'PRO-580', 'Natural', '16197810', 'Hendry Diaz ', '04147910684', 'Caracas', 'ccd.telecom.hd@gmail.com', NULL, 1, 50, NULL, NULL),
(581, 'PRO-581', 'Juridico', '085144730', 'Tornilleria Global, C.A.', '02122380889 - 02122351639 - 02122352701', 'Av. Francisco De Miranda, Edificio Paraguachi, Piso PB, Local 1y2, Urbanizacion Los Ruices. Caracas', 'tornglobal@gmail.com', 'Hector Duarte', 1, 22, NULL, NULL),
(582, 'PRO-582', 'Natural', '15723019', 'Roman Ovidio Silva Medina', 'N/A', 'Caracas', NULL, NULL, 1, 50, NULL, NULL),
(583, 'PRO-583', 'Natural', '7120630', 'Guillermo Torres', '04266460797', 'Apure', NULL, NULL, 1, 50, NULL, NULL),
(584, 'PRO-584', 'Natural', '14565427', 'Percy Conde', '04266460197', 'Pto. Ayacucho', NULL, NULL, 1, 50, NULL, NULL),
(585, 'PRO-585', 'Juridico', '301635914', 'Muebles Bima, C.A.', '02122320911', 'Los Chorros', NULL, NULL, 1, 24, NULL, NULL),
(586, 'PRO-586', 'Natural', '9489753', 'Oly la Rocca', '02122344192 - 02122378397', 'Caracas, Venezuela Zona Postal 1050', NULL, NULL, 1, 50, NULL, NULL),
(587, 'PRO-587', 'Natural', '14311537', 'Rafael Gonzalez', '04269391073', 'Guiria', NULL, NULL, 1, 50, NULL, NULL),
(588, 'PRO-588', 'Natural', '13580986', 'Rafael Machado', '04263043495', 'Coro', NULL, NULL, 1, 2, NULL, NULL),
(589, 'PRO-589', 'Natural', '14027828', 'Yuleidy Perozo Colina', 'N/A', 'Matacuro', NULL, NULL, 1, 50, NULL, NULL),
(590, 'PRO-590', 'Natural', '12182575', 'Claudio Urbina', '04121330964', 'Mirimire', NULL, NULL, 1, 50, NULL, NULL),
(591, 'PRO-591', 'Natural', '7487392', 'Adelcys Rodriguez', '04121772842', 'Coro', NULL, NULL, 1, 50, NULL, NULL),
(592, 'PRO-592', 'Natural', '12291378', 'Jose Vargas', '04269391073', 'Guiria', 'jevargas03@hotmail.com', NULL, 1, 50, NULL, NULL),
(593, 'PRO-593', 'Juridico', '308058238', 'Grupo Infoguianet, C.A.', '02122711311', 'La California', 'ventas@infoguia.com', NULL, 1, 33, NULL, NULL),
(594, 'PRO-594', 'Juridico', '316231176', 'Bodegon Bethoven, C.A.', '02127537820', 'Colinas de Bello Monte', NULL, 'Francisco Diaz ', 1, 29, NULL, NULL),
(595, 'PRO-595', 'Natural', '13275172', 'Jenry Vasquez', '04164835685', 'Guiria', NULL, NULL, 1, 50, NULL, NULL),
(596, 'PRO-596', 'Natural', '16095742', 'Juan Carlos Machado', '04242699284', 'Guarenas', NULL, NULL, 1, 50, NULL, NULL),
(597, 'PRO-597', 'Juridico', '295686285', 'Gruas y Transporte Luis Infante', '04166902242', 'Pto. Ayacucho', NULL, NULL, 1, 12, NULL, NULL),
(598, 'PRO-598', 'Juridico', '299189669', 'Sanitarios Portátiles 3000, C.A.				', '02397161038', 'Charallave', NULL, NULL, 1, 54, NULL, NULL),
(599, 'PRO-599', 'Natural', '13827252', 'Gabriel Peraza', '04268209846', 'Caracas', NULL, NULL, 1, 50, NULL, NULL),
(600, 'PRO-600', 'Natural', '9529143', 'Omar Garcia', '04146100226', 'Coro', NULL, NULL, 1, 1, NULL, NULL),
(601, 'PRO-601', 'Natural', '4216140', 'Zenaida La Paz', 'N/A', 'Caracas', 'zlapaz@hotmail.com', NULL, 1, 50, NULL, NULL),
(602, 'PRO-602', 'Juridico', '405066580', 'Ejecutivo Barlovento Vzla', '04143060511', 'Caracas', NULL, NULL, 1, 2, NULL, NULL),
(603, 'PRO-603', 'Natural', '18725504', 'Yadira Matute', '04144439156', 'Apure', NULL, NULL, 1, 50, NULL, NULL),
(604, 'PRO-604', 'Natural', '18002200', 'Edwin Ortega', '04141206794', 'Guarenas', NULL, NULL, 1, 50, NULL, NULL),
(605, 'PRO-605', 'Natural', '5121964', 'Margarita González', '02122021818', 'Los Ruices', NULL, NULL, 1, 50, NULL, NULL),
(606, 'PRO-606', 'Natural', '18505101', 'Jose Angel Perez', '04269721302', 'Pto. Ayacucho', NULL, NULL, 1, 50, NULL, NULL),
(607, 'PRO-607', 'Juridico', '403517185', 'La Casa del GPS 2021, C.A.', '02125517071', 'Avenida Anauco, Caracas', NULL, NULL, 1, 52, NULL, NULL),
(608, 'PRO-608', 'Juridico', '402048491', 'Todoleds 2010, C.A.', '04267103115', 'Los Cortijos', NULL, NULL, 1, 57, NULL, NULL),
(609, 'PRO-609', 'Natural', '10655170', 'Sandra Ruiz', '04266460797', 'Pto. Ayacucho', NULL, NULL, 1, 50, NULL, NULL),
(610, 'PRO-610', 'Natural', '1008342', 'Hilda Castro Santini', 'N/A', 'Chacao', 'rosaliabert@yahoo.com', NULL, 1, 50, NULL, NULL),
(611, 'PRO-611', 'Juridico', '000450730', 'Renta Motor, C.A.', '02129050400', 'Chacaito', 'reservaciones@rentamotor.com', NULL, 1, 28, NULL, NULL),
(612, 'PRO-612', 'Natural', '21376523', 'Ibrahin', '04123751328', 'Caracas', NULL, NULL, 1, 50, NULL, NULL),
(613, 'PRO-613', 'Natural', '13664730', 'Gloribert Fragoza', '04244312361', 'Coro', NULL, NULL, 1, 50, NULL, NULL),
(614, 'PRO-614', 'Natural', '22668168', 'Gai Chung NG', '04142747805', 'Charallave', NULL, NULL, 1, 50, NULL, NULL),
(615, 'PRO-615', 'Natural', '81232351', 'Orlando Ortiz', '04242621349', 'Guarenas', NULL, NULL, 1, 50, NULL, NULL),
(616, 'PRO-616', 'Natural', '13143390', 'William Martinez', '04261954851', 'Guarenas', NULL, NULL, 1, 50, NULL, NULL),
(617, 'PRO-617', 'Natural', '10869113', 'Alejandro Osorio', 'N/A', 'N/A', NULL, NULL, 1, 50, NULL, NULL),
(618, 'PRO-618', 'Natural', '6800526', 'Jose Sidonio Rodriguez De Abreu', 'N/A', 'N/A', 'josesrodriguez@gmail.com', NULL, 1, 50, NULL, NULL),
(619, 'PRO-619', 'Natural', '2616044', 'Rafael Rosales Bolivar', 'N/A', 'N/A', 'rafaelrosales.1544@gmail.com', 'Rafael R', 1, 50, NULL, NULL),
(620, 'PRO-620', 'Juridico', '306810536', 'Centro de Contadores Ceconta, C.A.', '02122647554 - 02122660278 - 02122644252', 'Av. San Ignacio de Loyola cruce con calle Sucre, Edf. Luz, primer piso. Chacao.', 'info@ceconta.com', NULL, 1, 26, NULL, NULL),
(621, 'PRO-621', 'Natural', '19397546', 'Jose Gregorio Gomez Solipa', '04241525974', 'Chacao', NULL, 'Jose Gregorio', 1, 50, NULL, NULL),
(622, 'PRO-622', 'Natural', '9927455', 'Manuel Glass', 'N/A', 'Morón - Coro', NULL, 'Manuel Glass', 1, 12, NULL, NULL),
(623, 'PRO-623', 'Juridico', '309543466', 'Instituto de Desarrollo Profesional del Contador Público Ideprocop', '02122644664', 'Av. Eugenio Mendoza (principal de La Castellana), Qta. Villa Claret, La Castellana. Caracas. Venezuela.', 'info@ideprocop.com.ve', NULL, 1, 26, NULL, NULL),
(624, 'PRO-624', 'Juridico', '295291884', 'Guarderia Preescolar Juan Vicente Camacho', 'N/A', 'N/A', 'gp-juanvicentec@hotmail.com', NULL, 1, 45, NULL, NULL),
(625, 'PRO-625', 'Juridico', '301134877', 'Representaciones Navia, C.A.', '02123311530 - 02123320862', 'Calle Padre Machado, Edif. Empresarial Estrella Azul Piso 1 Ofic. A-2 Cubiculo Maiquetia. Estado Vargas', 'repnavia@hotmail.com', 'Yuleidi velasquez', 1, 53, NULL, NULL),
(626, 'PRO-626', 'Juridico', '401606121', 'Eco Print Solutions, C.A.', '02122659331', 'Caracas, Av. Jose Felix Sosa, Santa Gemma, 8, 46, Bello Campo', NULL, NULL, 1, 24, NULL, NULL),
(627, 'PRO-627', 'Juridico', '000236909', 'M.P.A. (Maquinarias Para Alquilar), C.A.', '02124438401 - 02128150255 - 02124439122', 'Calle Uno con Calle Cinco, Local Galpón MPA, Nº P.B., Urb. La Yaguara Caracas.', 'maquinariasmpa@gmail.com - maite@maquinarias.com', 'Maite González', 1, 3, NULL, NULL),
(628, 'PRO-628', 'Natural', '12175125', 'Jorge Arguelles', '04246790645', 'Mirimire - Municipio San Francisco, Edo. Falcón', NULL, 'Jorge Arguelles', 1, 8, NULL, NULL),
(629, 'PRO-629', 'Natural', '9518048', 'Zulay Ramirez', '04246196842', 'Cumarebo - Coro', NULL, 'Zulay Ramirez', 1, 8, NULL, NULL),
(630, 'PRO-630', 'Natural', '082144036', 'Jose Treviezo Chira', '02123627475', 'Calle Los Bloques. Guarenas', NULL, 'Jose ', 1, 50, NULL, NULL),
(631, 'PRO-631', 'Natural', '11818204', 'Simon Diaz', '04167329652', 'Guiria', NULL, 'Simon Diaz', 1, 50, NULL, NULL),
(632, 'PRO-632', 'Natural', '24335611', 'Martin Vargas Martinez ', '04149014986', 'Guarenas', NULL, 'Martin Vargas', 1, 50, NULL, NULL),
(633, 'PRO-633', 'Natural', '6192896', 'Luis Helio Adrianza Baptista', '04242540099', 'Coro', NULL, 'Luis Baptista', 1, 2, NULL, NULL),
(634, 'PRO-634', 'Natural', '19793164', 'Anthony Parra', '04243225461', 'N/A', NULL, 'Anthony Parra', 1, 50, NULL, NULL),
(635, 'PRO-635', 'Juridico', '314318179', 'Douglas Sport, C.A.', '04167329652', 'Guiria', NULL, NULL, 1, 13, NULL, NULL),
(636, 'PRO-636', 'Juridico', '311704116', 'Auto Repuestos Gucost, C.A.', '02124829214', 'Caracas', 'autorepuestosgucost@gmail.com', 'Ramón Ramirez', 1, 21, NULL, NULL),
(637, 'PRO-637', 'Juridico', '075455746', 'Distribuidora Electrica Diselca, C.A.', '02435531128 - 02435514665 - 02435531949', 'Aragua, Maracay, Cl. Carabobo Sur, Edificio Diselca, Nivel s/n, Apto. s/n, Urbanizacion Zona Industrial San Miguel', 'diselca@cantv.net', 'Jesús Llanos', 1, 15, NULL, NULL),
(638, 'PRO-638', 'Natural', '5291295', 'Vilfran Alberto Cuicas', '04160615298', 'Coro', NULL, 'Vilfran Alberto', 1, 12, NULL, NULL),
(639, 'PRO-639', 'Natural', '19534236', 'Luis Eduardo Romero', '04266460197', 'Pto. Ayacucho', NULL, 'Luis Eduardo Romero', 1, 50, NULL, NULL),
(640, 'PRO-640', 'Juridico', '406481491', 'H.C. & G., C.A.', '02419904900 - 04268331453', 'Av. Miranda, Local Nº. 190-50, Colinas de Tarapio, Naguanagua', 'h-j-sanchez@hotmail.com', 'Henry Sanchez', 1, 46, NULL, NULL),
(641, 'PRO-641', 'Natural', '17317187', 'José Angel Dominguez', 'N/A', 'Guiria', NULL, 'José Angel ', 1, 50, NULL, NULL),
(642, 'PRO-642', 'Natural', '6963379', 'Antonio Laizzo', '04143221063', 'Caracas', NULL, 'Antonio Laizzo', 1, 50, NULL, NULL),
(643, 'PRO-643', 'Natural', '19749970', 'Eduardo Caguao', '04246302310', 'Coro', NULL, 'Eduardo Caguao', 1, 50, NULL, NULL),
(644, 'PRO-644', 'Natural', '2153870', 'Mauro Silva', '04264163399', 'Caracas', NULL, 'Mauro Silva', 1, 50, NULL, NULL),
(645, 'PRO-645', 'Natural', '18783469', 'Virgilio Perdomo', '04128550550', 'Valencia', 'virgilioperdomo.18@gmail.com', 'Virgilio', 1, 50, NULL, NULL),
(646, 'PRO-646', 'Juridico', '315999595', 'JHCP CONSTRUCCIÓN C.A. ', '02122679013', 'Chacao', 'jhcp@jhcpconstruccion.com', 'Pierre Sarcinelli', 1, 131, NULL, NULL),
(647, 'PRO-647', 'Juridico', '404543147', 'Soluciones Gratemarq, C.A.', '04127388096 - 04142795067', 'San Martin CC Los Molinos nivel Bolivar local 6, San Martin Caracas', 'sgratemarq@gmail.com', NULL, 1, 24, NULL, NULL),
(648, 'PRO-648', 'Natural', '5195753', 'Nicolas Hoffman', '04141983251', 'Guiria', NULL, 'Nicolas Hoffman', 1, 3, NULL, NULL),
(649, 'PRO-649', 'Juridico', '294674780', 'Inversiones Jusalu, C.A.', '04242226241 - 02126392330 - 02126392639', 'Calle Coromoto, Quinta Chantal. Sabana Grande', 'saulllinasabdul8@hotmail.com', 'Saul Llinas', 1, 19, NULL, NULL),
(650, 'PRO-650', 'Natural', '18712180', 'Yessica Hernandez', '04141632949', 'Los Cortijos', 'yessihdz_25@hotmail.com', 'Yessica Hernandez', 1, 50, NULL, NULL),
(651, 'PRO-651', 'Natural', '20221415', 'Odwer Sulbaran', '04147168018', 'Palo Verde', 'odwer.sulbaran@gmail.com', 'Odwer Sulbaran', 1, 50, NULL, NULL),
(652, 'PRO-652', 'Natural', '14416657', 'Manuel A. Villalobos', 'N/A', 'N/A', 'gpsyvnet1@gmail.com', 'Manuel ', 1, 50, NULL, NULL),
(653, 'PRO-653', 'Juridico', '313741523', 'Concreto y Asfalto Ocala, C.A.', '04141741547 - 02127165223', 'Caracas, Cl. Terepaima, Parcela 331, Local S/N, Urbanización El Llanito', 'orlandoblanco830@hotmail.com', 'Orlando Blanco', 1, 34, NULL, NULL),
(654, 'PRO-654', 'Natural', '14500353', 'Miguel Aguirre', 'N/A', 'FUNDALANAVIAL', NULL, 'Miguel Aguirre', 1, 50, NULL, NULL),
(655, 'PRO-655', 'Natural', '22532296', 'Mirian Villa', 'N/A', 'Guarenas', NULL, 'Mirian Villa', 1, 50, NULL, NULL),
(656, 'PRO-656', 'Natural', '7475294', 'Carmen Artiaga', '04261432148', 'Tucuere', NULL, 'Carmen Artiaga', 1, 8, NULL, NULL),
(657, 'PRO-657', 'Natural', '12683197', 'Yubisay Valera', 'N/A', 'Guarenas', NULL, 'Yubisay Valera', 1, 50, NULL, NULL),
(658, 'PRO-658', 'Natural', '18836208', 'Andy Contreras', 'N/A', 'N/A', NULL, 'Andy Contreras', 1, 50, NULL, NULL),
(659, 'PRO-659', 'Juridico', '401551726', 'Inversiones FerreFix, C.A.', '02122612978 - 02122615408', 'Calle Sucre, Edificio Bercone, Locales A y B. Planta Baja, Caracas - Chacao', 'ferrefix@gmail.com', 'Chirli Roco', 1, 6, NULL, NULL),
(660, 'PRO-660', 'Natural', '16033368', 'Julio Rebolledo', '04242208372', 'Guatire - Edo. Miranda ', 'julioysrael@hotmail.com', 'Julio Rebolledo', 1, 50, NULL, NULL),
(661, 'PRO-661', 'Natural', '16843090', 'Rina Marquez', '04162089943', 'Rio Caribe', NULL, 'Rina Marquez', 1, 50, NULL, NULL),
(662, 'PRO-662', 'Natural', '20563729', 'Yarimar Jimenez', '04242788347', 'Guiria', NULL, 'Yarimar Jimenez', 1, 50, NULL, NULL),
(663, 'PRO-663', 'Juridico', '403945810', 'Distribuidora de Pinturas YREM, C.A.', '02122344192 - 04144663323', 'Urb. Las Acacias, Caracas', 'oly_raquel@hotmail.com', 'Raquel', 1, 39, NULL, NULL),
(664, 'PRO-664', 'Natural', '10224908', 'Maura Caraballo', '04140195009', 'Caracas', NULL, 'Maura Caraballo', 1, 50, NULL, NULL),
(665, 'PRO-665', 'Natural', '15805966', 'Oriel Naveda', '04241176739', 'Valencia', NULL, 'Oriel Naveda', 1, 2, NULL, NULL),
(666, 'PRO-666', 'Natural', '14383874', 'Javier Castillo', '04120469617', 'Estado Lara', NULL, 'Javier Castillo', 1, 50, NULL, NULL),
(667, 'PRO-667', 'Juridico', '080048431', 'Servicios y Mantenimiento, C.A.', 'N/A', 'N/A', 'balsas.servicios@sermaca.com.ve', NULL, 1, 24, NULL, NULL),
(668, 'PRO-668', 'Natural', '13732984', 'Fatima Nuñez', '02583260503', 'Guarico', NULL, 'Fatima Nuñez', 1, 50, NULL, NULL),
(669, 'PRO-669', 'Juridico', '000749493', 'Argotec, C.A.', '02122371268 - 02122372228', 'Av. Romulo Gallegos, Edif. Las Torres, Piso P.B. Loc. 1-2, Urb. Los Dos Caminos, Caracas - Venezuela', 'argotec.ventas@gmail.com', 'Ventas', 1, 21, NULL, NULL),
(670, 'PRO-670', 'Natural', '7135939', 'Yoel Fuentes', '04121300395 - 04128488091', 'Guarico', NULL, 'Yoel Fuentes', 1, 50, NULL, NULL),
(671, 'PRO-671', 'Natural', '19124323', 'Juan Velazques', '04167329652', 'Guiria', NULL, 'Juan Velazques', 1, 3, NULL, NULL),
(672, 'PRO-672', 'Natural', '17908872', 'Luis Rivas', '04241116739', 'Carúpano', NULL, 'Luis Rivas', 1, 50, NULL, NULL),
(673, 'PRO-673', 'Natural', '16152125', 'Alexander Javier Perez', '04124826931', 'Guarico', NULL, 'Alexander', 1, 50, NULL, NULL),
(674, 'PRO-674', '', 'rif 405455063', 'Inversiones Fibralex', '04167306185', 'Apure', NULL, NULL, 0, NULL, NULL, NULL),
(675, 'PRO-675', 'Juridico', '001007997', 'Talleres Oxia, C.A.', '02126937393 - 02126938764', 'Av. Los Laureles, Entre Plaza Tiuna y Nva. Granada ,Edif. Oxia PB', 'oxia12@gmail.com', 'Helianta Mejia', 1, 47, NULL, NULL),
(676, 'PRO-676', 'Natural', '5532103', 'Antonio Wilmmer', 'N/A', 'N/A', NULL, 'Antonio Wilmmer', 1, 50, NULL, NULL),
(677, 'PRO-677', 'Juridico', '001594302', 'Taller Mecanico VIN-ROSSI, C.A. ', '02127313401 - 04164629301', 'El Bosque, Caracas', NULL, NULL, 1, 17, NULL, NULL),
(678, 'PRO-678', 'Natural', '11941026', 'Naudis Espinoza', '04248836582', 'Carupano', NULL, 'Naudis Espinoza', 1, 50, NULL, NULL),
(679, 'PRO-679', 'Natural', '21308229', 'Carmen Arráez', 'N/A', 'Yaracal, Municipio Cacique Manaure - Edo. Falcón', 'N/A', 'Carmen Arráez', 1, 8, NULL, NULL),
(680, 'PRO-680', 'Gubernamental', '0', 'Alcaldia de Tocopero', '02684160774', 'Calle Los Robles, Sector La Plaza, Centro de Tocópero. Tocopero – Falcón', NULL, ' Neptaly Quero (PPT)', 1, 32, NULL, NULL),
(681, 'PRO-681', 'Gubernamental', '0', 'Alcaldia Jacura', '04125393605', 'Urbanización San Miguel, calle principal Carretera Maicillal. Jacura – Falcón', NULL, ' Wilfredo Rico (COPEI/MUD)', 1, 32, NULL, NULL),
(682, 'PRO-682', 'Gubernamental', '0', 'Alcaldia Tucacas', 'N/A', 'Tucacas', NULL, NULL, 1, 32, NULL, NULL),
(683, 'PRO-683', 'Juridico', '001213597', 'Torni Bolts, C.A.', '02126931014', 'Av. Teresa de la Parra con Calle Reinaldo Janh 2da cuadra a la derecha pasando Helado Crema Paraiso Qta San Antonio. Santa Monica - Caracas - Venezuela', 'tornibolts@hotmail.com', 'Yliana Palacios', 1, 22, NULL, NULL),
(684, 'PRO-684', 'Natural', '9941377', 'Fatima Hasan', '04167329652', 'Guiria', NULL, 'Fatima Hasan', 1, 50, NULL, NULL),
(685, 'PRO-685', 'Gubernamental', '200006366', 'Alcaldia Zamora', 'N/A', 'Cumarebo', NULL, NULL, 1, 32, NULL, NULL),
(686, 'PRO-686', '', 'C.I 7135939', 'Yoel Fuentes', '04128488091', 'cojedes', NULL, NULL, 0, NULL, NULL, NULL),
(687, 'PRO-687', 'Juridico', '298435984', 'Terabyte, C.A.', '04164413610', 'Puerto Ayacucho', 'jcarlospiro@gmail.com', 'Carlos', 1, 15, NULL, NULL),
(688, 'PRO-688', 'Gubernamental', '200012536', 'Alcaldia de Yaracal', '0412-7676803', 'Consejo Municipal Mirimire. Yaracal, Edo. Falcón', NULL, 'Angel Henríquez ', 1, 32, NULL, NULL),
(689, 'PRO-689', 'Gubernamental', '200018798', 'Alcaldia de Mirimire', '0259-9915756', 'Calle Bolívar, Edif. Municipal, Frente a la Plaza Bolívar, San Francisco, Edo. Falcón ', NULL, 'Moisés Aguilar', 1, 32, NULL, NULL),
(690, 'PRO-690', 'Juridico', '308495794', 'G.M. Arq., C.A.', '02126624103', 'Urb. Santa Monica, Av. Teresa de la Parra C/C Reinaldo Jhans, Edif. \"DOLELI\", PB, Local \"B\"', 'warq.group@gmail.com', 'Darwin Rada', 1, 44, NULL, NULL),
(691, 'PRO-691', 'Natural', '15765410', 'Néstor Villalobos', '04164145207', 'N/A', NULL, 'Néstor Villalobos', 1, 50, NULL, NULL),
(692, 'PRO-692', 'Juridico', '403852472', 'Siesca El Vigia, C.A.', '02742620732  04263084688  04262739765', 'Merida', 'siescaelvigia@gmail.com', 'Jose Ortegano', 1, 15, NULL, NULL),
(693, 'PRO-693', 'Juridico', '401766722', 'Multiservicios Gep 2012, C.A.', '04241558722', 'San Agustin', 'mvtplimp@hotmail.com', NULL, 1, 24, NULL, NULL),
(694, 'PRO-694', 'Natural', '6807410', 'Javier Leandres', '04141056940', 'N/A', NULL, 'Javier Leandres', 1, 50, NULL, NULL),
(695, 'PRO-695', 'Natural', '7497844', 'Aquino Cecilio Alvarado Avila', '04125283299', 'Puente Curari', NULL, 'Aquino Cecilio Alvarado Avila', 1, 50, NULL, NULL),
(696, 'PRO-696', 'Natural', '15366927', 'Danyer Espinoza', '04242494158', 'Caracas', 'danyerespinoza1880@hotmail.com', 'Danyer Espinoza', 1, 50, NULL, NULL);
INSERT INTO `proveedor` (`id`, `proveedor_codigo`, `proveedor_tipo`, `proveedor_rif`, `proveedor_nombre`, `proveedor_telefono`, `proveedor_direccion`, `proveedor_correo`, `proveedor_contacto`, `proveedor_estado`, `suministro_id`, `created_at`, `updated_at`) VALUES
(697, 'PRO-697', 'Natural', '18917495', 'Eduard Estaba', 'N/A', 'Rio Caribe', NULL, 'Eduard Estaba', 1, 50, NULL, NULL),
(698, 'PRO-698', 'Natural', '11228050', 'Julio Bianchi', '02126356272', 'Av. Ppal de Caurimare, Edf. C.C. Caurimare. PB local 5. Caracas 1080', 'juliobianchi@gmail.com', 'Julio Bianchi', 1, 50, NULL, NULL),
(699, 'PRO-699', 'Natural', '12184797', 'Ramon Lucena', '04161699248', 'Cojedes', NULL, 'Ramon Lucena', 1, 50, NULL, NULL),
(700, 'PRO-700', 'Natural', '10497285', 'Yrislis Salazar ', '04128669811', 'Altagracia de Orituco', NULL, 'Yrislis Salazar', 1, 10, NULL, NULL),
(701, 'PRO-701', 'Natural', '10623501', 'Jose Isidro Cavanerio', '04266317885', 'Apure', NULL, 'Jose Isidro Cavanerio', 1, 50, NULL, NULL),
(702, 'PRO-702', 'Natural', '17430889', 'Miriuscar Urbaneja', '04263994051', 'Caracas', 'murbaneja@jhcpconstruccion.com', 'Miriuscar Urbaneja', 1, 1, NULL, NULL),
(703, 'PRO-703', 'Natural', '19763161', 'Jean Carlos Matos', 'N/A', 'Caracas', NULL, 'Jean Carlos Matos', 1, 2, NULL, NULL),
(704, 'PRO-704', 'Natural', '12000011', 'Anderson Yanez', '04164145207', 'Caracas', 'jhonander254@hotmail.com', 'Anderson Yanez', 1, 7, NULL, NULL),
(705, 'PRO-705', 'Natural', '6814867', 'Julian paseta ', 'N/A', 'N/A', NULL, 'Julian paseta', 1, 9, NULL, NULL),
(706, 'PRO-706', 'Juridico', '404142193', 'Fusinca', '02613284419 - 04140648932 - 04146536063', 'Zona Industrial de Maracaibo, 2da. Etapa, Parcela Nº 1, 161-85, Av. 75-A, entre Calles 161 y 165. Maracaibo, Edo. Zulia ', 'fusinca@gmail.com', 'Alfredo Morales', 1, 4, NULL, NULL),
(707, 'PRO-707', 'Natural', '9939308', 'Heira Aliendres', 'N/A', 'Cumana', 'N/A', 'Heira Aliendres', 1, 13, NULL, NULL),
(708, 'PRO-708', 'Natural', '20615571', 'Henrison Perez', 'N/A', 'N/A', NULL, 'Henrison Perez', 1, 21, NULL, NULL),
(709, 'PRO-709', 'Natural', '6642975', 'Lionel Aguilera', '04163171563', 'Yaguaraparo', NULL, 'Lionel Aguilera', 1, 27, NULL, NULL),
(710, 'PRO-710', 'Natural', '14445163', 'Isaac Reyes Muria', '04242044879', 'Caracas', 'grupojgrup@gmail.com', 'Isaac Reyes Muria', 1, 15, NULL, NULL),
(711, 'PRO-711', 'Juridico', '085299700', 'Master Circuito, C.A.', '02512372671', 'Calle 25 con Carretera 5, Zona Industrial I. Barquisimeto - Edo. Lara.', 'ventas@mastercircuito.com', 'Reina Crespo', 1, 15, NULL, NULL),
(712, 'PRO-712', 'Natural', '19510809', 'Winder Pérez', 'N/A', 'N/A', NULL, 'Winder Pérez', 1, 17, NULL, NULL),
(713, 'PRO-713', 'Natural', '19580608', 'Caroyucel Amazonia Torres Sanchez', '04165862456', 'Pto. Ayacucho', NULL, NULL, 1, 50, NULL, NULL),
(714, 'PRO-714', 'Natural', '15504567', 'Ornella Rangel', '04125553467', 'Charallave', 'rangelornella@gmail.com', 'Ana', 1, 1, NULL, NULL),
(715, 'PRO-715', 'Natural', '18915630', 'Arturo Castro', '04242978046', 'Vista Alegre. Caracas', 'arcastro@hotmail.com', 'Arturo Castro', 1, 2, NULL, NULL),
(716, 'PRO-716', 'Natural', '080822630', 'Servicios de Fumigaciones Fumiger 2000', '04149042076', 'Caracas', 'N/A', 'Gerhart l. Molina', 1, 50, NULL, NULL),
(717, 'PRO-717', 'Juridico', '001447865', 'Constructora y Pavimentos Roscio', '04143075122 - 04142416690', 'La Urbina', 'pavimentosrocioca@hotmail.com', 'Jose Gregorio Conrado - Antonio Conrado', 1, 3, NULL, NULL),
(718, 'PRO-718', 'Natural', '10270263', 'Carlos Hernandez', '04243297714', 'Apure', NULL, 'Carlos Hernandez', 1, 57, NULL, NULL),
(719, 'PRO-719', 'Natural', '20628795', 'Cindy Alejandra Paez Rubio', '04149904137', 'avenida Luis roche quinta Ilky altamira', 'scindy_6192@hotmail.com', 'Cindy Alejandra Paez Rubio', 1, 10, NULL, NULL),
(720, 'PRO-720', 'Juridico', '310266450', 'Multiservicio gio-jos', '04167217942', 'Caracas', NULL, NULL, 1, 57, NULL, NULL),
(721, 'PRO-721', 'Natural', '13095975', 'Kleiber Cárdenas', 'N/A', 'N/A', NULL, 'Kleiber Cárdenas', 1, 60, NULL, NULL),
(722, 'PRO-722', 'Gubernamental', '200043903', 'Alcaldia de piritu', '02687575006', 'Falcón, Píritu Falcón, Cl. San José, Edificio Palacio Municipal', 'alcalpiris@yahoo.es', 'Rosangel Campos', 1, 61, NULL, NULL),
(723, 'PRO-723', 'Natural', '21105789', 'Armando Belisario', '04241962120', 'Guarenas', NULL, 'Armando Belisario', 1, 62, NULL, NULL),
(724, 'PRO-724', 'Natural', '19252124', 'Albert Spitschka', '04144847014', 'Sanare', NULL, 'Albert Spitschka', 1, 8, NULL, NULL),
(725, 'PRO-725', 'Juridico', '400086574', 'Servicios de Agregados Seragreca, C.A.', '02129514191', 'Calle Guaicaipuro con Mohedano, Edif. Torre Henner, Piso 5, Ofic. 5B, El Rosal', 'simonbolivarcastillo@gmail.com', NULL, 1, 13, NULL, NULL),
(726, 'PRO-726', 'Natural', '23564312', 'Andreina Hernandez', '04266531544', 'Guarico', NULL, 'Moises Guerra', 1, 57, NULL, NULL),
(727, 'PRO-727', 'Juridico', '405601370', 'O y M Soluciones Empresariales, C.A.', '04140233816', 'Palo Verde. Lomas del Avila Edif capri VI', 'oymcaracas@gmail.com', 'Javier Villar R.', 1, 24, NULL, NULL),
(728, 'PRO-728', 'Juridico', '406551040', 'Castel de Venezuela, S.A.', '04144100896', 'Valencia, carabobo', 'ventascapital@castel.com.ve', 'Gabriela Medina', 1, 13, NULL, NULL),
(729, 'PRO-729', 'Natural', '12260828', 'Jean Martinez', '04242049395', 'Caracas', NULL, 'Jean Martinez', 1, 2, NULL, NULL),
(730, 'PRO-730', 'Juridico', '305992401', 'Fletes SVG, C.A.', '02617591294 - 02617594727', 'Maracaibo', 'gagrecolectasmbo@hotmail.com', NULL, 1, 41, NULL, NULL),
(731, 'PRO-731', 'Juridico', '303280978', 'Corporación LAC, s.a.', '04143705622 - 02122414601 - 02122419813', 'Calle Murachi, Quinta Dilcia - El Marques Caracas- Venezuela', 'euclideslacsa@hotmail.com>', 'Euclides Rodriguez', 1, 24, NULL, NULL),
(732, 'PRO-732', 'Juridico', '295360304', 'Logisven', '02125164848 02124143972', 'av Escorial cruce con avenida Chile local 398 Urb las Acacias', 'mercadeo@logisven.com ventas@logisven.com ', 'Luis Fernando Gonzales', 1, 12, NULL, NULL),
(733, 'PRO-733', 'Juridico', '402035110', 'Transporte 3263 C.A', '2125246023 2125248259 212-5192358', 'calle Lira con escalera 7 casa N12 Urbanizacion la dolorita caracas zona postal 1070', 'ventas@transmaquina.com.ve ', 'Luis Arriaga ', 1, 3, NULL, NULL),
(734, 'PRO-734', 'Natural', '12090200', 'Ronny Ramos', '04141574617', 'San Carlos', NULL, 'Omar risales', 1, 3, NULL, NULL),
(735, 'PRO-735', 'Juridico', '296049688', 'Construcciones y Servicios Industriales, C. A. (CONSERCA)', 'N/A', 'Zona Industrial II Etapa, Parcela II. Av. 70A, # 161-85', 'conserca@hotmail.es ', 'Alfredo Enrique Morales Matheus', 1, 15, NULL, NULL),
(736, 'PRO-736', 'Natural', '14612188', 'Dennys Fuentes', '04267042619', 'Rio Caribe', NULL, 'Dennys Fuentes', 1, 8, NULL, NULL),
(737, 'PRO-737', 'Natural', '14445163', 'Isaac Reyes Muria', '0424 2044879', 'Mercado Libre', 'grupojgrup@gmail.com', 'Isaac Reyes', 1, 11, NULL, NULL),
(738, 'PRO-738', 'Natural', '20018302', 'Maria de los Angeles Mago Rodriguez', 'N/A', 'N/A', 'maria_magor23@hotmail.com', 'Maria de los Angeles', 1, 63, NULL, NULL),
(739, 'PRO-739', 'Natural', '18590595', 'Juan Manuel Mierez', '04144427163', 'Sucre', NULL, NULL, 1, 27, NULL, NULL),
(740, 'PRO-740', 'Natural', '9228365', 'Roberto García ', '04165608847', 'Sanare - Coro', 'N/A', NULL, 1, 8, NULL, NULL),
(741, 'PRO-741', 'Natural', '6501088', 'Juan Zapata', '04142199326', 'Guarenas', NULL, NULL, 1, 3, NULL, NULL),
(742, 'PRO-742', 'Natural', '18214964', 'Víctor Suarez', 'N/A', 'Tramo 13.2', NULL, NULL, 1, 5, NULL, NULL),
(743, 'PRO-743', 'Natural', '15417413', 'Andrés Carrion', '04165801052', 'Multicentro Empresarial', 'acarrion@jhcpconstruccion.com', 'Andrés ', 1, 1, NULL, NULL),
(744, 'PRO-744', 'Juridico', '304677960', 'Hispana de Seguros, S.A.', '04143067470', 'Caracas', 'segurosacosta@gmail.com', 'Carolina Acosta', 1, 31, NULL, NULL),
(745, 'PRO-745', 'Juridico', '314248677', 'Belserca', 'N/A', 'Barrio Andres Eloy Blanco Av. 56B casa #97ª 08, Maracaibo, Edo Zulia.', 'belserca2007@hotmail.com', NULL, 1, 3, NULL, NULL),
(746, 'PRO-746', 'Natural', '21457253', 'Omar Osorio', 'N/A', 'Cojedes', NULL, 'Omar Osorio', 1, 27, NULL, NULL),
(747, 'PRO-747', 'Natural', '20741556', 'Yeraldyn Piña', '04248555176', 'Caracas', 'labrujix.22.10@gmail.com ', 'Jeanny Carmona ', 1, 21, NULL, NULL),
(748, 'PRO-748', 'Natural', '13441715', 'Hector Acosta', '04129656162', 'cojedes', NULL, 'Hector Acosta', 1, 2, NULL, NULL),
(749, 'PRO-749', 'Natural', '19142853', 'Reina Gil Bahachille', '02122375373', 'La Urbina, calle 3 galpón 16', 'reinagb@gmail.com', 'Reina Gil Bahachille', 1, 21, NULL, NULL),
(750, 'PRO-750', 'Natural', '13246074', 'Esteller Silva', '02122679013', 'N/A', NULL, 'Esteller Silva', 1, 21, NULL, NULL),
(751, 'PRO-751', 'Natural', '14500186', 'Milton Miere ', '+573022046413', 'Guarenas', NULL, NULL, 1, 27, NULL, NULL),
(752, 'PRO-752', 'Natural', '13846363', 'Oscar Quintana', '04129717551/04129588477', 'Av. Lecuna Edif. Sur 2 Piso 6 Ofic. 607', 'oscar.en@hotmail.com', 'Oscar Quintana', 1, 65, NULL, NULL),
(753, 'PRO-753', 'Juridico', '406444308', 'DRCA Distribuidora 2015, C.A:', '04142537813', 'Av. Manuel Felipe Tovar. Edif Rumar Piso 1 Apto 07 Urb. San Bernardino', 'ventas.drca@gmail.com', 'Carolina Jaimes', 1, 13, NULL, NULL),
(754, 'PRO-754', 'Juridico', '405661356', 'Marines Motor Hidraulic Services, C.A.', '02122900612 - 02122900061 - 02122900180', 'Carretera Petare Sta Lucia, Km 5, Galpón 2. Zona Industrial Altos de Valencia. Sector Vista Hermosa. Filas de Mariche - Miranda', 'marines.hidraulic@gmail.com - www.mmsv.com.ve', 'Abilio', 1, 17, NULL, NULL),
(755, 'PRO-755', 'Natural', '21197746', 'Ramón Damaso', 'N/A', 'Caracas', NULL, NULL, 1, 17, NULL, NULL),
(756, 'PRO-756', 'Natural', '00000', 'Banco Exterior', 'N/A', 'N/A', NULL, NULL, 1, 50, NULL, NULL),
(757, 'PRO-757', 'Natural', '9837278', 'Gustavo Perez', '04266109846', 'cojedes', NULL, NULL, 1, 15, NULL, NULL),
(758, 'PRO-758', 'Natural', '19397352', 'Daniel Rivas', '04143157197', 'caracas', NULL, NULL, 1, 21, NULL, NULL),
(759, 'PRO-759', 'Natural', '5568697', 'Henry Suarez', '04242155010', 'Caracas', NULL, NULL, 1, 1, NULL, NULL),
(760, 'PRO-760', 'Natural', '', 'Carmen Sanchez', '04266858034', 'guiria', NULL, 'Cheo', 1, 27, NULL, NULL),
(761, 'PRO-761', 'Natural', '14952361', 'Josselyn Tovar', '04241327895', 'Catia', NULL, NULL, 1, 24, NULL, NULL),
(762, 'PRO-762', 'Natural', '17965661', 'Slyng Alfonzo la Rosa Flores', '04120231190', 'calle america con calle guayana edif atlantica piso 2 ', 'sling_and1@hotmail.com', 'Slyng Alfonzo', 1, 2, NULL, NULL),
(763, 'PRO-763', 'Natural', '18368742', 'Julio Cesar A. Lovera Perdomo', '04142602362', 'Av. Presidente Medina. Edif Horatius Piso 8 apto C', 'compras@jhcpconstruccion.com', 'Julio Lovera', 1, 1, NULL, NULL),
(764, 'PRO-764', 'Natural', '14728685', 'Willians Arteaga', '02122679013', 'Multicentro Empresarial del Este. Chacao', NULL, NULL, 1, 2, NULL, NULL),
(765, 'PRO-765', 'Natural', '000001', 'Pagado en Nomina', '02122679013', 'RRHH', NULL, NULL, 1, 1, NULL, NULL),
(766, 'PRO-766', 'Natural', '24217467', 'Jesus Castillo', '04143082762', 'caracas', NULL, NULL, 1, 2, NULL, NULL),
(767, 'PRO-767', 'Natural', '13616633', 'Osiel Ramón Miquilena Acosta', '04146584090', 'Sanare - Coro', NULL, 'Roberto García', 1, 8, NULL, NULL),
(768, 'PRO-768', 'Juridico', '316346471', 'Márquez, Henríquez Ortiz & Valedon S.C.', '02122864024', 'Av. Francisco Miranda, Edificio Cavendes -Piso 1 - Oficina 101, Urb. Los Palos Grandes - Caracas', 'cvaledon@mhov.com.ve', 'Carlos Valedón Hurtado', 1, 5, NULL, NULL),
(769, 'PRO-769', 'Juridico', '303498876', 'Equilab telecom ca', '2393223', 'caracas', NULL, NULL, 1, 6, NULL, NULL),
(770, 'PRO-770', 'Natural', '13823034', 'Nelson Susano Delgado Perez', '02129534040', 'Bello Monte', 'N/A', 'Tele Taxi', 1, 2, NULL, NULL),
(771, 'PRO-771', 'Natural', '24886891', 'Rossenbel David Rey Cardozo', '02125833219 - 04143277628', 'Santa Paula', 'davidteama.lncr@hotmail.com', NULL, 1, 8, NULL, NULL),
(772, 'PRO-772', 'Natural', '19330555', 'Any Yeniree Pacheco González', '04143924569', 'Caracas', NULL, 'Juan Guzman', 1, 66, NULL, NULL),
(773, 'PRO-773', 'Natural', '12641500', 'Luedy Ramos', '04268206595', 'Guarenas', NULL, 'Mirna Osuna', 1, 2, NULL, NULL),
(774, 'PRO-774', 'Natural', '13687816', 'Jhonny Vasquez ', '04142795530', 'Mariches', NULL, NULL, 1, 2, NULL, NULL),
(775, 'PRO-775', 'Juridico', '312307528', 'Edificio  Residencia Alameda classic', '0212-2679013', 'EL ROSAL', 'hect', NULL, 1, 23, NULL, NULL),
(776, 'PRO-776', 'Juridico', '0001866', 'CANAEMTE', '0212-9528851', ' Chacao, Torre Exa, Piso 8, Oficina. 820', 'kjaimez@canaemte.org.ve', 'katiana Jaimez', 1, 27, NULL, NULL),
(777, 'PRO-777', 'Natural', '11991030', 'Charles José Graterol Jiménez', '04122446932', 'Calle Soublette entre Mariño y Urdaneta. No.100 Guacara. Estado Carabobo.', 'charlesgraterol11@gmail.com', NULL, 1, 2, NULL, NULL),
(778, 'PRO-778', 'Natural', '17801281', 'Raúl Robles', '04241764195//04140189679', 'El Baul', NULL, 'Raul ', 1, 3, NULL, NULL),
(779, 'PRO-779', 'Natural', '18223602', 'Carlos Sanchez', '04241190947', 'valencia', NULL, NULL, 1, 2, NULL, NULL),
(780, 'PRO-780', 'Juridico', '300282414', 'Distribuidora Tefloimport', '02122351338 - 02122390474 - 02122380272', 'Caracas', 'asist.teflo@gmail.com / adm.teflo@gmail.com', 'Eduardo Aira', 1, 17, NULL, NULL),
(781, 'PRO-781', 'Natural', '15393880', 'Miguel Velazquez', '04145865682', 'San juan de los Morros', 'davidedvb64@gmail.com', 'Miguel V', 1, 11, NULL, NULL),
(782, 'PRO-782', 'Natural', '2798902', 'Lelys Viña', '04168849833', 'Irapa', NULL, NULL, 1, 8, NULL, NULL),
(783, 'PRO-783', 'Natural', '12215775', 'Hugo Medina', '04248550397', 'El Pilar', NULL, NULL, 1, 2, NULL, NULL),
(784, 'PRO-784', 'Juridico', '311032525', 'Cerrajería La Llave del Eden II, C.A.', '02127068966 - 04143165459 - 04244081994', 'Av. Casanova, C.C. El Recreo, Nivel C4AC, Local C4AC, Urb. Sabana Grande', 'gilbertomelian@hotmail.com - cerrajerialallavedeledenii@hotmail.com', NULL, 1, 67, NULL, NULL),
(785, 'PRO-785', 'Natural', '20678227', 'Daniel Alejandro Velasquez', '04241364920', 'Caracas', 'dvalejandro1@gmail.com', 'Daniel Velasquez', 1, 2, NULL, NULL),
(786, 'PRO-786', 'Natural', '20201648', 'Yasmin Rodriguez', '04162809935', 'Guiria', NULL, 'Miguel Gamboa', 1, 8, NULL, NULL),
(787, 'PRO-787', 'Natural', '8628276', 'Enrique Rivas', '04242760234', 'Sta Paula', NULL, NULL, 1, 5, NULL, NULL),
(788, 'PRO-788', 'Natural', '16808891', 'Pedro Butto', '04162809935', 'Guiria', NULL, 'Miguel Gamboa', 1, 8, NULL, NULL),
(789, 'PRO-789', 'Natural', '20877114', 'Emir Rivas', '0414-3666233', 'Sta Paula', 'emir.rivas33@gmail.com', 'Mirna Osuna ', 1, 3, NULL, NULL),
(790, 'PRO-790', 'Natural', '7743846', 'Ernesto Perez', '04266647138', 'Sanare - Coro', NULL, NULL, 1, 8, NULL, NULL),
(791, 'PRO-791', 'Natural', '19241694', 'Colombo Camaro', '04246038441', 'Tucacas', NULL, NULL, 1, 8, NULL, NULL),
(792, 'PRO-792', 'Natural', '18677373', 'Roosbelt Gimenez', 'N/A', 'Caracas', 'N/A', 'N/A', 1, 13, NULL, NULL),
(793, 'PRO-793', 'Natural', '14900156', 'Abelardo Sanchez', '04141764195', 'El Baul', NULL, 'Omar Risales', 1, 2, NULL, NULL),
(794, 'PRO-794', 'Juridico', '405456337', 'Ceencarga Lara, C.A.', '02512370351 - 04246667734', 'Cr.1 Entre Calles 15 y 16 Casa Nº 15 - 83. Barrio Unión Barquisimeto - Edo. Lara', 'N/A', NULL, 1, 41, NULL, NULL),
(795, 'PRO-795', 'Juridico', '313788384', 'Inversiones Diamel, C.A.', '02123263245 - 02127160427', 'Calle Galindez, Edif. Ventura, PB. Local E3-PB-01 Guatire Edo Miranda.', 'inversiones.diamel@gmail.com', 'N/A', 1, 68, NULL, NULL),
(796, 'PRO-796', 'Natural', '7681081', 'Alejandro Torrealba', '04143095079', 'Santa Paula', 'N/A', 'N/A', 1, 5, NULL, NULL),
(797, 'PRO-797', 'Natural', '10877187', 'Yonny Nolasco', '04140183581', 'Santa Paula', 'N/A', NULL, 1, 5, NULL, NULL),
(798, 'PRO-798', 'Natural', '5288100', 'Ulice Piña', '04148199710 - 04163235640', 'Anzoategui', 'amsstanca@gmail.com', NULL, 1, 13, NULL, NULL),
(799, 'PRO-799', 'Juridico', '403931836', 'Soluciones Tubepcon, C.A.', '02617316230/04263242315', 'Av 2 C/calle 30 N° 30-15. Barrio Negro Primero, San Francisco, Edo Zulia', 'sol.tubepcon.ca@gmail.com', 'Guillermo Romero', 1, 20, NULL, NULL),
(800, 'PRO-800', 'Natural', '19672811', 'Ricardo Zapata', 'N/A', 'Guarenas', 'N/A', 'Edwin Blanco', 1, 3, NULL, NULL),
(801, 'PRO-801', 'Natural', '82125286', 'Belkis Caicaguare', '04265132580', 'Caracas', NULL, 'Mirna Osuna', 1, 32, NULL, NULL),
(802, 'PRO-802', 'Juridico', '404656600', 'Taller Industrial G&C, C.A', '04145263836 - 04266500337', 'Carrtera Vieja Duaca. Km 13 Sector Tamaca, Barquisimeto Lara', 'Tallerindustrialgc@outlook.com', 'Beatriz Camacho - Ramón Gonzalez ', 1, 13, NULL, NULL),
(803, 'PRO-803', 'Natural', '4577092', 'Luis Alfredo Rodriguez Briceño', '04128299535', 'Barquisimeto', 'caluchamia@gmail.com', 'luis Alfredo', 1, 2, NULL, NULL),
(804, 'PRO-804', 'Juridico', '405370785', 'Grupo DLG 18, C.A.', '02125722864 - 04142790052 - 04241736621', 'Parque Carabobo, Esq. Puente Victoria, Centro Villasmil, Piso 13, Oficina 1307. Caracas - Venezuela', 'grupodlg18@gmail.com', 'N/A', 1, 24, NULL, NULL),
(805, 'PRO-805', 'Natural', '17524394', 'Jorge Carrasquel', 'N/A', 'N/A', NULL, NULL, 1, 15, NULL, NULL),
(806, 'PRO-806', 'Juridico', '401241220', 'Ferretería Ferrekel, C.A.', '02122661783', 'Av. Uslar Pietri con calle Monseñor Juan Grill. subiendo al c.c. San Ignacio Chacao Caracas', 'ferreteriaferrekel@hotmail.com', 'N/A', 1, 11, NULL, NULL),
(807, 'PRO-807', 'Juridico', '299717088', 'Disrevinca, C.A ', '02122399112 - 04142853020', 'Caracas, Los Cortijos', 'disrevinca@gmail.com', 'Ramón Méndez', 1, 10, NULL, NULL),
(808, 'PRO-808', 'Natural', '17734999', 'Lisbeth Salazar', 'N/A', 'Puerto La Cruz', 'lisbethsalazar15@gmail.com', NULL, 1, 2, NULL, NULL),
(809, 'PRO-809', 'Natural', '18182646', 'David Castillo', 'N/A', 'Caracas', 'N/A', NULL, 1, 2, NULL, NULL),
(810, 'PRO-810', 'Juridico', '405568372', 'Rexnoco Group, C.A', '04241083247', 'Av. Francisco de Miranda, Urb. La California Norte, entre el C.C Unicentro el Marques y el C.C Lider, Al lado del Banco Bicentenario, Edificio Metropll', 'jfelixmo2005@hotmail.com', 'José Rivas', 1, 24, NULL, NULL),
(811, 'PRO-811', 'Juridico', '04266372974', 'Movilnet', '04266372974', 'Oficina', NULL, NULL, 1, 24, NULL, NULL),
(812, 'PRO-812', 'Natural', '17803865', 'Edixon Aponte', 'N/A', 'N/A', 'N/A', 'Edixon Aponte', 1, 13, NULL, NULL),
(813, 'PRO-813', 'Natural', '13691982', 'Niurka Morales', '02122679013', 'Chacao', 'niurka.morales@jhcp.com', 'N/A', 1, 1, NULL, NULL),
(814, 'PRO-814', 'Juridico', '302699215', 'Tarjetería Kadi Print, C.A ', '02125627184', 'La Candelaria', 'kadiprint1@gmail.com', 'Rosa', 1, 24, NULL, NULL),
(815, 'PRO-815', 'Natural', '12014553', 'Alexander Quintana Simo', 'N/A', 'Mercadolibre.com', 'N/A', 'N/A', 1, 13, NULL, NULL),
(816, 'PRO-816', 'Natural', '16021070', 'Lewin Crespo', '04126002556', 'Caracas', NULL, 'Niorkys Moreno', 1, 2, NULL, NULL),
(817, 'PRO-817', 'Juridico', '170040859', 'Suministro y Servicios Guerra J.R., F.P.', '04148042077', 'Caracas', NULL, 'Nairobis Facenda', 1, 38, NULL, NULL),
(818, 'PRO-818', 'Natural', '17457540', 'Alfredo Vega', 'N/A', 'N/A', 'N/A', NULL, 1, 2, NULL, NULL),
(819, 'PRO-819', 'Natural', '10186841', 'Delis José Martínez García', '04168350101', 'Caracas', 'N/A', 'N/A', 1, 66, NULL, NULL),
(820, 'PRO-820', 'Natural', '14850609', 'Franklin Urbina', 'N/A', 'Caracas', 'N/A', 'N/A', 1, 21, NULL, NULL),
(821, 'PRO-821', 'Natural', '20921595', 'Pascual Franco', '02512690542', 'Barquisimeto', 'N/A', 'N/A', 1, 21, NULL, NULL),
(822, 'PRO-822', 'Natural', '8791478', 'Pedro Martinez', '04167329652', 'La reyera', NULL, 'Angel Ojeda', 1, 28, NULL, NULL),
(823, 'PRO-823', 'Natural', '17239551', 'Dickson Rodriguez', 'N/A', 'N/A', NULL, NULL, 1, 2, NULL, NULL),
(824, 'PRO-824', 'Juridico', '312531789', 'Tiendas Pintumania, C.A.', '02122666012', 'Calle Monterrey con av. Orinoco Qta. Maria local D, Urb.las Mercedes, Caracas', NULL, NULL, 1, 11, NULL, NULL),
(825, 'PRO-825', 'Natural', '19015835', 'Julyalba Torres', 'N/A', 'N/A', 'jupy_25@hotmail.com', 'Eric Borges', 1, 50, NULL, NULL),
(826, 'PRO-826', 'Juridico', '293873614', 'Constructora Pinecar, C.A. (Copinca)', '02617522737 - 02617542203 - 04146034212', 'Av. 4, CC Villa Ines, Oficina 80-18 63, Sector Bella Vista, Maracaibo, Edo. Zulia', 'constructora_pinecar@hotmail.com - copinca1@hotmail.com - opinca2@hotmail.com', 'Carlos Pineda', 1, 38, NULL, NULL),
(827, 'PRO-827', 'Natural', '13347422', 'Eufran Díaz ', '04248047070', 'Tramo 13', 'eufrandiaz@gmail.com', NULL, 1, 2, NULL, NULL),
(828, 'PRO-828', 'Natural', '18235338', 'Michell Rondon', '04126018987', 'Los Teques', 'N/A', 'Michell Rondon', 1, 69, NULL, NULL),
(829, 'PRO-829', 'Juridico', '301845110', 'Importllano, C.A.', '04144763534 - 02743413193', 'San Fernando de Apure', 'dmartinez@importllano.com', NULL, 1, 11, NULL, NULL),
(830, 'PRO-830', 'Juridico', '299117153', 'Materiales Eléctricos Tucacas, C.A.', '02598122310 - 04144333748', 'Carretera Km3, Vía Las Lapas, Local Galpon Nro S/N, Sector Nueva Tucacas, Edo. Falcón.', 'materialeselectricostucacas10@gmail.com', NULL, 1, 15, NULL, NULL),
(831, 'PRO-831', 'Gubernamental', '200002565', 'Municipio Autónomo Juan José Mora', 'N/A', 'Coro', NULL, NULL, 1, 32, NULL, NULL),
(832, 'PRO-832', 'Juridico', '294754520', 'Automóviles ADA, C.A. ', '02129522005', 'Torre Credicard, piso 2 oficina 23, El Bosque. Caracas', 'mtredinick@villasrentacar.com', 'Marcela Tredinick', 1, 28, NULL, NULL),
(833, 'PRO-833', 'Natural', '16615243', 'Antonio Regueiro González', '04265166287', 'Caracas', 'N/A', 'N/A', 1, 12, NULL, NULL),
(834, 'PRO-834', 'Juridico', '308412643', 'Prolectronic, C.A.', '02126936554 - 02126936314', 'Calle Humboldt entre a Av. La Ciencia y Estadio. Urb. Chaguaramos', 'prolectronic3000@cantv.net', 'Rafael Perez', 1, 70, NULL, NULL),
(835, 'PRO-835', 'Natural', '18603829', 'Douglas Berrios', '04128118245', 'Caracas', NULL, NULL, 1, 15, NULL, NULL),
(836, 'PRO-836', 'Natural', '19958988', 'Winston Daniel Monges Nieto', 'N/A', 'N/A', 'N/A', 'Winston Daniel', 1, 13, NULL, NULL),
(837, 'PRO-837', 'Natural', '18030068', 'Skay González', '04123987518', 'Caracas', NULL, 'Skay G.', 1, 13, NULL, NULL),
(838, 'PRO-838', 'Natural', '4847118', 'Miriam Torres', 'N/A', 'Caracas', 'N/A', 'N/A', 1, 5, NULL, NULL),
(839, 'PRO-839', 'Natural', '13490100', 'Walter Serra', '04126329911', 'San Bernardino', 'N/A', 'Walter Serra', 1, 13, NULL, NULL),
(840, 'PRO-840', 'Natural', '16253774', 'Nazireth Guerra', 'N/A', 'N/A', NULL, 'Niorkys Moreno', 1, 2, NULL, NULL),
(841, 'PRO-841', 'Juridico', '001907688', 'Distribuidora Arte Real, C.A.', '02129521785', 'C.C. Chacaito, Local N° 106', 'N/A', 'N/A', 1, 24, NULL, NULL),
(842, 'PRO-842', 'Natural', '14678902', 'Niorkys Moreno', 'N/A', 'N/A', 'niorkys.moreno@jhcpconstruccion.com', 'Niorkys Moreno', 1, 24, NULL, NULL),
(843, 'PRO-843', 'Natural', '22630451', 'Carrera Gomez Lizmar José', '04164832270', 'Santa Paula', 'N/A', 'Alejandro', 1, 14, NULL, NULL),
(844, 'PRO-844', 'Natural', '17268263', 'Edwin Javier Vasquez', '04122870415', 'Guatire', 'N/A', 'Javier', 1, 13, NULL, NULL),
(845, 'PRO-845', 'Juridico', '312948515', 'POSVAL, C.A.', '02418254717/8236515', 'Av. San Jose de Tarbes, edif torre B.O.D  piso 12 ofic. 12-2 Valencia Edo. Carabobo', 'posvalca@gmail.com', 'N/A', 1, 15, NULL, NULL),
(846, 'PRO-846', 'Juridico', '306842675', 'MercadoLibre Venezuela S.R.L.', '0212000000', 'La Castellana Caracas', NULL, NULL, 1, 1, NULL, NULL),
(847, 'PRO-847', 'Natural', '11939804', 'Isrrael Angulo', '04142990670', 'La Trinidad', NULL, NULL, 1, 24, NULL, NULL),
(848, 'PRO-848', 'Natural', '6463626', 'Victor Bogado', '04167309420', 'Coro', 'N/A', 'Víctor Bogado - Pedro Moreno', 1, 32, NULL, NULL),
(849, 'PRO-849', 'Juridico', '401253474', 'Wayaba Copy-Print, C.A.', '04241374632', 'Av Tosta Garcia con Calle 10 Ricaurte Edif Anilu PB. Charallave, Edo. Miranda', 'aniuskaluna@gmail.com', 'Aniuska Luna', 1, 55, NULL, NULL),
(850, 'PRO-850', 'Natural', '13808993', 'Rosalba Freites', 'N/A', 'N/A', 'grupotoyomotriz@gmail.com', 'Rosalba Freites', 1, 17, NULL, NULL),
(851, 'PRO-851', 'Natural', '9967841', 'Hilda Vargas', '0212-2679013', 'Chacao', 'hvseguros@hotmail.com', 'Hilda Vargas', 1, 31, NULL, NULL),
(852, 'PRO-852', 'Natural', '2810711', 'Emerson Puerta Martinez', '04122561760', 'Chacao', 'jhcp@jhcpconstruccion.com', 'Emmerson', 1, 41, NULL, NULL),
(853, 'PRO-853', 'Juridico', '304915039', 'Maquinarias Gianpro C.A. ', '02122345711 - 02122341828 - 02122322572', '3ra. Avenida de Montecristo entre 1ra. Transv. Y Av. Rómulo Gallegos, Qta. N° 3. Caracas - Venezuela', 'fgoncalves.gianpro@gmail.com', 'Fatima Goncalves', 1, 3, NULL, NULL),
(854, 'PRO-854', 'Juridico', '407154567', 'Orbe Construcciones, C.A', '04148142669', 'Barcelona – Edo. Anzoátegui', 'orbeconstructores@gmail.com', 'Fernando', 1, 10, NULL, NULL),
(855, 'PRO-855', 'Natural', '20400556', 'Josne Vasquez', '04126580158', 'N/A', 'N/A', 'Josne', 1, 10, NULL, NULL),
(856, 'PRO-856', 'Natural', '8176968', 'Ildegar Perozo', '04149117566', 'Arawak', 'ildefranp@gmail.com', 'Arawak', 1, 1, NULL, NULL),
(857, 'PRO-857', 'Natural', '6268685', 'Ronald Hernandez', '04140115427', 'Baruta Caracas.', 'rachukoml@gmail.com', 'Ronald Hernandez', 1, 10, NULL, NULL),
(858, 'PRO-858', 'Natural', '17510312', 'Cristian Arias', 'N/A', 'Mérida', 'N/A', 'Cristian', 1, 2, NULL, NULL),
(859, 'PRO-859', 'Natural', '064301710', 'Edgar Borregales', '04166262210', 'Calle Final, Calle Atabapo, Resd Hacienda Humbold, Piso 6 Apto 6 ', 'N/A', 'borregator@yahoo.com', 1, 57, NULL, NULL),
(860, 'PRO-860', 'Natural', '12796091', 'Francisco Nuñez', '04247790311', 'Caracas', 'N/A', 'N/A', 1, 1, NULL, NULL),
(861, 'PRO-861', 'Natural', '14163104', 'Jose Garcia', '04126329911', 'Caracas. La Pastora', 'N/A', 'Jose', 1, 13, NULL, NULL),
(862, 'PRO-862', 'Natural', '12167414', 'Argenis Naranjo', 'N/A', 'Caracas', 'N/A', 'N/A', 1, 3, NULL, NULL),
(863, 'PRO-863', 'Juridico', '317300041', 'Corporación Gentequeimporta, C.A.', '02812815146 - 04148170303', 'Barcelona – Edo. Anzoátegui. Av Principal de Lecherias', 'info@gentequeimporta.com', 'Luis Cardenas', 1, 14, NULL, NULL),
(864, 'PRO-864', 'Natural', '8433933', 'Neris Espinoza', 'N/A', 'N/A', 'N/A', 'Miguel Gamboa', 1, 13, NULL, NULL),
(865, 'PRO-865', 'Natural', '17147710', 'Samuel Perez ', 'N/A', 'Bello Campo. Caracas', 'www.cauchospitstop.com.ve', 'N/A', 1, 17, NULL, NULL),
(866, 'PRO-866', 'Natural', '11566891', 'Marcos Pacheco', '04265120122', 'caracas', NULL, NULL, 1, 24, NULL, NULL),
(867, 'PRO-867', 'Juridico', '299816230', 'Mega CIV, C.A.', '04140446375 - 02414173636 ', 'Valencia', 'megaciv@hotmail.com', 'N/A', 1, 3, NULL, NULL),
(868, 'PRO-868', 'Natural', '16037289', 'Mauro Enrique Marin Gonzalez', '04147912404', 'Caracas', NULL, NULL, 1, 17, NULL, NULL),
(869, 'PRO-869', 'Natural', '6267893', 'Maria Carolina Acosta Rubio', '04143067470', 'Caracas', 'segurosacosta@gmail.com', 'Carolina', 1, 71, NULL, NULL),
(870, 'PRO-870', 'Juridico', '308047686', 'Grupo Premium Soft', '02617925857', 'Av Andres Bello Centro Comercial Las Tapias', NULL, NULL, 1, 24, NULL, NULL),
(871, 'PRO-871', 'Natural', '13944531', 'Luis Romero', '04265147516   /   04248303528', 'Fuerte Tiuna', 'N/A', 'N/A', 1, 1, NULL, NULL),
(872, 'PRO-872', 'Natural', '9152989', 'María Quevedo', '04169023333 - 04166179082', 'N/A', 'N/A', 'N/A', 1, 8, NULL, NULL),
(873, 'PRO-873', 'Natural', '25386693', 'José Cantanho', 'N/A', 'Maracay', 'N/A', 'Miguel Gamboa', 1, 21, NULL, NULL),
(874, 'PRO-874', 'Natural', '26435918', 'Pablo Galvis', '04242552261', 'Caracas', 'N/A', 'N/A', 1, 1, NULL, NULL),
(875, 'PRO-875', 'Natural', '21199534', 'Carlos Pacheco ', '04161449406 ', 'Coro', 'N/A', 'N/A', 1, 27, NULL, NULL),
(876, 'PRO-876', 'Natural', '17339908', 'Deivi Arias', 'N/A', 'Coro', 'N/A', 'N/A', 1, 27, NULL, NULL),
(877, 'PRO-877', 'Natural', '12183645', 'Jose Medina', '04244288133', 'Tucacas', 'N/A', 'N/A', 1, 32, NULL, NULL),
(878, 'PRO-878', 'Juridico', '306916539', 'Servicio de Salud y Seguridad Laboral', '02122652645', 'Multicentro Empresarial del Este. Chacao', 'supervisor.smo@sesasel.com - admonsupervisor@sesasel.com - gciaadmonrrhh@sesasel.com', 'Jefferson Ramírez', 1, 26, NULL, NULL),
(879, 'PRO-879', 'Natural', '12320724', 'Arnaldo Rodriguez', 'N/A', 'Caracas', 'N/A', 'Niurka M.', 1, 24, NULL, NULL),
(880, 'PRO-880', 'Juridico', '316663019', 'Seguros Pirámide Serfiprima C.A.', '04143067470', 'Centro Lido - Chacao ', 'cobranzas@serfiprima.com', 'Carolina Acosta', 1, 31, NULL, NULL),
(881, 'PRO-881', 'Natural', '3483310', 'Edgar Yanez', 'N/A', 'N/A', 'Edgardluisy@gmail.com', 'N/A', 1, 71, NULL, NULL),
(882, 'PRO-882', 'Natural', '11341727', 'Coralina Lopez', '04123530786', 'Caracas', NULL, NULL, 1, 71, NULL, NULL),
(883, 'PRO-883', 'Natural', '13472037', 'Sandra Uribe', '04129822780', 'Prado de María. El Cementerio. Caracas', 'uribefsan_7@hotmail.com', 'Danny Barrios', 1, 13, NULL, NULL),
(884, 'PRO-884', 'Natural', '18444650', 'Ana Sanchez', 'N/A', 'Caracas', 'N/A', 'Nelson', 1, 17, NULL, NULL),
(885, 'PRO-885', 'Natural', '18020914', 'Octavio Matute', 'N/A', 'N/A', NULL, NULL, 1, 71, NULL, NULL),
(886, 'PRO-886', 'Natural', '14484943', 'Alexander Toledo', 'N/A', 'Caracas', 'N/A', 'Miguel Gamboa', 1, 17, NULL, NULL),
(887, 'PRO-887', 'Natural', '13708851', 'Jose Cegarra', 'N/A', 'N/A', NULL, 'Omar Risales', 1, 21, NULL, NULL),
(888, 'PRO-888', 'Juridico', '002961813', 'Sankei Travel de Venezuela, C.A.', '02122848910', 'Caracas', 'jblanco@sankeitravel.com.ve', 'Jhon Blanco', 1, 2, NULL, NULL),
(889, 'PRO-889', 'Juridico', '002193565', 'Transporte Maneyka, C.A.', 'N/A', 'La Guaira', 'N/A', 'N/A', 1, 8, NULL, NULL),
(890, 'PRO-890', 'Natural', '6271389', 'Luis Rada', 'N/A', 'N/A', NULL, NULL, 1, 1, NULL, NULL),
(891, 'PRO-891', 'Juridico', '400980470', 'Multi Office C.A', '04120278932', 'Caracas ', 'multioffice519@gmail.com', 'David Garcia', 1, 24, NULL, NULL),
(892, 'PRO-892', 'Natural', '19097662', 'Edward Ferrer', '04144124077', 'Valencia', 'ferreredward1990@hotmail.com', 'Jorge Garcia', 1, 12, NULL, NULL),
(893, 'PRO-893', 'Juridico', '407441833', 'Inversiones y Construcciones H.T.P., C.A', '04263151009 - 04243124450', 'La Mora I calle 23 casa N° 11 local 1, La Victoria Edo. Aragua', 'chelinerubio53@gmail.com', 'Carlos Estrada', 1, 13, NULL, NULL),
(894, 'PRO-894', 'Juridico', '090136100', 'Distribuidora de Materiales Los Llanos, C.A.', '02735524192', 'Av. Elías Cordero Nro 5-259', 'ventas@dimalla.com', 'Ventas', 1, 13, NULL, NULL),
(895, 'PRO-895', 'Natural', '15910573', 'Pedro Villanueva', '04129163391', 'Caracas, Los Ruices', NULL, 'Pedro V,', 1, 24, NULL, NULL),
(896, 'PRO-896', 'Juridico', '317082214', 'Floristería Paraiso FJ', 'N/A', 'El Paraiso', NULL, NULL, 1, 29, NULL, NULL),
(897, 'PRO-897', 'Natural', '13801995', 'Diancelys del valle Rodriguez', 'N/A', 'N/A', NULL, NULL, 1, 1, NULL, NULL),
(898, 'PRO-898', 'Natural', '17139744', 'Jorge Hidalgo', '04262156542', 'La Candelaria', NULL, 'Jorge Hidalgo', 1, 13, NULL, NULL),
(899, 'PRO-899', 'Natural', '8201967', 'Yolanda Lopez', '04148057437', 'N/A', NULL, NULL, 1, 5, NULL, NULL),
(900, 'PRO-900', 'Natural', '9493328', 'Luis Guerra', 'N/A', 'N/A', NULL, NULL, 1, 5, NULL, NULL),
(901, 'PRO-901', 'Juridico', '295934610', 'Inversiones Makarelli, C.A.', 'N/A', 'N/A', 'arnoldcardarelli@gmail.com', 'Arnold José Cardarelli Santana', 1, 41, NULL, NULL),
(902, 'PRO-902', 'Natural', '196756430', 'Servitec, chm', '04120856760', 'Caracas ', 'servitec.chm@gmail.com', 'Sergio V.', 1, 13, NULL, NULL),
(903, 'PRO-903', 'Natural', '20754391', 'Luis Guerra', 'N/A', 'N/A', 'N/A', 'N/A', 1, 5, NULL, NULL),
(904, 'PRO-904', 'Juridico', '401398090', 'Turbomotriz II, C.A.', '02418536648 - 02418536649', 'Prolongación Av. Lisandro Alvarado Vía Tocuyito Sector La Florida Valencia. Edo. Carabobo ', 'turbomotriz2ca@gmail.com', 'Deysis Romero', 1, 17, NULL, NULL),
(905, 'PRO-905', 'Natural', '16520107', 'Wilmer Rafael Borrozo Ortiz', '04125396708', 'N/A', 'N/A', 'N/A', 1, 2, NULL, NULL),
(906, 'PRO-906', 'Natural', '15588174', 'Katiuska Antelo', '04263737783', 'Caracas', 'katiuska.antelo@jhcpconstruccion.com', 'N/A', 1, 1, NULL, NULL),
(907, 'PRO-907', 'Juridico', '404823948', 'Inversiones Mariota 2014 C.A', '04167031414/04125568982', 'Calle Real Macarao- Local A', 'inversionesmariota@gmail.com', 'José Oviedo', 1, 13, NULL, NULL),
(908, 'PRO-908', 'Natural', '17077871', 'Robín Monroy', 'N/A', 'Caracas', 'N/A', 'Hector Rodriguez ', 1, 21, NULL, NULL),
(909, 'PRO-909', 'Juridico', '407564471', 'Marogosa C.A.', '04241149945', 'Caracas, La Urbina.', 'danielae@marogosa.com.ve', 'Daniela Echandía', 1, 13, NULL, NULL),
(910, 'PRO-910', 'Natural', '9501018', 'Israel Jose Amaya', '04128454151', 'Coro', 'N/A', 'Omar García', 1, 2, NULL, NULL),
(911, 'PRO-911', 'Natural', '15414319', 'Yeneila Campos', '04265147516', 'caracas', NULL, NULL, 1, 71, NULL, NULL),
(912, 'PRO-912', 'Juridico', '306206329', 'Oceánica de Seguros, C.A.', '0212-9525189', 'Av. Francisco de Miranda, Naiguatá, Tamanaco y el Parque Centro Lido Torre B, Piso 5 Ofic. 51-b, Urbanización El Rosal', NULL, 'Gabriela Diaz ', 1, 71, NULL, NULL),
(913, 'PRO-913', 'Natural', '9488206', 'Marciel da Silva', '04122794499', 'El Valle', NULL, NULL, 1, 1, NULL, NULL),
(914, 'PRO-914', 'Juridico', '408486814', 'Materiales Victoria 3, C.A.', '04128204565/04166114191', 'Calle del Medio. Prado de Maria. Caracas, Dtto Capital Zona Postal 1040', 'materialesvictoria3@gmail.com', 'Jose Gregorio ', 1, 13, NULL, NULL),
(915, 'PRO-915', 'Natural', '19200155', 'Carlos Arcia', 'N/A', 'Caracas', 'N/A', 'Herrero', 1, 38, NULL, NULL),
(916, 'PRO-916', 'Natural', '14697347', 'Jean Parra', 'n/a', 'Maracaibo', 'n/a', 'Jean P.', 1, 8, NULL, NULL),
(917, 'PRO-917', 'Juridico', '301125169', 'Sipheca', '02122374980/2375996/2376520', 'Caracas. Final de Av. Buen Pastor. Edif. Centro Elca. PB Local 1. Boleita N', 'siphecacaracas@gmail.com/ventascentro2@sipheca.com', 'Erick Pereira ', 1, 19, NULL, NULL),
(918, 'PRO-918', 'Natural', '9588031', 'Zulima Cordoba', '00000000000000000000000', '000000000000000', NULL, NULL, 1, 5, NULL, NULL),
(919, 'PRO-919', 'Natural', '1158131', '	ARTURO VELAZQUEZ HERNANDEZ', '04164887068', 'BARCELONA', 'arthur_2808@hotmail.con', 'ARTURO', 1, 8, NULL, NULL),
(920, 'PRO-920', 'Juridico', '002403608', 'Inversiones Okavango, C.A', '02122358001', 'Urb. La carlota callejón la linea.', 'inversionesokavango@gmail.com', 'Eliezer', 1, 13, NULL, NULL),
(921, 'PRO-921', 'Natural', '12828260', 'Hector Díaz', '04167113868', 'Barinas', 'n/a', 'Hector', 1, 13, NULL, NULL),
(922, 'PRO-922', 'Juridico', '299435970', ' TALLERES METALES DIESEL 2021 C.A.', '04243213342', 'n/a', 'metaldiesel2010@hotmail.com', 'Reinaldo Yanez', 1, 21, NULL, NULL),
(923, 'PRO-923', 'Natural', '11682609', 'Antonio Cabral', '04127383242', 'Los Teques', 'n/a', 'Antonio C.', 1, 21, NULL, NULL),
(924, 'PRO-924', 'Juridico', '001839585', 'INSTALACIONES CRUM S.R.L.', '02122673660', 'AV. Libertador a 100 mts Sambil Chacao', 'instalaciones_crumsrl@hotmail.es', 'carlos Useche', 1, 24, NULL, NULL),
(925, 'PRO-925', 'Natural', '21172702', 'ANGEL LABANA ', '0', 'BARCELONA', 'angellabana9@gmail.com', 'ANGEL', 1, 2, NULL, NULL),
(926, 'PRO-926', 'Natural', '10801962', 'Omaira Quero', '000000000000', '0000000000000000', NULL, NULL, 1, 1, NULL, NULL),
(927, 'PRO-927', 'Natural', '11131731', 'Luis Viloria', '04263150458', 'Caracas', NULL, 'Luis Viloria', 1, 24, NULL, NULL),
(928, 'PRO-928', 'Natural', '14954270', 'LAURA OCHOA', '0000000000', '0000000000000', NULL, NULL, 1, 1, NULL, NULL),
(929, 'PRO-929', 'Juridico', '300116638', 'Central Electrica C.A.', '02432171867/04166450710', 'Av. Ayacucho primera No. 123 Santa Rosa. Maracay, Edo Aragua.', 'aventas@centralelectrica.net.ve', 'Sarai Quintero / Larry Troconis', 1, 15, NULL, NULL),
(930, 'PRO-930', 'Juridico', '305952930', 'Construcciones W.M. 16-12 C.A.', '02126622929', 'Av. Cristóbal Rojas, entre Blanco Fombona y M. Díaz,  Quinta Amaconchy', 'construccioneswm@gmail.com', 'Wilmer Madrid', 1, 13, NULL, NULL),
(931, 'PRO-931', 'Natural', '4916524', 'Angel Leon', '04165244938', 'Caracas', 'leonbla@hotmail.com', 'Angel Leon', 1, 24, NULL, NULL),
(932, 'PRO-932', 'Juridico', '000777136', 'Manufacturas Reyes, C.A.', '02126334232/6331959', 'Av. Roosevelt entre Calle Razetti y Calle Real de Prado de María, Edif. Maria Jose 1er Piso. Los Rosales', 'manufacturasreyes@hotmail.com', 'Jose Reyes', 1, 19, NULL, NULL),
(933, 'PRO-933', 'Juridico', '309364022', 'Ame Falcon C.A', '(0268) 2525981', 'CORO', 'LGUANIPA@AMESALUD.COM', 'LEDISMAR GUANIPA', 1, 16, NULL, NULL),
(934, 'PRO-934', 'Juridico', '002852755', 'Omnicontrol C.A.', '02129753494', 'Av. Río Caura, C.E. La Pirámide, Sótano 1, Local 37, Urb. Parque Humboldt, Caracas.', 'omnicontrol@cantv.net', 'María Gómez', 1, 67, NULL, NULL),
(935, 'PRO-935', 'Juridico', '296537453', 'VN GROUP 3000, C.A.', '02127614834/02127628036', 'Calle Union y Villaflor CC City Market Nivel Plaza Local L-147 Urb Sabana Grande. Caracas', 'n/a', 'Francisco', 1, 24, NULL, NULL),
(936, 'PRO-936', 'Juridico', '404153942', 'Multiservicios Joyca 1213, C.A.', 'N/A', 'N/A', 'jonathanseijas@gmail.com', NULL, 1, 21, NULL, NULL),
(937, 'PRO-937', 'Natural', '11234057', 'Amelie Acosta', '00000000000000', '00000000000000', NULL, NULL, 1, 5, NULL, NULL),
(938, 'PRO-938', 'Juridico', '301586026', 'Tornivensa, C.A.', '02512690542', 'Zona Insdustrial III Calle \"D\" con carrera 2A Barquisimeto/ Edo. Lara', 'tornivensa@gmail.com', 'Maria Eugenia', 1, 11, NULL, NULL),
(939, 'PRO-939', 'Natural', '10283433', 'Ricardo Alvarez', '02126315080', 'Caracas. El Cementerio.', 'n/a', 'Ricardo Alvarez', 1, 21, NULL, NULL),
(940, 'PRO-940', 'Natural', '14142074', 'Carlos Rangel', '04142834748', 'Caracas.', 'crangel.net@gmail.com', 'Carlos Rangel', 1, 2, NULL, NULL),
(941, 'PRO-941', 'Natural', '17256586', 'Yorvi Daniel Garcia Garcia', '04143402826', 'Coro-Morón', 'n/a', 'Yorvi Daniel', 1, 70, NULL, NULL),
(942, 'PRO-942', 'Natural', '13747398', 'Luz Maria Carmona', 'n/a', 'n/a', 'n/a', 'Miguel Gamboa', 1, 21, NULL, NULL),
(943, 'PRO-943', 'Natural', '3832889', 'CARMEN CHIRINOS', '0414639952', 'URB. VILLACRUZ', 'solfaca@yahoo.es', 'Luis Acosta', 1, 3, NULL, NULL),
(944, 'PRO-944', 'Natural', '13724380', 'Victor Pire', '04246390496', 'Coro-Morón', 'jusesincera@hotmail.com', 'Victor Pire', 1, 27, NULL, NULL),
(945, 'PRO-945', 'Juridico', '000894370', 'Servicios Generales La Victoria C.A', '02443213134/02443213620', 'Zona Industrial La Mora Calle A Lote C parcela #4. La Victoria Edo. Aragua', 'sergeca@cantv.net', 'Carlos Pereyra', 1, 20, NULL, NULL),
(946, 'PRO-946', 'Natural', '12179719', 'Angel Gallardo', '04246390446', 'SINBOCONFAL', 'JUSESINCERA@HOTMAIL.COM', 'Victor Pire', 1, 27, NULL, NULL),
(947, 'PRO-947', 'Natural', '9515157', 'José Darío Rizco Martinez', '04260620990', 'Sector Buchivacoa', NULL, 'José Darío', 1, 8, NULL, NULL),
(948, 'PRO-948', 'Natural', '20051618', 'Douglas Villarroel', '0', 'EL JUNQUITO', NULL, NULL, 1, 1, NULL, NULL),
(949, 'PRO-949', 'Natural', '19606769', 'Adrian Andrade', '04143986776', 'Caracas', 'adriana@gmail.com', 'Adrian Andrade', 1, 71, NULL, NULL),
(950, 'PRO-950', 'Natural', '15459508', 'Cesar Augusto Hernandez', '04263008563', 'Coro', NULL, 'Cesar Hernandez', 1, 2, NULL, NULL),
(951, 'PRO-951', 'Juridico', '31498057', 'ASOCIACION COOPERATIVA SOLFAOCIVIL R.L.', '04246153750/04146398952/02684162849', 'CALLE DEMOCRACIA LOCAL CONJUNTO RESIDENCIAL VILLA LUZ N°14 SECTOR CENTRO CORO', 'solfaca@hotmail.com', 'Luis Acosta', 1, 3, NULL, NULL),
(952, 'PRO-952', 'Natural', '16552109', 'Sergio Lopera', '02435511325/0034622493713', 'Maracay.', 'Correo Mercado Libre', 'Sergio L.', 1, 21, NULL, NULL),
(953, 'PRO-953', 'Natural', '16591442', 'Juan Rodriguez ', '04149950100', 'Turmero.', 'n/a', 'Miguel Gamboa.', 1, 47, NULL, NULL),
(954, 'PRO-954', 'Juridico', '295225784', 'NB.ARQUITECTURA,C.A.', '021263869802', 'EL MARQUES', 'juliobianchi@gmail.com', 'Julio Bianchi', 1, 7, NULL, NULL),
(955, 'PRO-955', 'Natural', '17558295', 'Gloria Rodriguez', '04241374632', 'S/N', NULL, NULL, 1, 27, NULL, NULL),
(956, 'PRO-956', 'Natural', '13247314', 'JOSE OJEDA', '02122679013', 'Caracas', 'joseo25_1@hotmail.com', 'Jose Ojeda', 1, 24, NULL, NULL),
(957, 'PRO-957', 'Natural', '20180626', 'Efren Barrios', '04145841960', 'Valencia', 'efren_b_20@hotmail.com', 'Efren B.', 1, 21, NULL, NULL),
(958, 'PRO-958', 'Juridico', '400660017', 'Disuserca ', '02617374435/04146542291/04248407270', 'CALLE 204C CASA N° 47L-44 URB. EL SOLER SAN FRANCISCO - MARACAIBO, ESTADO ZULIA', 'disusercajd@hotmail.com', 'Jesus Espina', 1, 13, NULL, NULL),
(959, 'PRO-959', 'Natural', '6225810', 'Randolf Ramirez', '04165019020', 'Caracas', NULL, NULL, 1, 1, NULL, NULL),
(960, 'PRO-960', 'Juridico', '401846882', 'Distribuidora ACS, 2012 C. A.', '02122661761/5907', 'Calle Miranda entre José Félix Rivas y Urdaneta edificio Elvira planta baja local 3 Chacao', 'distodotoner@gmail.com', 'Jhonny Santana', 1, 24, NULL, NULL),
(961, 'PRO-961', 'Juridico', '402980299', 'TBT XXI Asesores Gerenciales, CA,', '0412-2799659', 'LOS PALOS GRANDES', ' tributumxxi@gmail.com', NULL, 1, 24, NULL, NULL),
(962, 'PRO-962', 'Natural', '5670132', 'Jose Delgado', '04141370327', 'Altamira. ', 'n/a', 'Jose Delgado', 1, 2, NULL, NULL),
(963, 'PRO-963', 'Natural', '9169788', 'Yazmine Bertoni  Luque', '02122679013', 'Caracas', NULL, NULL, 1, 24, NULL, NULL),
(964, 'PRO-964', 'Natural', '18031580', 'Rommel Alexander Barrios Rodriguez', '04128453376', 'El Cementerio', 'n/a', 'Rommel', 1, 2, NULL, NULL),
(965, 'PRO-965', 'Natural', '16663859', 'Douglas Vargas', '04149102584', 'Los Teques', 'dougvar@gmail.com', 'Douglas Vargas', 1, 33, NULL, NULL),
(966, 'PRO-966', 'Natural', '16813639', 'GLOMARY BORJAS', '000000000000', '00000000000000000000000', NULL, NULL, 1, 1, NULL, NULL),
(967, 'PRO-967', 'Natural', '9515026', 'Ramón Antonio Díaz Morales', '04246580584', 'Dabajuro', NULL, 'Ramón Díaz', 1, 62, NULL, NULL),
(968, 'PRO-968', 'Juridico', '312653728', 'GRUPO PERFILAB', '2840703', 'LOS PALOS GRANDES', NULL, NULL, 1, 26, NULL, NULL),
(969, 'PRO-969', 'Natural', '19224677', 'Yoel Alejandro Barrios Rodriguez', '02128800088', 'El Cementerio', 'n/a', 'Yoel B.', 1, 2, NULL, NULL),
(970, 'PRO-970', 'Natural', '6332644', 'Sonia Duarte', '0000000000000000', '0000000000000000000', NULL, NULL, 1, 5, NULL, NULL),
(971, 'PRO-971', 'Natural', '060066384', 'JOSE GREGORIO ALVIAREZ RUIZ', '04162118346 ', 'Guatire urb la rosasector la montaña edif c piso 1 apto c 2', 'jose18@gmail.com', 'ose aldaris', 1, 71, NULL, NULL),
(972, 'PRO-972', 'Natural', '25429670', 'Alexandra Moya', '04167113868', 'Caracas', 'n/a', 'Alexandra', 1, 2, NULL, NULL),
(973, 'PRO-973', 'Juridico', '305494983', 'HOTELES CUMBERLAND', '0000000000000000000', '7619962', NULL, NULL, 1, 25, NULL, NULL),
(974, 'PRO-974', 'Gubernamental', '200001747', 'Alcaldia del Municipio Mellado', '(0246)616.3046/3530/3653/3437', 'Fte.Plaza Bolívar, Ca.fraternidad, El Sombrero', 'orlandohalcaldemellado@hotmail.com', 'Jesús Flores', 1, 61, NULL, NULL),
(975, 'PRO-975', 'Natural', '10078269', 'VISELA RODRIGUEZ', '0000000000000000', 'YARE', NULL, NULL, 1, 27, NULL, NULL),
(976, 'PRO-976', 'Natural', '16599765', 'NORBELYS GOMEZ', '00000000000000', '00000000000000000000000', NULL, NULL, 1, 5, NULL, NULL),
(977, 'PRO-977', 'Natural', '23410326', 'Saul Parra', '04242038270', 'Las Mercedes. Caracas', 'Esaulmp25@gmail.com', 'Saul', 1, 2, NULL, NULL),
(978, 'PRO-978', 'Juridico', '402908164', 'MUNDO INDUSTRIAL FERRETERO MUINFERCA, C.A', '0281-2719945', 'n/a', 'muinferca@gmail.com', 'Niorkys Moreno', 1, 11, NULL, NULL),
(979, 'PRO-979', 'Natural', '17438953', 'JEINNA IZQUIERDO', 'n/a', 'n/a', NULL, 'Niorkys Moreno', 1, 11, NULL, NULL),
(980, 'PRO-980', 'Juridico', '315303701', 'Metroeconómica C.A.', '00000000000000000000', 'CARACAS', 'foros@ecoanalitica.net', 'Karely Garrido', 1, 25, NULL, NULL),
(981, 'PRO-981', 'Juridico', '406405671', 'CONSTRUCCIONES & SERVICIOS MAPARI, C.A', '04246725960', 'Av. Avenida 58 CC Centro comercial amparo nivel pb ocal 1 Sector Amparo Maracaibo Zulia ', 'd.ervin@hotmail.es', 'Derwin Mapari', 1, 38, NULL, NULL),
(982, 'PRO-982', 'Natural', '9076067', 'ASCANIO JOSE GUTIERREZ', '04169806148', 'ARAGUA DE BARCELONA', NULL, NULL, 1, 27, NULL, NULL),
(983, 'PRO-983', 'Natural', '11899867', 'HECTOR ANTONIO DURAN PIÑANGO', '0000000000000', '00000000000000000', NULL, NULL, 1, 27, NULL, NULL),
(984, 'PRO-984', 'Juridico', '406829447', 'CONSTRUHOGAR PB C.A.', '0212 2276560  /  0426 4020884', 'Caracas', 'construhogarb@gmail.com', 'Juan Manuel Perez', 1, 38, NULL, NULL),
(985, 'PRO-985', 'Natural', '14750156', 'Luis Ornelas', '04145303056', 'Caracas', NULL, 'Luis Ornelas', 1, 24, NULL, NULL),
(986, 'PRO-986', 'Natural', '20045248', 'Karen Molina', '04145303056', 'Barquisimeto', ' k-alexsandra@hotmail.com', 'Luis Ornelas', 1, 24, NULL, NULL),
(987, 'PRO-987', 'Juridico', '304240104', 'NJ Seguridad, C.A.', '02122346981/9356981', 'Calle el Carmen, Edif. Centro Dos Caminos, PB,  Local 1, Dos caminos, Caracas.', 'njseguridad@gmail.com', 'Nelson Tirado', 1, 35, NULL, NULL),
(988, 'PRO-988', 'Juridico', '296803960', 'Constructora REYVER,C.A. ', '04241282253/04241024220', 'Charallave', 'constructorareyverca@gmail.com ', 'Reinaldo Gomez', 1, 37, NULL, NULL),
(989, 'PRO-989', 'Juridico', '296300810', 'Distribuidora Sanchez Lizarazo E Hijos, C.A.', '02125612514', 'Caracas', NULL, NULL, 1, 24, NULL, NULL),
(990, 'PRO-990', 'Juridico', '313362948', 'SERVITEBCA SERVICIOS DE TRANSFERENCIA ELECTRONICA DE BENEFICIOS C.A', '(0212) 240-5111', 'Caracas', NULL, NULL, 1, 24, NULL, NULL),
(991, 'PRO-991', 'Juridico', '20554123', 'Wilmer Nazareth Bogarin', '0424-9592977', 'Filas de Mariche', 'wilmer1192@hotmail.com', 'Wilmer Bogarin', 1, 13, NULL, NULL),
(992, 'PRO-992', 'Natural', '18871138', 'Moises Guerra', '(0414)9908974', 'Caracas', 'ing.moisesguerra@gmail.com', 'Moises Guerra', 1, 5, NULL, NULL),
(993, 'PRO-993', 'Juridico', '075601840', 'DE ESTACIÓN EL CONSEJO, S.A.', '0244-4002724 / 0424-3188685', 'EL CONSEJO ESTADO ARAGUA', NULL, NULL, 1, 24, NULL, NULL),
(994, 'PRO-994', 'Juridico', '312944072', 'HOTEL MANAURINA', '02794163360', 'DABAJURO EDO FALCON', NULL, 'ALIRIO GONZALEZ/ KEILA GONZALEZ', 1, 24, NULL, NULL),
(995, 'PRO-995', 'Natural', '9519612', 'José Diaz', '04146871092', 'Dabajuro-coro', NULL, 'José diaz', 1, 3, NULL, NULL),
(996, 'PRO-996', 'Gubernamental', '200001941', 'Alcaldia de Chacao', '02122679013', 'Caracas', NULL, NULL, 1, 24, NULL, NULL),
(997, 'PRO-997', 'Juridico', '405997524', 'Tu Van Ejecutiva high Services', '04123975887', 'Caracas', NULL, NULL, 1, 2, NULL, NULL),
(998, 'PRO-998', 'Natural', '17372850', 'Felix Yanez', '04248849626', 'pto la cruz', NULL, NULL, 1, 15, NULL, NULL),
(999, 'PRO-999', 'Natural', '19965912', 'MADELEINE DOMINGUEZ', '04264144815', 'CARACAS', NULL, 'MADELEINE DOMINGUEZ', 1, 24, NULL, NULL),
(1000, 'PRO-1000', 'Natural', '8769750', 'Luisa Elena Olivo', '04243460827', 'El sombrero, Urb. el turpial calle 3 casa #33-60', 'luisa.elen66@hotmail.com', 'Luisa Olivo', 1, 3, NULL, NULL),
(1001, 'PRO-1001', 'Juridico', '306262547', 'Inversiones Extraenergia, C.A.', '02126618828-6901482', 'Santa Mónica Av Cristobal Rojas, Qta violeta, Plata baja', 'fbolivar@extraenergia.com', 'Francisco Bolivar', 1, 6, NULL, NULL),
(1002, 'PRO-1002', 'Juridico', '404970312', 'INVERSIONES JORG & DAVE 2009,C.A', '02122272757', 'Av.Fuerzas Armadas Edf. Elisse PB', 'inversionesjd2009@hotmail.com', 'Andres Guzman', 1, 13, NULL, NULL),
(1003, 'PRO-1003', 'Natural', '20637931', 'DAHIZE LEPAGE', 'O4140844377', 'El Junquito', 'dahize_vic17@hotmail.com', 'DAHIZE LEPAGE', 1, 57, NULL, NULL),
(1004, 'PRO-1004', 'Natural', '7909745', 'Hector Gonzalez', '02122679013', 'Caracas', 'hectormalgonzalez@hotmail.com', 'Hector Gonzalez', 1, 24, NULL, NULL),
(1005, 'PRO-1005', 'Natural', '6827830', 'Jose moncada', '04242667007', 'Ccs', 'leomoncada62@gmail.com', 'Jose Moncada', 1, 2, NULL, NULL),
(1006, 'PRO-1006', 'Natural', '148925026', 'LOLY ASSUNTA SORONDO', '04242174540', 'AV JOSE ANTONIO PAEZ EDIF VILLA PARAISO PISO 16 URB PARAISO CCS', 'aquarelladelicateses@gmail.com]', 'Loly Sorondo ', 1, 72, NULL, NULL),
(1007, 'PRO-1007', 'Natural', '6844917', 'Jose Manuel Gonzalez', '04125564665', 'ccs', 'inversionesgonpal@gmail.com', 'José Gonzalez', 1, 13, NULL, NULL),
(1008, 'PRO-1008', 'Natural', '17804853', 'EDGAR ALEXANDER REYES SOTO', '0424-6174528', 'ccs', 'reysotca@gmail.com', 'Edgar reyes', 1, 37, NULL, NULL),
(1009, 'PRO-1009', 'Natural', '22034554', 'Yerin Morillo ', '04242176405', 'Santa Monica', 'n/a', 'Jerry ', 1, 2, NULL, NULL),
(1010, 'PRO-1010', 'Natural', '23340296', 'Gerson Campos', '04149101726', 'Petare, Miranda', 'gersoncampos@gmail.com', 'Gerson Campos', 1, 57, NULL, NULL),
(1011, 'PRO-1011', 'Juridico', '408530058', 'Inversiones Morgado 0515, C.A.', '0416-6317117', 'CARACAS', 'inversionesmorgado0515@gmail.com', 'Andrey Morgado', 1, 15, NULL, NULL),
(1012, 'PRO-1012', 'Natural', '12897692', 'María Teresa Olivo', '04144511413', 'El sombrero', 'luisa.elen66@hotmail.com', 'Luisa Olivo', 1, 8, NULL, NULL),
(1013, 'PRO-1013', 'Natural', '16674340', 'Erwis Alfredo Romero', '04167272544', 'caracas', NULL, NULL, 1, 2, NULL, NULL),
(1014, 'PRO-1014', 'Natural', '13340977', 'RUDY MILANO', '00000000000000', 'ZARAZA', NULL, NULL, 1, 27, NULL, NULL),
(1015, 'PRO-1015', 'Natural', '17060281', 'Carlos Garcia', '04167196300', 'Caricuao', 'carlos.garcia.correa@hotmail.com', 'Carlos', 1, 2, NULL, NULL),
(1016, 'PRO-1016', 'Natural', '18292235', 'Franklin Maya', '0412-0663837', 'Troncal 03, vía Falcon - Zulia, Entrada diagonal al restaurant Don Facho ', NULL, 'Marbelis Garcia', 1, 50, NULL, NULL),
(1017, 'PRO-1017', 'Natural', '10491849', 'Lourdes Mary Luzon Zapata', '04124367203', 'Zaraza', NULL, 'Lourdes', 1, 8, NULL, NULL),
(1018, 'PRO-1018', 'Natural', '16265986', 'Jhon Zambrano', '000000000000000', '000000000000000000000', 'jzambrano@jhcp.com', '00000000000000000000', 1, 1, NULL, NULL),
(1019, 'PRO-1019', 'Juridico', '308354813', 'EDC NETWORK COMUNICACIONES SCS', '0212-5023409', 'Av.Vollmer entre Av. Caracas y Av. Alameda, Edif. Centro Empresarial de Caracas, Piso 11, Of. S/N Urb. San Bernardino, Caracas, Venezuela.', 'edcnetworkcomunicaciones@gmail.com', 'Francisco Ramirez', 1, 49, NULL, NULL);
INSERT INTO `proveedor` (`id`, `proveedor_codigo`, `proveedor_tipo`, `proveedor_rif`, `proveedor_nombre`, `proveedor_telefono`, `proveedor_direccion`, `proveedor_correo`, `proveedor_contacto`, `proveedor_estado`, `suministro_id`, `created_at`, `updated_at`) VALUES
(1020, 'PRO-1020', 'Juridico', '401669174', 'Hermanos Quiñones Salazar y Asociados, C.A.', '+58 0212-415-4740', 'Caracas', 'info@psygroup.com', NULL, 1, 26, NULL, NULL),
(1021, 'PRO-1021', 'Natural', '17329004', 'JORGE LUIS BARRIENTOS CONDE', '04267489323', 'SAN DIEGO', NULL, NULL, 1, 1, NULL, NULL),
(1022, 'PRO-1022', 'Natural', '16813907', 'Enzo Chiesa Trujillo', '04241157496', 'Oripoto', NULL, 'Enzo Trujillo', 1, 38, NULL, NULL),
(1023, 'PRO-1023', 'Natural', '8674152', 'Otilio Ramon Mercado Arraez', 'no tiene', 'no tiene', 'no tiene', 'Otilio Ramon Mercado Arraez', 1, 8, NULL, NULL),
(1024, 'PRO-1024', 'Juridico', '000380120', 'Cámara Venezolana de la Construcción', '02122622245', 'Altamira Caracas', 'cvc.oabboud@gmail.com', NULL, 1, 26, NULL, NULL),
(1025, 'PRO-1025', 'Natural', '18128397', 'Hector Caballero', '04140223097', 'Cua', 'fastsolutionshnc.a@gmail.com', 'Antoine ', 1, 57, NULL, NULL),
(1026, 'PRO-1026', 'Juridico', '401069339', 'Inversiones Innobeat 123 C.A,', '0212 6934245 | 0212 6934782', 'Los chaguaramos valle abajo local 1 Mun. Libertador (Centro) - Distrito Capital', 'n/a', 'n/a', 1, 6, NULL, NULL),
(1027, 'PRO-1027', 'Juridico', '20951975', 'IVSS- Procedimiento de Multa', '0000000', 'Chacao-Caracas', NULL, NULL, 0, 25, NULL, NULL),
(1028, 'PRO-1028', 'Juridico', '15700269', 'ENDRINA YERENA', '000000000', 'CARACAS', NULL, NULL, 1, 24, NULL, NULL),
(1029, 'PRO-1029', 'Natural', '15395753', 'Jesús Ramirez', '04122602012', 'Caracas', 'jesus.ramirez@jhcp.com', NULL, 1, 1, NULL, NULL),
(1030, 'PRO-1030', 'Natural', '17686711', 'Julio Padilla', 'ooooo', 'no tiene', 'no tiene', 'Julio Padilla', 1, 38, NULL, NULL),
(1031, 'PRO-1031', 'Natural', '24723079', 'Jhonder Larez', '000000000', '00000000000', NULL, NULL, 1, 5, NULL, NULL),
(1032, 'PRO-1032', 'Natural', '23639903', 'Jean Bracho', '0000000000', '00000000000000', NULL, NULL, 1, 5, NULL, NULL),
(1033, 'PRO-1033', 'Juridico', '294009298', 'U.E. San Francisco de Sales', '02122679013', 'Porlamar', NULL, NULL, 1, 24, NULL, NULL),
(1034, 'PRO-1034', 'Juridico', '406425524', 'Inversiones GF3000, C.A.', '0212-7630838', 'Av. Santos Erminy, entre Av. Francisco Solano y Plaza de las Delicias de Sabana Grande, edificio Park Side, PB Oficina 4, Sector Sabana Grande', 'ventasgfss@gmail.com', 'Jennyfer Ramirez', 1, 24, NULL, NULL),
(1035, 'PRO-1035', 'Gubernamental', '200006013', 'Alcaldia de Baruta', '02129061442', 'boulevar Córdoba entre plaza bolivar y plaza el Cristo, casco de baruta ', 'no tiene', NULL, 1, 61, NULL, NULL),
(1036, 'PRO-1036', 'Natural', '22035944', 'Taynui Valdez', '04242536295', 'El Junquito', NULL, NULL, 1, 5, NULL, NULL),
(1037, 'PRO-1037', 'Juridico', '302697859', 'Condominio torre b y centro comercial', '000000', 'Santa Paula', 'no tiene', 'Sra. Yolanda', 1, 23, NULL, NULL),
(1038, 'PRO-1038', 'Natural', '24758242', 'Josmahir Delgado ', '04164197178', 'Ccs', 'ldmvzla@hotmail.com', 'Josmahir Delgado', 1, 24, NULL, NULL),
(1039, 'PRO-1039', 'Natural', '17388818', 'Luis Vargas', 'n/a', 'Coro Dabajuro', 'n/a', 'Personal en Campo', 1, 5, NULL, NULL),
(1040, 'PRO-1040', 'Juridico', '10219565', 'Juan José Rodríguez', '0212.8166437 0212.3172105', 'Centro Comercial Doral Baralt (Ladrillos Rojos) Local 186-187 PLANTA BAJA, NO HAY QUE SUBIR ESCALERAS, Av. Baralt, entre las Esquinas El Carmen y Bucare, frente al Hotel Líder, a media cuadra del Instituto Nacional de Nutrición, A cuadra y media del ', NULL, 'Juan Rodríguez', 1, 24, NULL, NULL),
(1041, 'PRO-1041', 'Natural', '13910336', 'Williams Díaz', 'No tiene', 'Coro dabajuro', 'no tiene', 'Miguel Gamboa', 1, 47, NULL, NULL),
(1042, 'PRO-1042', 'Natural', '22047412', 'Edwin Salazar', '04148990229', 'Chacao. ', 'n/a', 'Jorge Cauchera Pirelli', 1, 21, NULL, NULL),
(1043, 'PRO-1043', 'Natural', '21136709', 'Betsabeth Barrientos', '04267489323', 'Valencia', 'betsabarrientos@gmail.com', 'Jorge Barrientos', 1, 71, NULL, NULL),
(1044, 'PRO-1044', 'Natural', '15200047', 'Rafael Perez', '04142482400', 'Santa Monica', 'n/a', 'Rafael', 1, 2, NULL, NULL),
(1045, 'PRO-1045', 'Natural', '6214906', 'Belkis Correa', '04263159632', 'Catia Av Bolivar', NULL, NULL, 1, 5, NULL, NULL),
(1046, 'PRO-1046', 'Natural', '25280407', 'Margarita delgado', '0212-9534040', 'ccs', 'teletaxicaracas@gmail.com', 'Marcos Rivas', 1, 2, NULL, NULL),
(1047, 'PRO-1047', 'Natural', '18768836', 'Luis Eduardo Diaz Rodriguez', 'n/a', 'Coro Dabajuro', 'n/a', 'Omar Risales', 1, 2, NULL, NULL),
(1048, 'PRO-1048', 'Natural', '18199885', 'Freddy Javier Mujica ', 'n/a', 'Falcon. ', 'josana-katiela@hotmail.com', 'Omar Risales', 1, 8, NULL, NULL),
(1049, 'PRO-1049', 'Natural', '11818183', 'Anselmo Gonzalez ', 'n/a', 'n/a', 'n/a', 'Hector Rodriguez', 1, 25, NULL, NULL),
(1050, 'PRO-1050', 'Juridico', '842848981', 'SERPRO 2011 FP', '04264130449', 'AV UNIERSIDAD ENTRE PERICO Y MONRROY EDIFICIO LA METROPILITANA TORRE B PISO 9 92B', NULL, 'serpro20-11@hotmail.com', 1, 57, NULL, NULL),
(1051, 'PRO-1051', 'Juridico', '294461956', 'Roker, C.A', '02122644655', 'C/ \"E\" Parque Ind. Manuel Olivares Betancourt, Galpon 83 Zona Industrial San Vicente 2, Maracay Edo Aragua.', 'roke.ca@gmail.com', 'Katiuska Antelo', 1, 13, NULL, NULL),
(1052, 'PRO-1052', 'Natural', '9149857', 'Franklin Fernandez', '0000000000000', '0000000000000', NULL, NULL, 1, 5, NULL, NULL),
(1053, 'PRO-1053', 'Natural', '22350139', 'Kevin Guerrero', '04122178462', 'Chacao. ', 'kevinguerrero1985@hotmail.com', 'Kevin', 1, 2, NULL, NULL),
(1054, 'PRO-1054', 'Natural', '1737978', 'Victor A. Ducharne Nones', '04123214186', 'MEDE', NULL, NULL, 1, 50, NULL, NULL),
(1055, 'PRO-1055', 'Natural', '13668040', 'FRANK FIGUEROA', '04248605398', 'PORLAMAR', NULL, 'FRANK FIGUEROA', 1, 57, NULL, NULL),
(1056, 'PRO-1056', 'Natural', '9063948', 'Elio Hernandez', '02125197070', 'Caracas', 'eliohernande@hotmail.com', 'Elio Hernandez', 1, 2, NULL, NULL),
(1057, 'PRO-1057', 'Natural', '17489645', 'ALEJANDRO ACEITUNO', '000000', 'PRADO DE MARIA', NULL, NULL, 1, 1, NULL, NULL),
(1058, 'PRO-1058', 'Juridico', '294004644', 'Corp.Acme.Com.Ve. C.A', '4716572  - 4722058 - 4726296  ', 'CALLE 12 QTA. CAUJARITO FRENTE AL COMANDO DE LA P.M.Urb VISTA ALEGRE', 'corpacme@hotmail.com', 'david millan', 1, 24, NULL, NULL),
(1059, 'PRO-1059', 'Natural', '12932297', 'OMAR BLANCO', '04168006047', '000000000000000000000000', NULL, NULL, 1, 5, NULL, NULL),
(1060, 'PRO-1060', 'Juridico', '', 'Corp.Acme.Com.Ve', '00000', 'Caracas', NULL, NULL, 0, 6, NULL, NULL),
(1061, 'PRO-1061', 'Juridico', '404846590', 'Multiservicios KASP Network', '04166090905', 'Av. Casanova con calle el Colegio ', 'kelvinsanchez76@gmail.com', 'Kelvin Sanchez', 1, 13, NULL, NULL),
(1062, 'PRO-1062', 'Juridico', '409035018', 'Graficas Esser C.A', '02122630101', 'Chacao', 'operaciones2@essercreativos.com', 'Pedro Tovar', 1, 24, NULL, NULL),
(1063, 'PRO-1063', 'Juridico', '302126541', 'Inversiones Pesce JF, C.A.', '02126341859', 'Calle Guatemala Qta. Nelly P.B Las Acacias.', 'info@tumayorferretero.com', 'Alejandro Garcia', 1, 13, NULL, NULL),
(1064, 'PRO-1064', 'Juridico', '317326202', 'AUTO SERVICIOS EXCELENCIA 611 CA', '02122381329', 'LA CALIFORNIA NORTE', 'AUTOSERVICIOSEXCELENCIA@GMAIL.COM', NULL, 1, 73, NULL, NULL),
(1065, 'PRO-1065', 'Natural', '18132956', 'Carlos Perez', '04142162562', '04142162562', 'carlosperez1524@hotmail.com', 'Carlos Perez', 1, 74, NULL, NULL),
(1066, 'PRO-1066', 'Juridico', '3166332810', 'Creaciones Squimo C.A', '02123711901', 'Av Bolivar C.C San Antonio', 'creacionesquimo@gmail.com', 'Juan Carlos Rojas', 1, 35, NULL, NULL),
(1067, 'PRO-1067', 'Natural', '17861510', 'Luis Sandoval', '04167894356', 'Catia', 'luissandoval@hotmail.com', 'Luis Sandoval ', 1, 13, NULL, NULL),
(1068, 'PRO-1068', 'Natural', '19466889', 'Franklin Argenis Castañeda', '04169492313', 'Coro-Morón', NULL, 'Argenis Morillo', 1, 8, NULL, NULL),
(1069, 'PRO-1069', 'Juridico', '402150121', 'Grupo LAN 2013 C.A', '04149384545', 'Carretera Nacional Charallave Cua. Urb Industrial Rio Tuy. Parcela 148', 'ventasgrupolan2013@gmail.com', 'Angel Vasquez', 1, 6, NULL, NULL),
(1070, 'PRO-1070', 'Juridico', '298085320', 'INVERSIONES CUICAUCHOS JAS CA', '02126822249', 'Carretera La Mariposa Urb. Turmerito', 'cuicaucho@gmail.com', NULL, 1, 75, NULL, NULL),
(1071, 'PRO-1071', 'Natural', '13140807', 'Melquiades Urquia', '04141264096', 'Parroquia Altagracía San Bernardino', 'globalmil204@gmail.com', 'Melquiades', 1, 24, NULL, NULL),
(1072, 'PRO-1072', 'Natural', '17049052', 'Betzibeth Balza', '04142718645', 'Las Adjuntas', 'betzibethbalza@gmail.com', 'Betzi', 1, 24, NULL, NULL),
(1073, 'PRO-1073', 'Natural', '13688568', 'Vianney Garcia', '000000', 'Caracas', NULL, 'Vianney Garcia', 1, 21, NULL, NULL),
(1074, 'PRO-1074', 'Natural', '14202196', 'David Martinez', '04125950082', 'Caracas', 'davidjosemartinez1976@hotmail.com', 'David Martinez', 1, 76, NULL, NULL),
(1075, 'PRO-1075', 'Natural', '17025951', 'Harold Palenzuela', '04120468895/ 04244248918', 'Las Adjuntas', 'n/a', 'Harold', 1, 76, NULL, NULL),
(1076, 'PRO-1076', 'Natural', '23346687', 'Fhergie Menendez', '000000000000', 'Margarita', NULL, NULL, 1, 5, NULL, NULL),
(1077, 'PRO-1077', 'Natural', '19129100', 'Ivan Salas', '02392246291', 'Ocumare del Tuy', NULL, NULL, 1, 1, NULL, NULL),
(1078, 'PRO-1078', 'Natural', '19720873', 'Wiliam Graterol ', '04143567431', 'El Valle. Caracas', 'n/a', 'Wiliam', 1, 75, NULL, NULL),
(1079, 'PRO-1079', 'Natural', '18583942', 'Luis Suarez', '04149456825', 'Corocito', 'n/a', 'Mayerling Paez', 1, 5, NULL, NULL),
(1080, 'PRO-1080', 'Natural', '18929060', 'Jesus Moreno', '04143929220', 'Acarigua', 'no tiene ', 'Marcos Longo', 1, 72, NULL, NULL),
(1081, 'PRO-1081', 'Natural', '6191737', 'Carlos Troccoli', 'n/a', 'caracas', 'Troccoli65@gmail.com', 'Carlos', 1, 73, NULL, NULL),
(1082, 'PRO-1082', 'Natural', '15507232', 'Darwin Luna', '04141244966', 'Caracas', 'n/a', 'Darwin ', 1, 5, NULL, NULL),
(1083, 'PRO-1083', 'Juridico', '315357992', 'Inversiones Santos 8186 C.A', '04241603532', 'Sector San Miguel Cua Edo Miranda', 'inversionessantos8186@gmail.com', 'Miguel G', 1, 21, NULL, NULL),
(1084, 'PRO-1084', 'Natural', '14046877', 'Haylan Lopez', '04242190986', 'paso real', 'haylan.lopez@gmail.com.', 'HAYLAN', 1, 5, NULL, NULL),
(1085, 'PRO-1085', 'Juridico', '301859375', 'Copicentro C.A', '02122837957/02122837954', 'Av. Francisco de Miranda, Centro Plaza Nivel C3 Local CC3-92N/S Los Palos Grandes.', 'copicentro@podergrafico.com', 'Abraham', 1, 24, NULL, NULL),
(1086, 'PRO-1086', 'Gubernamental', '200044772', 'ALCALDÍA MUNICIPIO SIMÓN BOLIVAR', '02397164080', 'YARE.EDO MIRANDA', 'HACIENDAB@GMAIL.COM', 'HACIENDA MUNICIPAL', 1, 61, NULL, NULL),
(1087, 'PRO-1087', 'Natural', '16542211', 'Jorge Ferreira', 'n/a', 'Mamera', 'n/a', 'Jorge', 1, 76, NULL, NULL),
(1088, 'PRO-1088', 'Natural', '12175535', 'Danilo Romero', '04263055398', 'Coro', 'n/a', 'Danilo', 1, 5, NULL, NULL),
(1089, 'PRO-1089', 'Juridico', '300650197', 'Calzados Sicura, C.A.', '0212 3412315 0212 3412278', 'Calle la Mura con calle privada, Galpon A, El Marques Abajo Guatire. Edo. Miranda', 'cxcobrar@sicura.com.ve', 'Erick Pereira', 1, 19, NULL, NULL),
(1090, 'PRO-1090', 'Juridico', '001820116', 'Condominio Multicentro Empresarial del Este', '02122651728', 'Multicentro Empresarial del Este PB', 'condominiomee@cantv.net', 'Ing Luis Urosa', 1, 23, NULL, NULL),
(1091, 'PRO-1091', 'Juridico', '405403659', 'Inversiones AFHELI K.J.G. s.a.', '04267041917', 'Caracas', NULL, NULL, 1, 76, NULL, NULL),
(1092, 'PRO-1092', 'Juridico', '000828997', 'El Paraiso de las Alfombras, C.A.', '9536648', 'Avenida Alameda, Esq. Avenida Libertador, Edificio Folgana, El Rosal, Caracas.', 'epal01@hotmail.com', 'Orlando Agüero', 1, 78, NULL, NULL),
(1093, 'PRO-1093', 'Natural', '7956901', 'Luis Palacios', '04143153744', 'Distrito Capital, Caracas, Av. Orinoco, entre, Cl. Caroní Y Tacagua, Edificio River Suite, Nivel P.H, Local N/A, Urbanización Bello Monte', 'luispalacio67@gmail.com', 'Tele Taxi', 1, 2, NULL, NULL),
(1094, 'PRO-1094', 'Natural', '4881648', 'Jesus Salvatierra', '04125562879', 'n/a', 'n/a', 'Jesus S.', 1, 2, NULL, NULL),
(1095, 'PRO-1095', 'Natural', '11029601', 'Lenin Escobar', '04122630988', 'Chacao', 'n/a', 'Freddy Castro', 1, 2, NULL, NULL),
(1096, 'PRO-1096', 'Natural', '15578214', 'Royer Morales', '04141341585', 'Caracas', 'Rmorales80@hotmail.com', NULL, 1, 71, NULL, NULL),
(1097, 'PRO-1097', 'Natural', '14129299', 'Edwin Espinoza', '04241536982', 'Maracay', 'edwinespinoza59@gmail.com', 'Edwin E.', 1, 13, NULL, NULL),
(1098, 'PRO-1098', 'Natural', '11037653', 'José Gregorio Cherubini', 'N/A', 'Valencia', NULL, 'José Gregorio Cherubini', 1, 2, NULL, NULL),
(1099, 'PRO-1099', 'Juridico', '303267742', 'Telecomunicaciones J3G, C.A.', '02126623897/ 04166065712', 'Calle Bellas Artes, quinta Carmen, Los Chaguaramos', 'jgonzalez@tj3g.com', 'Jose Gregorio González', 1, 36, NULL, NULL),
(1100, 'PRO-1100', 'Natural', '16378345', 'Hector Jose Torres', '0212 9533737 / 953480', 'El Rosal', 'epal01@hotmail.com', 'Sr Orlando', 1, 78, NULL, NULL),
(1101, 'PRO-1101', 'Juridico', '310596468', 'Inversiones Jaleoh 1816, C.A.', '02129589580', 'Av. Ppal. De las Mercedes, calle París con calle Mucuchies, Edif. Centro Summun, piso PH local PH-4. Pto de Referencia: Diagonal al Miga´s de la Ppal. De las Mercedes.', NULL, 'Inversiones Jaleoh 1816, C.A.', 1, 36, NULL, NULL),
(1102, 'PRO-1102', 'Natural', '10777791', 'Juan Diaz', '04145059561', 'Barquisimeto', NULL, 'Juan Diaz', 1, 2, NULL, NULL),
(1103, 'PRO-1103', 'Juridico', '000851786', 'Ferreteria Comercial Baruta', '02129458724', 'Av. San Sebastían, Edificio Los Gonzales, Piso Pb, Local 1, Urbanización La Trinidad', 'n/a', 'Jorge Rondon', 1, 11, NULL, NULL),
(1104, 'PRO-1104', 'Natural', '13608451', 'NELSON GALINDO', '04149322057', 'YARE', NULL, NULL, 1, 27, NULL, NULL),
(1105, 'PRO-1105', 'Juridico', '405390271', 'Centro de Entrenamiento y Software Datalaing C.A.', '02122634781', 'Chacao', 'datalaing@gmail.com', NULL, 1, 5, NULL, NULL),
(1106, 'PRO-1106', 'Juridico', '408534215', 'DISTRIBUIDORA HIERRO LUZ 1107, C.A', '02124190977', 'n/a', 'n/a', 'Liz Silva', 1, 13, NULL, NULL),
(1107, 'PRO-1107', 'Natural', '18176250', 'Alexis Moreno', '04128509222', 'Acarigua', NULL, NULL, 1, 5, NULL, NULL),
(1108, 'PRO-1108', 'Natural', '18025328', 'Juan Berrios', '04241298880', 'Lomas de Baruta', 'berrios?ab@hotmail.com', 'Amor Uzcategui', 1, 13, NULL, NULL),
(1109, 'PRO-1109', 'Natural', '5182014', 'ROBERTO MARTINEZ', '04164068110', 'PETARE ', NULL, 'JUAN GUANIRE', 1, 79, NULL, NULL),
(1110, 'PRO-1110', 'Natural', '19220069', 'Nyro Mapari', '04263198185', 'Av Bolívar Sur, Valencia 2001, Carabobo.// Caracas, Catia.', 'Niro_715@hotmail.com', 'Nyro.', 1, 11, NULL, NULL),
(1111, 'PRO-1111', 'Natural', '15506177', 'Leryann Nicolas', '04127115199', 'Las Adjuntas', 'yoyi1002@hotmail.com', 'Jorge Rivera', 1, 2, NULL, NULL),
(1112, 'PRO-1112', 'Juridico', '075139895', 'DIESEL CAMIONES, C.A.', '02418323706', 'Av. Porlongación Michelena, CC. Giron nivel PB local 1, zona Industrial Carabobo, Sector Estadio.', 'dieselcamiones@cantv.net', NULL, 1, 81, NULL, NULL),
(1113, 'PRO-1113', 'Gubernamental', '200022809', 'INFRAMIR', '02123725168', 'Cearretera Panamericana Km 14 Centro Empresarial Panamericano \"CEPAN\"', NULL, 'Leonardo Cardenas', 1, 32, NULL, NULL),
(1114, 'PRO-1114', 'Natural', '16668046', 'Alvaro Rosario', '04143697930', 'Crac', NULL, NULL, 1, 2, NULL, NULL),
(1115, 'PRO-1115', 'Natural', '6332098', 'AUGUSTO VELASQUEZ', '04241804910', 'CARACAS', 'ajvelasquez@gmail.com', NULL, 1, 5, NULL, NULL),
(1116, 'PRO-1116', 'Juridico', '407466330', 'NN Servicios C.A', '04265173122', 'caracas', 'nilsonparra2424@hotmail,com', 'Nilson Parra', 1, 13, NULL, NULL),
(1117, 'PRO-1117', 'Natural', '10789258', 'Jesus Ramos', '04140123113', 'caracas', 'jesus.ramos07011@gmail.com', NULL, 1, 5, NULL, NULL),
(1118, 'PRO-1118', 'Natural', '16286410', 'Alexander Garcia', '04142386403', 'caracas', 'a_garcia78@hotmail.com', NULL, 1, 8, NULL, NULL),
(1119, 'PRO-1119', 'Natural', '6708087', 'WILLIAN DELGADO', '00000000000000', '000000000000000000000000', NULL, NULL, 1, 5, NULL, NULL),
(1120, 'PRO-1120', 'Natural', '28028400', 'Andrés Capote', '000000000000', '0000000000', NULL, NULL, 1, 5, NULL, NULL),
(1121, 'PRO-1121', 'Natural', '12962207', 'Luis Grande', '0000000000', '000000000', NULL, NULL, 1, 5, NULL, NULL),
(1122, 'PRO-1122', 'Natural', '18047216', 'William gonzalez', '04269680514', 'Dabajuro-Coro', 'nottiene', 'Delso Gutierrez', 1, 8, NULL, NULL),
(1123, 'PRO-1123', 'Juridico', '310205361', 'Seguros la Vitalicia', '0212 822.5000 ', 'Caracas', NULL, NULL, 1, 24, NULL, NULL),
(1124, 'PRO-1124', 'Natural', '14428878', 'Guillermo Orlando Luque Canónico', '02123126378', 'El Junquito', 'kg2musical@gmail.com', 'Orlando', 1, 11, NULL, NULL),
(1125, 'PRO-1125', 'Natural', '16941303', 'Orangel Leal', 'no tien', 'Dabajuro-Coro', NULL, 'Orangel Leal', 1, 2, NULL, NULL),
(1126, 'PRO-1126', 'Natural', '6689245', 'Ana Rosa Orta Toro', '04169130458', 'Filas de Mariche, Km 3, Urbanización Terrzas de Guaicoco', 'josecarreno12@gmail.com', 'José Carreño', 1, 76, NULL, NULL),
(1127, 'PRO-1127', 'Natural', '16497467', 'José Rivero', 'N/A', 'Guarenas', 'N/A', 'N/A', 1, 12, NULL, NULL),
(1128, 'PRO-1128', 'Juridico', '313955329', 'MEDICAL FAMA, C.A.', '0426-305-04-83', 'CARACAS', 'medicalfama@gmail.com', 'FRANCISCO MALAVE', 1, 24, NULL, NULL),
(1129, 'PRO-1129', 'Natural', '11887588', 'NORIS  HERNANDEZ', '0', 'DABAJURO', NULL, NULL, 1, 8, NULL, NULL),
(1130, 'PRO-1130', 'Natural', '6890650', 'Eustacio Sanchez', '04167306272', 'Valencia', 'eusanchez@cantv.net', 'Eustacio', 1, 13, NULL, NULL),
(1131, 'PRO-1131', 'Natural', '15769536', 'Luis José Vejar Laguna', '04160649485', 'Coro, Estado Falcón', 'luis_elgordo01@hotmail.com', 'Miguel Gamboa', 1, 12, NULL, NULL),
(1132, 'PRO-1132', 'Natural', '16828251', 'Hector Chirinos ', '(0414)6113680', 'N/A', 'N/A', 'Alexis Moreno', 1, 2, NULL, NULL),
(1133, 'PRO-1133', 'Natural', '16285867', 'Jonathan Quintero', '04120113926', 'Caracas', 'Jonathanq@hotmail.com', 'Jonathan', 1, 2, NULL, NULL),
(1134, 'PRO-1134', 'Natural', '24901147', 'Daniel González', '02125770922', 'Caracas, Cl. Puente Anauco, entre, Esq. Teatro, Centro Comercial Doral Ccs, Piso Mezz, Local 30, Urbanización La Candelaria', 'N/A', 'Taxis Móvil Enlace', 1, 2, NULL, NULL),
(1135, 'PRO-1135', 'Natural', '13087482', 'Jean Moreno', '04122004236', 'Caracas, Av. Orinoco, entre, Cl. Caroní Y Tacagua, Edificio River Suite, Nivel P.H, Local N/A, Urbanización Bello Monte', 'yanki2004@hotmail.com', 'Tele Taxi', 1, 2, NULL, NULL),
(1136, 'PRO-1136', 'Gubernamental', '200077743', 'Conviasa', '0212-3037473', 'Caracas', 'ventas.portransferencia@conviasa.aero', NULL, 1, 2, NULL, NULL),
(1137, 'PRO-1137', 'Juridico', '407416456', 'ALVIO GROUP, C.A.', '0212-4185626', 'CARACAS', 'alviogroup@gmail.com', 'JESUS ORTEGA', 1, 24, NULL, NULL),
(1138, 'PRO-1138', 'Natural', '18555382', 'Jacklys Viviana Pino', '04141212176', 'N/A', 'N/A', 'N/A', 1, 12, NULL, NULL),
(1139, 'PRO-1139', 'Natural', '21413613', 'EMILYJIN GONZALEZ', '04128509222', 'SANTA MONICA', NULL, NULL, 1, 1, NULL, NULL),
(1140, 'PRO-1140', 'Natural', '20762396', 'Edgar Aguilera', '04144919467', 'Maracay', 'N/A', 'Inyectores IVECO', 1, 81, NULL, NULL),
(1141, 'PRO-1141', 'Natural', '4245886', 'Sifredo Arteaga', '04142521299', 'N/A', 'N/A', 'Tele Taxi', 1, 2, NULL, NULL),
(1142, 'PRO-1142', 'Natural', '6293313', 'Anibal Suarez', '04143354954', 'Caracas', 'n/a', 'Carlos Melo Aire Acondicionado', 1, 24, NULL, NULL),
(1143, 'PRO-1143', 'Natural', '12226699', 'Yonny Colmenares', '04167300747', 'San Juan de los Morros', 'N/A', 'N/A', 1, 81, NULL, NULL),
(1144, 'PRO-1144', 'Juridico', '315998106', 'DONAIRE SUITE RENTAL, C.A ', '0286-923.4038', 'Puerto Ordaz', 'reservaskaori@grupodonaire.com.ve', 'Sara Bolivar', 1, 29, NULL, NULL),
(1145, 'PRO-1145', 'Natural', '17266299', 'Eduardo Gomez Comp.', 'No tiene', 'coro', 'no tiene ', 'Eduardo Gomez', 1, 3, NULL, NULL),
(1146, 'PRO-1146', 'Natural', '17758886', 'PABLO GONZALEZ', '04122585126', 'PETARE', 'pablo.gonzalez@jhcp.com', NULL, 1, 1, NULL, NULL),
(1147, 'PRO-1147', 'Natural', '19418588', 'Liz Silva', '118', 'Caracas', NULL, NULL, 1, 1, NULL, NULL),
(1148, 'PRO-1148', 'Juridico', '400877741', 'INVERSIONES MAGE 2010, C.A.', '02446614589 / 04166468323', 'AV. PPAL VALLE LINDO C.C. VALLE LINDO Local P.B. 13, Turmero', 'inversionesmage2010@gmail.com', 'Maria Laura', 1, 9, NULL, NULL),
(1149, 'PRO-1149', 'Natural', '11243749', 'Ligia Rivero', '04126634715', 'N/A', 'N/A', 'Victor Hernández', 1, 2, NULL, NULL),
(1150, 'PRO-1150', 'Juridico', '294881300', 'Multiservicios Urbina Mora, C.A ', '02128607439/ 04141833209', 'Av. Sucre Los Flores de Catia', 'multiserviciosum@gmail.com', 'Simon Mora', 1, 9, NULL, NULL),
(1151, 'PRO-1151', 'Natural', '10929057', 'Jesús Antonio La Rosa', 'no tiene', 'PTO. ORDAZ', 'jesuslarosa@gmail.com', 'Jesus LaRosa', 1, 2, NULL, NULL),
(1152, 'PRO-1152', 'Natural', '6906005', 'Beatriz Yanez', '04167239724', 'Valles del tuy', NULL, 'Fredy Moreno', 1, 5, NULL, NULL),
(1153, 'PRO-1153', 'Natural', '11701637', 'ALI ANTONIO LOPEZ RICO', '04262546208', 'VENADO - CARORA - BARQUISIMETO', NULL, 'LUIS CABRERA PRESIDENTE SINDICAL DE LA SINBTRACOL', 1, 27, NULL, NULL),
(1154, 'PRO-1154', 'Natural', '12943958', 'LUIS ALEXANDER CABRERA ALVAREZ', '04262546208', 'VENADO - CARORA - BARQUISIMETO', NULL, 'LUIS CABRERA PRESIDENTE SINDICAL DE LA SINBTRACOL', 1, 27, NULL, NULL),
(1155, 'PRO-1155', 'Juridico', '405798610', 'Inversiones Wohlstand, C.A.', '04143653949 / 04149907292', 'Ciudad de Guatire Municipio Zamora Edo Miranda', 'ventaswohlstand@gmail.com / wohlstbnd@gmai.com', 'N/A', 1, 19, NULL, NULL),
(1156, 'PRO-1156', 'Juridico', '296450072', 'Transporte Zuliano, C.A.', '(0261) 778 5506', 'Urbanización La Rosaleda Calle 81 con Av. 80-D #80C-36, Parroquia Raúl Leoni, Maracaibo, Estado Zulia.', 'N/A', 'Alfredo Morales (Fusinca)', 1, 2, NULL, NULL),
(1157, 'PRO-1157', 'Natural', '6376232', 'William Reyes', '0212 953 4040', 'TeleTaxi', 'N/A', 'Tele Taxi', 1, 2, NULL, NULL),
(1158, 'PRO-1158', 'Natural', '8521163', 'JULIO CESAR LOZADA', '02124715665', 'CARACAS', 'clozada53@hotmail.com', 'Hidromaticos lozada', 1, 2, NULL, NULL),
(1159, 'PRO-1159', 'Natural', '20242558', 'Mariam Pulgar', '04242658824', 'Catia', 'mariampulgar@gmail.com', 'Proveedor Mercado Libre', 1, 13, NULL, NULL),
(1160, 'PRO-1160', 'Juridico', '16508131', 'JOSE CAMPOS', '000000000000000', '0000000000000', NULL, NULL, 0, 2, NULL, NULL),
(1161, 'PRO-1161', 'Natural', '14183003', 'Richard Hidalgo', '04128825593', 'Maracay. Estado Aragua', NULL, 'Richard Hidalgo', 1, 5, NULL, NULL),
(1162, 'PRO-1162', 'Natural', '19065643', 'Jorge Veliz', '04242260022', 'Caracas. Dtto. Capital', 'jorgevelizbolivar1989@hotmail.com', 'Jorge Veliz', 1, 13, NULL, NULL),
(1163, 'PRO-1163', 'Juridico', '3164777716', 'FDServicios 2230, C.A.', '0424-1826527', 'Caracas, El llanito', 'fdservicios2230@gmail.com', 'Fredd Reveron', 1, 57, NULL, NULL),
(1164, 'PRO-1164', 'Juridico', '000668116', 'Deco Glass C.A. ', '02435515673/ 5517884', 'Maracay Zona Industrial La Hamaca.', 'ventas@decoglass.com', 'Jenny Sakellariou', 1, 9, NULL, NULL),
(1165, 'PRO-1165', 'Natural', '6817389', 'Jesús González', 'N/A', 'N/A', 'lucytoro_65@hotmail.es', 'Hector Rodriguez ', 1, 73, NULL, NULL),
(1166, 'PRO-1166', 'Juridico', '003644455', 'Laser Airlines', '05075273700', 'Caracas', NULL, NULL, 1, 58, NULL, NULL),
(1167, 'PRO-1167', 'Natural', '6057312', 'Carlos Melo', '04143354954', 'Caracas', NULL, 'Carlos Melo', 1, 38, NULL, NULL),
(1168, 'PRO-1168', 'Natural', '18457260', 'Sofia Perez', '04129552443', 'Caracas', NULL, 'Sofia Perez', 1, 50, NULL, NULL),
(1169, 'PRO-1169', 'Natural', '12385558', 'Luis Roniel Gil', '04125969449', 'Moto Taxi', 'N/A', 'Freddy Castro', 1, 2, NULL, NULL),
(1170, 'PRO-1170', 'Natural', '12749959', 'Arnaldo Rodriguez', '04168364305', 'Valencia', 'Arnaldorod@hotmail.com', 'Arnaldo R.', 1, 13, NULL, NULL),
(1171, 'PRO-1171', 'Natural', '16880150', 'Jennifer García', '04161136710', 'Caracas', 'jenmar2009@gmail.com', 'Jennifer Gacia', 1, 50, NULL, NULL),
(1172, 'PRO-1172', 'Natural', '19563416', 'Yeferson Torres', '04264662668', 'Catia', 'torresyef@yahoo.com', 'Juan Zapata', 1, 14, NULL, NULL),
(1173, 'PRO-1173', 'Natural', '19532449', 'PAOLA DIAZ', '04127204158', 'CARACAS', NULL, NULL, 1, 1, NULL, NULL),
(1174, 'PRO-1174', 'Natural', '23926157', 'Johan José Barrios Rivas', '04142692021 / 04242846413', 'Caracas', 'yormanrivas02@gmail.com', 'Johan Barrios', 1, 81, NULL, NULL),
(1175, 'PRO-1175', 'Natural', '17751344', 'Manuel Fernández', '04126135828', 'Av. perimetral valle-coche, res. La Rinconada, edi.4 piso 1 apto 5', 'N/A', 'Julio Lovera', 1, 82, NULL, NULL),
(1176, 'PRO-1176', 'Natural', '4633545', 'Cecilio Patiño', '04143356936', 'N/A', 'N/A', 'Tele Taxi', 1, 2, NULL, NULL),
(1177, 'PRO-1177', 'Juridico', '003124141', 'Autorepuestos Nuvolari, C.A.', '02122426672', 'Edo. Distrito Capital,Ciudad Caracas, Cl. 10, Edificio Galante, Piso Mezz, Oficina 11, Urbanización La Urbina', 'autorepuestosnuvolari@gmail.com', 'N/A', 1, 81, NULL, NULL),
(1178, 'PRO-1178', 'Natural', '16740085', 'JOSE ALBORNOZ', '02649341325', 'SANTA RITA. EDO. ZULIA', NULL, 'JOSE ALBORNOZ', 1, 3, NULL, NULL),
(1179, 'PRO-1179', 'Natural', '11931534', 'Luis Contreras', '04122421915', 'N/A', 'N/A', 'Tele Taxi', 1, 2, NULL, NULL),
(1180, 'PRO-1180', 'Juridico', '300649270', 'Baby Centro Disney', '02122841491', 'Final de Av. Libertador, Sector San Jose. Altamira. ', 'babycentrodisney@hotmail.com', NULL, 1, 45, NULL, NULL),
(1181, 'PRO-1181', 'Natural', '14876808', 'Ramón Chaparro', '04166148759', 'N/A', 'N/A', 'Tele Taxi', 1, 2, NULL, NULL),
(1182, 'PRO-1182', 'Natural', '18145177', 'Francisco Alfonzo', 'n/a', 'dabajuto-coro', 'no tiene', 'Francisco Alfonzo', 1, 2, NULL, NULL),
(1183, 'PRO-1183', 'Juridico', '309917951', 'JH SERVICE, C.A.', '0295-2670003', 'PORLAMAR', 'DIRECCIONCOMERCIAL@JHSERVICE.COM.VE', NULL, 1, 58, NULL, NULL),
(1184, 'PRO-1184', 'Natural', '19406883', 'Yetsy Rodríguez', 'no tiene', 'no tiene', 'n/a', 'Yetsy Rodríguez', 1, 3, NULL, NULL),
(1185, 'PRO-1185', 'Natural', '11921258', 'HELY CAMARGO ', '0212-6650133', 'CARACAS', NULL, 'HElY', 1, 71, NULL, NULL),
(1186, 'PRO-1186', 'Gubernamental', '200001690', 'ALCALDIA DEL MUNICIPIO MIRANDA', 'n/a', 'Santa ana de coro', 'n/a', NULL, 1, 61, NULL, NULL),
(1187, 'PRO-1187', 'Natural', '16144788', 'Andres Oropeza', 'no tiene', 'coro dabajuro', 'no tiene', 'no tiene', 1, 12, NULL, NULL),
(1188, 'PRO-1188', 'Natural', '6849871', 'Jose Antonio Garcia', '04242103193', 'n/a', 'n/a', 'Jose Antonio Garcia', 1, 13, NULL, NULL),
(1189, 'PRO-1189', 'Juridico', '298287721', 'Materiales A.M.G. C.A', '02126323242', 'Calle Louis Braile Nueva Granada', 'Materialesamg@hotmail.com', 'Andreina Rivero', 1, 13, NULL, NULL),
(1190, 'PRO-1190', 'Natural', '9955182', 'Jesús Alexander Quintero Osorio', '04142892242', 'N/A', 'aquintero500@yahoo.com', 'Deivy', 1, 2, NULL, NULL),
(1191, 'PRO-1191', 'Juridico', '406949868', 'NEKSO C.A', '000000000000000000', 'CHUAO CARACAS', 'CORPORATE@NEKSO.IO', NULL, 1, 2, NULL, NULL),
(1192, 'PRO-1192', 'Natural', '16370944', 'Jose Fajardo', 'N/A', 'El Sombrero', 'N/A', 'MercadoLibre', 1, 81, NULL, NULL),
(1193, 'PRO-1193', 'Juridico', '297858687', 'Rectificar J.R.2.C.A.', '02129441183', 'Rectificacion de Motores Rectificar Jr 2, C.AJ-29785868-7 Caracas, Cl. Puente Manzanares, Galpón Sn, Piso Pb, Local 1, Sector San Sebastián', 'N/A', 'Miguel Gamboa', 1, 17, NULL, NULL),
(1194, 'PRO-1194', 'Natural', '12485755', 'Catherine Ortega', '02435338544/ 04142301348', 'Calle Sirio con Av. Antartico. Trigal Norte. Valencia', 'Catheorte@hotmail.com', 'Catherine O.', 1, 13, NULL, NULL),
(1195, 'PRO-1195', 'Natural', '11664991', 'Thairy Arnal', '0212-5246981', 'Caracas', ' thairya@gmail.com', 'Thairy', 1, 5, NULL, NULL),
(1196, 'PRO-1196', 'Natural', '19993215', 'Jesus Marrugo', '04241725285', 'caracas', 'morrugojm@gmail.com', NULL, 1, 57, NULL, NULL),
(1197, 'PRO-1197', 'Juridico', '402582307', 'Fawel Technology, C.A.', '04142181456/ 04242749050', 'Guarenas, Urb. Nueva Casarapa, Sector Portales, Casa 106.', 'faweltechnology@gmail.com', 'Edgar Centeno', 1, 71, NULL, NULL),
(1198, 'PRO-1198', 'Natural', '3751576', 'Nestor Rodriguez ', '04142563317', 'Caracas. La Yaguara.', 'n/a', 'Nestor R.', 1, 2, NULL, NULL),
(1199, 'PRO-1199', 'Juridico', '000788650', 'ADMINISTRADORA ONNIS C.A', '00000000000000', '00000000000000000000', NULL, NULL, 1, 8, NULL, NULL),
(1200, 'PRO-1200', 'Natural', '11758246', 'María José Perez', 'No tiene', 'dabajuro- coro', 'no tiene', 'María Perez', 1, 3, NULL, NULL),
(1201, 'PRO-1201', 'Natural', '3949213', 'Nelson Ramos', '04129062701', 'N/A', 'N/A', 'Tele', 1, 2, NULL, NULL),
(1202, 'PRO-1202', 'Natural', '14830820', 'Carlos Pereyra', '04243370972', 'La Victoria', 'guayo1908@hotmail.es', 'Carlos P.', 1, 13, NULL, NULL),
(1203, 'PRO-1203', 'Natural', '19089551', 'Jose Ignacio Muñoz Marcano', '0416-8302238/ 04143666233', 'Av. Intercomunal Guarenas -Guatire. Urb. Contry Club Buena Ventura, Calle 5 casa 84. Guatire. Municipio Zamora. Edo Miranda. ', 'jimm_606@hotmail.com', 'José Muñoz', 1, 38, NULL, NULL),
(1204, 'PRO-1204', 'Natural', '19682802', 'Jonathan Kevin Lunar', '000000000000000000000', '0000000000000', '00000000000000000', '00000000000', 1, 1, NULL, NULL),
(1205, 'PRO-1205', 'Juridico', '000919917', 'Documentos Mercantiles, S. A.', '05013663270', 'Av. Sur 4 con calle 100 Esquina Puente Soublette, Edificio Domesa, Parroquia Santa Teresa. Caracas-Venezuela', 'wwww.domesa.com.ve', 'VTAS', 1, 41, NULL, NULL),
(1206, 'PRO-1206', 'Natural', '11115898', 'JOSE GREGORIO MORENO', '04141465733', 'GUARICO', NULL, 'JOSE GREGORIO MORENO', 1, 82, NULL, NULL),
(1207, 'PRO-1207', 'Natural', '16686180', 'Richard Rojas', '04160247845', 'Maracay', 'n/a', 'Pedro S.', 1, 2, NULL, NULL),
(1208, 'PRO-1208', 'Natural', '15801464', 'JORGE ARANGUREN', '04242297672', 'CARACAS', 'ARANGUREN833@HOTMAIL.COM', 'JORGE ARANGUREN', 1, 5, NULL, NULL),
(1209, 'PRO-1209', 'Natural', '12111191', 'Jose Rojas', '02122534475', 'Los Flores de Catia.', 'joserojas74@gmail.com', 'Jose R.', 1, 13, NULL, NULL),
(1210, 'PRO-1210', 'Natural', '16878081', 'Plinio Pérez', 'N/A', 'N/A', 'pliycars@gmail.com', 'Pablo González', 1, 17, NULL, NULL),
(1211, 'PRO-1211', 'Juridico', '00000000000000', 'PAGADO A NEKSO', '000000000000000000000', 'CARACAS', NULL, NULL, 1, 1, NULL, NULL),
(1212, 'PRO-1212', 'Natural', '18597185', 'Raiza Ortuño', 'N/A', 'N/A', 'raizarios@gmail.com', 'Hector Rodriguez ', 1, 75, NULL, NULL),
(1213, 'PRO-1213', 'Natural', '13335681', 'Nurvic Gonzalez', '04249268971', 'ORIENTE', 'njggonzalez@gmail.com', 'Nurvic', 1, 5, NULL, NULL),
(1214, 'PRO-1214', 'Natural', '14147425', 'Claudia Cala', '02687154056', 'ZONA INIDUSTRIAL UNARE FRENTE A LOS BOMBEROS DE UNARE, PUERTO ORDAZ ', 'n/a', 'Claudia', 1, 13, NULL, NULL),
(1215, 'PRO-1215', 'Natural', '23923853', 'Carlos Gonzalez', 'N/A', 'Anaco, estado Anzoátegui', 'N/A', 'Omar Blanco', 1, 81, NULL, NULL),
(1216, 'PRO-1216', 'Natural', '15795244', 'Juan Carreño', 'N/A', 'Filas de Mariche', 'N/A', 'Miguel Gamboa', 1, 8, NULL, NULL),
(1217, 'PRO-1217', 'Natural', '4852614', 'Eliezer Torrealba Ramirez', '02122351721    /    02122355686   /   02122359001', 'Av. Fco de Miranda con callejon La Línea - Urb. La Carlota. Res. El Parque - Local n°1', 'N/A', 'N/A', 1, 57, NULL, NULL),
(1218, 'PRO-1218', 'Natural', '21146169', 'Christian España', 'N/A', 'N/A', 'N/A', 'N/A', 1, 3, NULL, NULL),
(1219, 'PRO-1219', 'Juridico', '297940634', 'CONCRETERA LIDERCON  C.A', '04141210447/ 04142518051', 'AV.SUR, SALVADOR DE LEON A COLISEO,ED.ALMACENES DEL CENTRO,PISO 7-7D,CCS.', 'liderconca@gmail.com/Concretera Lidercon <liderconca@gmail.com>', 'Janette Di Lascio ', 1, 34, NULL, NULL),
(1220, 'PRO-1220', 'Natural', '6318641', 'Mariete Figueira', 'N/A', 'N/A', 'N/A', 'Miguel Gamboa', 1, 81, NULL, NULL),
(1221, 'PRO-1221', 'Natural', '14834432', 'MARIA BALZA', '04141017202', 'SABANA GRANDE', 'NAYLIBET31@GMAIL.COM', 'MARIA', 1, 1, NULL, NULL),
(1222, 'PRO-1222', 'Natural', '17562652', 'MARCOS ALBERTO MARTINEZ UGUETO', '04123701947', 'Padre sierra Muñoz, edif disconti', 'marcos.sianmar@gmail.com', 'Marco Martinez', 1, 71, NULL, NULL),
(1223, 'PRO-1223', 'Natural', '17300683', 'Melina Padilla', '000', 'CARACAS', 'melinamarina@hotmail.com', NULL, 1, 1, NULL, NULL),
(1224, 'PRO-1224', 'Natural', '18827440', 'Hendrich Guerra', '04242214610', 'caracas', NULL, 'Hendrich Guerra', 1, 49, NULL, NULL),
(1225, 'PRO-1225', 'Juridico', '002911131', 'DIST.IND. DE REP.DE AIRE ACONDIC.DIR-AIRE CA ', '02122325124', 'Av. francisco de miranda local Nro urb.los dos caminos, Caracas-Miranda.', 'ventascaracas1@diraire.com', 'Anthony Alonzo', 1, 13, NULL, NULL),
(1226, 'PRO-1226', 'Natural', '24773389', 'abranny garcia', '04149069463 / 0424 2049096 ', 'la california, sector el dorado, municipio sucre, estado miranda. ', 'N/A ', 'N/A ', 1, 1, NULL, NULL),
(1227, 'PRO-1227', 'Natural', '27526383', 'Margeli Soto', '(0212)582 5188', 'Baruta', 'N/A', 'N/A', 1, 42, NULL, NULL),
(1228, 'PRO-1228', 'Juridico', '401564216', 'Inversiones Melo CM, CA', '04241276440', 'Calle principal sur, transversal 8, casa n°12 quebrada agua de maiz zona postal 1071 ', 'inv_melocm@hotmail.com', 'carlos melo', 1, 47, NULL, NULL),
(1229, 'PRO-1229', 'Juridico', '315957175', 'Servi Fletes Nemo, C.A.', '0212 4616147 / 4614602  /  0414 3336876 / 0416 637', 'Caracas', 'servifletesnemo@hotmail.com', 'Abranny García', 1, 2, NULL, NULL),
(1230, 'PRO-1230', 'Natural', '5873094', 'Felix Lares', '0000000000000000', 'sutic', NULL, NULL, 1, 27, NULL, NULL),
(1231, 'PRO-1231', 'Natural', '16486094', 'Jhoan Rodríguez', 'N/A', 'N/A', 'N/a', 'N/A', 1, 21, NULL, NULL),
(1232, 'PRO-1232', 'Natural', '18804556', 'JUAN ROGELIO ZAMBRANO', '04242199578', 'SAN CASIMIRO ', 'N-A', 'JUAN ROGELIO ZAMBRANO ', 1, 5, NULL, NULL),
(1233, 'PRO-1233', 'Juridico', '298437243', 'CORPOTRAVEL,C.A', '222222', 'caracas', 'corpotravel@gmail.com', 'aeropostal', 1, 2, NULL, NULL),
(1234, 'PRO-1234', 'Juridico', '407608835', 'CONSORCIO ABY-VIC, C.A', '02127814193', 'caracas', 'ventas1@caa.com.ve', 'Ayerohan Marchan ', 1, 24, NULL, NULL),
(1235, 'PRO-1235', 'Juridico', '401290361', 'I.S.I, C.A', '0243 - 553.70.18', 'Calle Prolongacion Negro Primero Sector La Isabelita Casa - Nro 38 OF Principal. San Vicente - Maracay.', 'isica.venezuela@gmail.com', 'Roxander Barrios', 1, 49, NULL, NULL),
(1236, 'PRO-1236', 'Juridico', '003003115', 'Frenos 7A. Avenida, C.A.', '(0212) 8723142', 'Propatria', 'frenos7av@hotmail.com', 'Alex', 1, 81, NULL, NULL),
(1237, 'PRO-1237', 'Natural', '16200749', 'jose luis vega', '04245358744', 'Alto Hatillo Frente al Colegio el Claret ', NULL, 'jose luis vega', 1, 8, NULL, NULL),
(1238, 'PRO-1238', 'Natural', '20090085', 'Orlyn Rosales', '000000000000000000', '00000000000000000000000', NULL, NULL, 1, 1, NULL, NULL),
(1239, 'PRO-1239', 'Juridico', '408557134', 'jasa group, c.a ', '02125325831 / 04123815411', 'AV LIBERTADOR EDIF G PISO 4 APT G41 URB SANTA ROSA CARACAS DISTRITO CAPITAL ZONA POSTAL 1020', 'jasagroupingenieros@gmail.com', 'Ing. Jesús Sánchez / Lic. Elsy Abreu', 1, 13, NULL, NULL),
(1240, 'PRO-1240', 'Juridico', '310118655', 'EMBRAGUES TURMERITO J.G., C.A', '02126813462', 'via principal la mariposa, zona industrial turmerito a 100 mts de fospuca caracas', NULL, 'jorge garcia', 1, 21, NULL, NULL),
(1241, 'PRO-1241', 'Natural', '11808469', 'FRANKLIN RODRIGUEZ', '04164398162', 'MORON', 'franklinrruiz@gmail.com', 'FRANCIS RUSO', 1, 79, NULL, NULL),
(1242, 'PRO-1242', 'Juridico', '294704930', 'DISMELEC CENTROOCCIDENTE C.A.', '0416.951.1469', 'Barquisimeto Estado Lara- MUNICIPIO IRIBARREN', 'ventas1@dismelec.com', 'alexander gonzalez', 1, 10, NULL, NULL),
(1243, 'PRO-1243', 'Juridico', '409731782', 'WV Soluciones Tecno-Empresariales, C. A.', '0212-429.55.87/0414-273.93.93/ 0416-429.48.76', 'CALLE SEGUNDA EDIF SANTA EDUVIGES PISO PB OF 01 URB LA LAGUNA CARACAS', 'wvsolucioneste@gmail.com', 'WILLIAM VALERO RODRIGUEZ', 1, 13, NULL, NULL),
(1244, 'PRO-1244', 'Juridico', '409294137', 'PROYECTOS & CONSTRUCCIONES VICEC-GF C.A.', '0416-9126326, 0414-3192898,', 'CTRA NACIONAL GUARENAS-GUATIRE PARCELAMIENTO ZEUS LOCAL NRO 15SECTOR RIO GRANDE GUATIRE EDO MIRANDA ZONA POSTAL 1221', 'PROYECTOSVICECGF@GMAIL.COM, CONSTRUCCIONESVICECGF@GMAIL.COM, BLUIMBE24@GMAIL.COM', 'BLUIMBE BRICEÑO', 1, 13, NULL, NULL),
(1245, 'PRO-1245', 'Juridico', '402391552', 'HIERROCATIA, C.A', '0212-8713281', 'Edo. Distrito Capital,Ciudad Caracas, Av. Bolívar, Casa S/N, Nivel Pb, Apto. sn, Catia', 'hierrocatia@hotmail.com', 'vendedor ', 1, 13, NULL, NULL),
(1246, 'PRO-1246', 'Juridico', '299461270', 'Distribuidora Todo Toner, CA.', '0215765750 ', 'La CandelariaCentro Comercial Casa Bera, frente a Plaza la Candelaria, PB-003', 'distodotoner@hotmail.com', 'ERIKA BARCELO', 1, 24, NULL, NULL),
(1247, 'PRO-1247', 'Juridico', '403456666', 'T&I SERVICIOS GLOBALES C.A', '(0212)763 8859/ 763 8748  ', 'Boulevard de Sabana Grande, Edif. Araure Piso 2, Ofic. 201, Sabana Grande, 1050 Caracas - Venezuela. ', 'Mailyn Lombardo <mailynlombardo13@gmail.com> / wmolina@tsgserviciosglobales.com   ', 'mailyn lombardo', 1, 13, NULL, NULL),
(1248, 'PRO-1248', 'Natural', '18003644', 'MAYERLING GONZALEZ', '04141826651', 'AV. FCO DE MIRANDA CALLE LEBRUN SAN MIGUEL PETARE ', 'GNZALEZM@GMAIL.COM', 'MAYERLING', 1, 1, NULL, NULL),
(1249, 'PRO-1249', 'Juridico', '001310819', 'REFRIGERACIÓN UNIVALCO CARACAS, C.A.', '02125418179/ 02125418409', 'Regeneración a Guayabal N° 19-33, Santa Rosalia', 'caracaunivalco@gmail.com', 'Kervin Duran', 1, 85, NULL, NULL),
(1250, 'PRO-1250', 'Juridico', '407117467', 'Grupo Riomar 2015', '04122277011', 'URBANIZACIÓN FRANCISCO DE MIRANDA, CASALTA I, CATIA, CARACAS.', 'gruporiomar2015@gmail.com', 'HECTOR RAMOS', 1, 86, NULL, NULL),
(1251, 'PRO-1251', 'Juridico', '408478277', 'INVERSIONES ARTECH, C.A.', '02122648232/02122640992', 'Av. Libertador CC Sambil Nivel PS Local A.S 18 URB. Chacao Caracas', 'gabrielsalazar271194@gmail.com', 'Gabriel Salazar', 1, 24, NULL, NULL),
(1252, 'PRO-1252', 'Natural', '14990520', 'Sven Christian Duran', '(0414)139 3530', 'Las Mayas', 'dikeysha@hotmail.com', 'Edward Guiza', 1, 81, NULL, NULL),
(1253, 'PRO-1253', 'Natural', '18813947', 'Dilinger Rondón', '0424 1999146', 'N/A', 'N/A', 'Dilinger Rondón', 1, 71, NULL, NULL),
(1254, 'PRO-1254', 'Juridico', '312961953', 'LIONS PUBLICIDAD GRAFICA, C.A.', '02123727463', 'Carretera Panamericana, Km 17, E/S La Auxiliadora, Centro Comercial La Auxiliadora, San Antonio de Los Altos, Edo. Miranda.', 'lionspublicidad@gmail.com', 'DEISY PEREIRA', 1, 86, NULL, NULL),
(1255, 'PRO-1255', 'Juridico', '401373674', 'VENSPEED, C.A.', '04143343504', 'Edificio Terepaima piso 7, oficina 707, en la avenida Sur Altamira, frente a la Torre Britanica', 'ventas@tonerspeed.com', 'GUILLAUME BERRARA', 1, 24, NULL, NULL),
(1256, 'PRO-1256', 'Juridico', '314011260', 'TELECTRONICA VOZ I.P, C.A', '0212-9515319', 'BELLO MONTE', 'serviciotecnico@centrales-telefonicas.com', 'YANNUARI', 1, 24, NULL, NULL),
(1257, 'PRO-1257', 'Gubernamental', '200101865', 'CONSORCIO MINERO LUSO VARGAS, C.A. ', '(58 - 212) 352.42.79 / 352.49.13 / 351.59.51', 'AV LA ARMADA EDIF CENTRO SOCIALISTA DEMIVARGAS PISO 4 LOCAL CONLUVAR URB FUNDACION MENDOZA OATIA LA MAR VARGAS ZONA POSTAL 1182', 'Filipe Pereira <frp@teixeiraduarte.pt>', 'FILIPE PEREIRA', 1, 13, NULL, NULL),
(1258, 'PRO-1258', 'Natural', '19291181', 'Jhonny Rodon', 'N/A', 'N/A', 'N/A', 'Jhonny Rondon', 1, 32, NULL, NULL),
(1259, 'PRO-1259', 'Natural', '12260320', 'FRANCISCO VIELMA', '02122679013', 'LA CANNDELARIA', NULL, NULL, 1, 1, NULL, NULL),
(1260, 'PRO-1260', 'Natural', '5752439', 'Carlos Perez', '04122267315', 'Urb San andres del Valle ', 'n-a', 'n-a', 1, 86, NULL, NULL),
(1261, 'PRO-1261', 'Natural', '6202822', 'Yslanda Bogado', '04143937372', 'Las Palmas, La Florida.', 'N/A', 'Yslanda Bogado', 1, 8, NULL, NULL),
(1262, 'PRO-1262', 'Juridico', '298389567', 'INVERSIONES UMBRIAS, C.A', '02125646590/02125651212', 'Esquina de Abanico a Canónigos, Centro Importador Abanico P.B. Local 3. -Caracas', 'eli.monilla@gmail.com', 'Carlos Mendoza', 1, 86, NULL, NULL),
(1263, 'PRO-1263', 'Natural', '14909533', 'ISBELLA CAVALIERI', '0212 267 90 13', 'CHACAO', NULL, NULL, 1, 1, NULL, NULL),
(1264, 'PRO-1264', 'Natural', '12657553', 'Jose manuel Noya Vargas', '04143937372', 'Las palmas, Av Principal Las Palmas. ', NULL, 'Jose manuel ', 1, 8, NULL, NULL),
(1265, 'PRO-1265', 'Juridico', '312051523', 'CERAMICAS RUSTI ESTRELLA C.A ', '0212-5778268', 'San Bernardino av avila qta trebol n*9  Caracas', 'rustiestrella@hotmail.com', 'cristian', 1, 13, NULL, NULL),
(1266, 'PRO-1266', 'Juridico', '403471193', 'SUMA TECNOLOGIA Y SERVICIOS 16, C.A', '04122344901', 'Av. Romulo de Gallegos Edf. CG Los Andes Piso 4 Ofic 4F Boleita Norte', 'maijara@suma.net.ve', 'MAIJARA ABELLO', 1, 24, NULL, NULL),
(1267, 'PRO-1267', 'Juridico', '001184120', 'Cauchos Charallavitos, C.A.', '(0212)944.5195', 'Av. San Sebastián, Vía La Trinidad, Baruta, Caracas', 'N/A', 'N/A', 1, 75, NULL, NULL),
(1268, 'PRO-1268', 'Juridico', '000712743', 'A.C. SOCIEDAD ETICO CULTURAL', '04262199698', 'el claret- alto hatillo ', NULL, 'alirio osorio', 1, 8, NULL, NULL),
(1269, 'PRO-1269', 'Juridico', '298108355', 'CONFECCIONES FLAMINGO C.A.', '02127935492', 'Av. Libertador con a.v. Santiago de Chile Edif. Freites Piso PH. Of. PH, Urb. Los  Caobos, Caracas, distrito capital zona postal 1050', 'confeccionesflamingo@gmail.com', 'RAFAEL CARRILLO', 1, 87, NULL, NULL),
(1270, 'PRO-1270', 'Natural', '16246677', 'Luis Eduardo Alvares ', '04144782020', 'alta vista- puerto ordaz', NULL, NULL, 1, 8, NULL, NULL),
(1271, 'PRO-1271', 'Natural', '6222714', 'robert hidaldo', '04241542328', 'la fuerzas armadas ', 'N/A', NULL, 1, 11, NULL, NULL),
(1272, 'PRO-1272', 'Natural', '12566807', 'CARLA MATUTE ', '04145895524', 'CARORA', NULL, NULL, 1, 27, NULL, NULL),
(1273, 'PRO-1273', 'Juridico', '000463174', 'MATERIALES CANARIAS C.A.', '02127621597/04149204879', 'Av Francisco Solano C/Primera Las Delicias Sabana grande', 'materialescanarias@gmail.com', 'Jose Rangel', 1, 11, NULL, NULL),
(1274, 'PRO-1274', 'Natural', '19986093', 'MARIA NIEVES', '02122679013', 'CARACAS', NULL, NULL, 1, 1, NULL, NULL),
(1275, 'PRO-1275', 'Juridico', '304406070', 'CENTRO FERRETERO EL PICO, C.A', '02125320551', 'Carretera Petare Santa Lucia Km. 9 Edif EL PICO, Sector El Limoncito', 'cfpico01@gmail.com', 'Kenny Marquez', 1, 11, NULL, NULL),
(1276, 'PRO-1276', 'Natural', '12812606', 'Jose Francisco Ortuno baron', '04143131878', 'Alto Hatillo', 'n/a', 'Jose Francisco Ortuño', 1, 89, NULL, NULL),
(1277, 'PRO-1277', 'Juridico', '404231064', 'Tractocamiones y Construcciones Santa Maria, C.A.', '04142047088', 'Carretera vieja Caracas - La Guaira. Casa P/B Nro.1. Sector El Corozo, Vargas - Región Capital. Zona Postal 1161', 'traconstrusantamaria@gmail.com', 'Edisson Martinez', 1, 2, NULL, NULL),
(1278, 'PRO-1278', 'Natural', '19255581', 'Estefanny Quintero', '04142639190', 'Catia', 'estafanny.quintero@jhcpconstruccion.com', 'N/A', 1, 1, NULL, NULL),
(1279, 'PRO-1279', 'Natural', '16313843', 'Ramon Velasquez', 'N/A', 'N/A', 'N/A', 'Ramón Velasquez', 1, 21, NULL, NULL),
(1280, 'PRO-1280', 'Natural', '21346829', 'Ana Lopez', '04127159388', 'El Paraíso', 'ana.lopez@jhcpconstruccion.com', 'N/A', 1, 1, NULL, NULL),
(1281, 'PRO-1281', 'Natural', '14794766', 'Oswaldo Sanchez ', '04121430615', 'TUCACAS', 'N/A', 'OSWALDO SANCHEZ', 1, 2, NULL, NULL),
(1282, 'PRO-1282', 'Natural', '21260823', 'Ismarlin pumero', '04127784217', 'Caracas', 'ismarlin.pumero@jhcpconstruccion.com', 'Ismarlin Pumero', 1, 1, NULL, NULL),
(1283, 'PRO-1283', 'Natural', '20279155', 'Jose Luis brito ', '04242804518', 'OCUMARE DEL TUY', 'N-A', 'Jose Luis brito', 1, 3, NULL, NULL),
(1284, 'PRO-1284', 'Natural', '13466806', 'cirilo perez', '04242164372', 'las minas de baruta', NULL, 'cirilo JR ', 1, 11, NULL, NULL),
(1285, 'PRO-1285', 'Natural', '16412624', 'Daniel Dos Santos Andrade', '04123773659', 'Ocumare', NULL, NULL, 1, 27, NULL, NULL),
(1286, 'PRO-1286', 'Natural', '6210440', 'MARY HERNANDEZ', '04149087605', 'EL VALLE', NULL, NULL, 1, 86, NULL, NULL),
(1287, 'PRO-1287', 'Natural', '9351393', 'Hernando Diaz', '04123747983', 'n/a', 'n/a', 'Hernando Diaz', 1, 90, NULL, NULL),
(1288, 'PRO-1288', 'Natural', '19087741', 'Briseida Berroteran', 'n/a', 'n/a', 'n/a', 'Briseida Berroteran', 1, 91, NULL, NULL),
(1289, 'PRO-1289', 'Natural', '15593335', 'MARLYN REYES ', '04241999146', 'CORO', NULL, NULL, 1, 3, NULL, NULL),
(1290, 'PRO-1290', 'Juridico', '402946260', 'Caracas Toner, C.A.', '02122655142/02122658965', 'Av. Francisco de Miranda, Edf . Centro Peru, Torre A, Piso 4, Ofic 47, Chacao', 'recargaya88@gmail.com', 'MARIANGELES ALVIS', 1, 24, NULL, NULL),
(1291, 'PRO-1291', 'Juridico', '294140521', 'INVERSIONES AFILTOR C.A.', '04126114453', 'calle la saleya n° 5 prado de maria, cementerio, caracas', 'afiltorca@hotmail.com', 'antonio ybachino', 1, 22, NULL, NULL),
(1292, 'PRO-1292', 'Natural', '18188431', 'Tony Marquez', '04242809690', 'petare san isidro', 'marquez2704@hotmail.com', 'tony marquez', 1, 13, NULL, NULL),
(1293, 'PRO-1293', 'Natural', '5610626', 'RAFAEL BERNAL', '04125917282', 'OCUMARE DEL TUY', NULL, 'RAFAEL BERNAL', 1, 62, NULL, NULL),
(1294, 'PRO-1294', 'Natural', '18813871', 'Edward Monascal', '04269084284', 'Ccaracas', NULL, NULL, 1, 5, NULL, NULL),
(1295, 'PRO-1295', 'Natural', '84605699', 'Lucien Zakhour', '04248008008', 'Bello monte', 'N/A', NULL, 1, 2, NULL, NULL),
(1296, 'PRO-1296', 'Natural', '16887116', 'DANIEL PELAYO', '00000000000000', '0000000000000', NULL, NULL, 1, 1, NULL, NULL),
(1297, 'PRO-1297', 'Juridico', '306553967', 'DISTRIBUIDORA DE HIERRO LA SILSA 2010, C.A', '0212-8700726', 'PEREZ BONALDE', 'hierrolasilsa2010@hotmail.com', 'yaimelys garcia', 1, 86, NULL, NULL),
(1298, 'PRO-1298', 'Natural', '6421707', 'agustin suarez ', '04142799951', 'OCUMARE DEL TUY', NULL, NULL, 1, 11, NULL, NULL),
(1299, 'PRO-1299', 'Natural', '12639225', 'JITSSE SANCHEZ', '0000000000000', '000000000000', NULL, NULL, 1, 24, NULL, NULL),
(1300, 'PRO-1300', 'Natural', '17301783', 'ALEXA GUZMAN', '00000000000000', '0000000000000', NULL, NULL, 1, 1, NULL, NULL),
(1301, 'PRO-1301', 'Gubernamental', '00200083875', 'Servicio Autónomo de Registros y Notarías', '0000000000000', '000000000000', '0000000000000', NULL, 1, 32, NULL, NULL),
(1302, 'PRO-1302', 'Juridico', '300436365', 'CAUCHOS Y ACCESORIOS RALLY SPORT, C.A', '02125511641', 'Av. Cajigal, residencia Acapulco, Local B', 'cauchosaccesoriosrallysport@hotmail.com', 'Hector Correa', 1, 75, NULL, NULL),
(1303, 'PRO-1303', 'Natural', '6008551', 'ANDRES NORRITO', '00000000', '000000000', NULL, NULL, 1, 1, NULL, NULL),
(1304, 'PRO-1304', 'Natural', '15067000', 'egline sanchez', '04268679711', 'Edo-Falcon localidad Coro', 'eglenissanchez@gmail.com', 'Adolfo Andrades', 1, 8, NULL, NULL),
(1305, 'PRO-1305', 'Natural', '16943430', 'elizabeth hernandez', '04268659495', 'Edo- Falcon ', NULL, NULL, 1, 21, NULL, NULL),
(1306, 'PRO-1306', 'Natural', '26874588', 'leonardo marin', '04169080860', 'Edo-Falcon localidad Coro', NULL, 'Sr.jhoan', 1, 8, NULL, NULL),
(1307, 'PRO-1307', 'Natural', '4109768', 'Edgar Reyes (Papa)', '04146660008', 'Maracibo', 'reysotca@gmail.com', 'Edgar Reyes', 1, 5, NULL, NULL),
(1308, 'PRO-1308', 'Natural', '9619786', 'Juan Seijas', '04242484563', 'chacao', NULL, NULL, 1, 57, NULL, NULL),
(1309, 'PRO-1309', 'Gubernamental', '200088168', 'GOBIERNO DEL DISTRITO CAPITAL', '00000000', '0000000000', '00000000000', '000000000000', 1, 32, NULL, NULL),
(1310, 'PRO-1310', 'Juridico', '001488111', 'Seguros Universitas', '0212-6555100', 'El Rosal ', NULL, NULL, 1, 31, NULL, NULL),
(1311, 'PRO-1311', 'Juridico', '317000137', 'autto-servicio S.H.N,.C.A', '02129452433', 'BARUTA', 'autoservicios.shn@hotmail.com', NULL, 1, 17, NULL, NULL),
(1312, 'PRO-1312', 'Natural', '22896211', 'xiorialbys ollarves', '04124275438', 'punto fijo- urumaco', NULL, 'siomara ollarves', 1, 8, NULL, NULL),
(1313, 'PRO-1313', 'Juridico', '308740535', 'GRUPO 357 FM ,C.A', '02122665857', 'CHACAO', 'grupo357@gmail.com', NULL, 1, 23, NULL, NULL),
(1314, 'PRO-1314', 'Natural', '19314577', 'carlos zalazar', '000000', 'el llanito', NULL, NULL, 1, 21, NULL, NULL),
(1315, 'PRO-1315', 'Natural', '14215006', 'Felix Romero', '00000000000', '00000000000', '0000000000', '0000000000', 1, 1, NULL, NULL),
(1316, 'PRO-1316', 'Natural', '19763568', 'Edward Bogado', '00000000000', '0000000000', '0000000000', '000000000', 1, 1, NULL, NULL),
(1317, 'PRO-1317', 'Natural', '12669793', 'francys gonzalez', 'n/a', 'n/a', 'N/A', 'Francis Gonzalez', 1, 73, NULL, NULL),
(1318, 'PRO-1318', 'Juridico', '405277653', 'COMERCIALIZADORA GMXII VENEZUELA, C.A', '02432348690', 'calle 2, casa nro 16, urb. la garza blanca santa rita, edo aragua', 'mcedenoatp@gmail.com', 'mixlenis cedeño', 1, 93, NULL, NULL),
(1319, 'PRO-1319', 'Juridico', '314192892', 'TECNOLOGIA DE RECICLAJE PROFESIONAL T.R.P., C.A.', '02122849286', 'AV. FRANCISCO DE MIRANDA C.C. CENTRO PLAZA NIVEL C-3, LOCAL 61 ', 'OPVENEZUELA@HOTMAIL.COM', 'n/a', 1, 93, NULL, NULL),
(1320, 'PRO-1320', 'Juridico', '000029504', 'Banco Exterior', '0000000000', 'Caracas', NULL, NULL, 1, 24, NULL, NULL),
(1321, 'PRO-1321', 'Natural', '18502420', 'Gerardo Annarumma', '0426.748.93.23', 'Lagunitas', NULL, 'Gerardo ', 1, 5, NULL, NULL),
(1322, 'PRO-1322', 'Natural', NULL, 'Fabiola G. Rodriguez ', '0426.748.93.23', 'Lagunitas', NULL, 'Gerardo Annarumma', 1, 5, NULL, NULL),
(1323, 'PRO-1323', 'Natural', '20978537', 'Genesis Sosa', '00000000', '00000000000', NULL, NULL, 1, 50, NULL, NULL),
(1324, 'PRO-1324', 'Natural', '24213089', 'jonathan moreno', '04241402936', 'N/A', 'albert1235260@gmail.com', 'Jonathan moreno', 1, 21, NULL, NULL),
(1325, 'PRO-1325', 'Natural', '6810436', 'SAMI SOUKI', '0000000000', '0000000000', '00000000000', '00000000000', 1, 1, NULL, NULL),
(1326, 'PRO-1326', 'Juridico', '298205288', 'La Parranda de Avila Grupo Musical', '04127002414', 'Caracas', NULL, NULL, 1, 5, NULL, NULL),
(1327, 'PRO-1327', 'Natural', '13979061', 'SUSAN SANOJA', 'n/a', 'N/A', 'N/A', 'SUSAN SANOJA', 1, 21, NULL, NULL);
INSERT INTO `proveedor` (`id`, `proveedor_codigo`, `proveedor_tipo`, `proveedor_rif`, `proveedor_nombre`, `proveedor_telefono`, `proveedor_direccion`, `proveedor_correo`, `proveedor_contacto`, `proveedor_estado`, `suministro_id`, `created_at`, `updated_at`) VALUES
(1328, 'PRO-1328', 'Natural', '13339949', 'Ives Bastidas', '04164061663', 'Guatire', NULL, NULL, 1, 1, NULL, NULL),
(1329, 'PRO-1329', 'Juridico', '6312481', 'jacqueline Rivas', '041400000', 'el llanito', NULL, NULL, 1, 8, NULL, NULL),
(1330, 'PRO-1330', 'Juridico', '299408425', 'CENTRO DE CAPACITACION INTEGRAL', '0000000000000000', '000000000000000', NULL, NULL, 1, 5, NULL, NULL),
(1331, 'PRO-1331', 'Natural', '5611146', 'oscar mirabal', 'N/A', 'N/A', 'N/A', 'oscar mirabal', 1, 21, NULL, NULL),
(1332, 'PRO-1332', 'Natural', '22035021', 'JOHELY CAMPOS', '00000000000', '0000000000000', NULL, NULL, 1, 1, NULL, NULL),
(1333, 'PRO-1333', 'Natural', '13159246', 'RAFAEL PICO', '0000000000', '0000000000', NULL, NULL, 1, 1, NULL, NULL),
(1334, 'PRO-1334', 'Natural', '13895505', 'ALISON VARELA', '00000000000', '000000000000000', NULL, NULL, 1, 1, NULL, NULL),
(1335, 'PRO-1335', 'Natural', '12553926', 'MAGDA RODRIGUEZ', '00000000000', '000000000000', NULL, NULL, 1, 1, NULL, NULL),
(1336, 'PRO-1336', 'Juridico', '310552193', 'Multiservicios M&M 1268 CA', '02123106579', 'SANTA ROSALIA', NULL, NULL, 1, 86, NULL, NULL),
(1337, 'PRO-1337', 'Natural', '20368741', 'Erick Higuera', '04263855127', 'caracas', NULL, NULL, 1, 3, NULL, NULL),
(1338, 'PRO-1338', 'Natural', '6662450', 'jose rivas', 'N/A', 'N/A', 'N/A', 'jose rivas', 0, 94, NULL, NULL),
(1339, 'PRO-1339', 'Natural', '10480293', 'Juan Anibal Toro', '04241313532', 'caracas', NULL, NULL, 1, 3, NULL, NULL),
(1340, 'PRO-1340', 'Natural', '6090783', 'Carlos Pugarito', '0426-2148636', 'Caracas', NULL, NULL, 1, 5, NULL, NULL),
(1341, 'PRO-1341', 'Natural', '5511204', 'Elvina Nava', '04167285706', 'caracas', 'dilingerrondon@hotmail.com', 'blanker Vielma', 1, 3, NULL, NULL),
(1342, 'PRO-1342', 'Natural', '0260095930', 'International Sales & Services, Inc. (IS&S, Inc.)', '58-212-9443883', '1381 Weston Road, Weston, Fl 33326', 'Mariano Matos <mariano.matos@simtel.biz>', 'mariano matos y luis yerges', 1, 94, NULL, NULL),
(1343, 'PRO-1343', 'Juridico', '308390275', 'COMERCIAL FERRE IMA CA', '02122673234', 'Av. francisco de miranda, edif Caro PB, Local PB. chacao', 'comercialferreima21@hotmail.com', 'Antonio Ima', 1, 11, NULL, NULL),
(1344, 'PRO-1344', 'Juridico', '404461973', 'asociación cooperativa ayamardel rl', '02128028020', 'la candelaria', 'cooperativaayamarel@gmail.com', 'jose perez', 1, 11, NULL, NULL),
(1345, 'PRO-1345', 'Natural', '18914765', 'sasha moreira', '04242461046', 'las palmas', NULL, NULL, 1, 79, NULL, NULL),
(1346, 'PRO-1346', 'Natural', '81293379', 'LYDIA ALLO', '04142351085', 'N/A', 'lydia.allo@gmail.com', 'lydia allo', 1, 98, NULL, NULL),
(1347, 'PRO-1347', 'Natural', '12377979', 'william valero', '04142739393', 'CALLE SEGUNDA EDIF SANTA EDUVIGES PISO PB OF 01 URB LA LAGUNA CARACAS', 'N/A', 'william valero', 1, 93, NULL, NULL),
(1348, 'PRO-1348', 'Natural', '12835814', 'HECTOR RAMOS', '04122277011', 'N/A', 'multijabicars@hotmail.com', 'hector ramos', 1, 13, NULL, NULL),
(1349, 'PRO-1349', 'Juridico', '315623790', 'PROSALMED C.A.', '02129799197', 'caracas', NULL, NULL, 1, 5, NULL, NULL),
(1350, 'PRO-1350', 'Juridico', '295972210', 'Corporacion Twinsoft C.A.', '(0212) 421-62-64', 'Av. San Juan Bosco, entre San Felipe y la Av. Ppal. La castellana, Centro Altamira, Piso 16, Ofc 16-3, Altamira – Edo. Miranda', 'cluzcategui@gmail.com/', 'Carlos Uzcategui', 1, 93, NULL, NULL),
(1351, 'PRO-1351', 'Natural', '15206290', 'GERMAN SANJUANELO', '04242223531', 'EL VALLE', 'N/A', 'GERMAN SANJUANELO', 1, 5, NULL, NULL),
(1352, 'PRO-1352', 'Natural', '10548150', 'GRACIELA ROSALES', '04241137203', 'Mercado libre', 'N/A', 'GRACIELA ROSALES', 1, 86, NULL, NULL),
(1353, 'PRO-1353', 'Juridico', '000838623', 'CLUB DEL TROTAMUNDO C A', '0212-2671166', 'AV LIBERTADOR MULTICENTRO EMPRESARIAL DEL ESTE TORRE LIBERTADOR NUCLEO A', 'smata@clubdeltrotamundo.com', 'SERGIO MATA', 1, 2, NULL, NULL),
(1354, 'PRO-1354', 'Juridico', '309081640', 'extinproca supply,c.a', '02399620009', 'PORLAMAR', NULL, NULL, 1, 47, NULL, NULL),
(1355, 'PRO-1355', 'Natural', '3979266', 'MARIE ALSIN', '02122838835', 'LOS PALOS GRANDES', 'MARIEALSINA@GMAIL.COM', 'MARIE ALSINA', 1, 32, NULL, NULL),
(1356, 'PRO-1356', 'Natural', '15560134', 'Carlos Amador', '04248482141', 'Capitolio', 'N/A', 'CARLOS AMADOR', 1, 99, NULL, NULL),
(1357, 'PRO-1357', 'Natural', '25213994', 'JESUS ACOSTA', '04242677472', 'SABANA GRANDE', 'JESUS_ACOSTA_ML@HOTMAIL.COM', 'JESUS ACOSTA', 1, 82, NULL, NULL),
(1358, 'PRO-1358', 'Natural', '14906881', 'JHON JAIRO SANCHEZ', '000000000000', '00000000000000000000', '000000000000', '0000000000000', 1, 5, NULL, NULL),
(1359, 'PRO-1359', 'Natural', '6358907', 'Lorenzo cartaya', '00000', 'san martin', NULL, NULL, 1, 32, NULL, NULL),
(1360, 'PRO-1360', 'Natural', '20051558', 'Vanessa Espinel', '04168092735', 'caracas', NULL, NULL, 1, 2, NULL, NULL),
(1361, 'PRO-1361', 'Natural', '22034123', 'MARIANA BRICEÑO', '00000000000000', '00000000000', NULL, NULL, 1, 1, NULL, NULL),
(1362, 'PRO-1362', 'Natural', '942496', 'rodolfo brito', '04261985983', 'margarita-porlamar', NULL, NULL, 1, 1, NULL, NULL),
(1363, 'PRO-1363', 'Natural', '17159022', 'dany marques', '00000', 'catia la mar', NULL, NULL, 1, 1, NULL, NULL),
(1364, 'PRO-1364', 'Juridico', '301110684', 'Metrocopy C.A', '000000000000', '00000000000', NULL, NULL, 1, 57, NULL, NULL),
(1365, 'PRO-1365', 'Natural', '10380114', 'RAFAEL SIMON', '04143892283', 'MERCADO LIBRE', 'N/A', 'RAFAEL SIMON', 1, 94, NULL, NULL),
(1366, 'PRO-1366', 'Natural', '17975763', 'ROBERT VELIZ', '000000000', '000000000000', '00000000000', '00000000000000', 1, 1, NULL, NULL),
(1367, 'PRO-1367', 'Juridico', '311458581', 'JLM  99 REDES Y SERVICIOS ', '02128601605', 'ESQ CONDE', '0000000', '000000000', 1, 57, NULL, NULL),
(1368, 'PRO-1368', 'Juridico', '312698454', 'REFRIAMERICA C.A.', '04142012878', 'Calle Alfredo Jahn, entre 4ta Quinta Alex, Transversal 3', 'alberto.rivas@refriamerica.com', 'ALBERTO RIVAS', 1, 81, NULL, NULL),
(1369, 'PRO-1369', 'Juridico', '000000000', 'international sales & services, inc', '02129443883', 'la trinidad ', NULL, NULL, 1, 94, NULL, NULL),
(1370, 'PRO-1370', 'Natural', '6820653', 'Alfredo Rondon', '04241999146', 'caracas', 'alfredorndon65@gmail.com', 'Dilinger Rondon', 1, 57, NULL, NULL),
(1371, 'PRO-1371', 'Natural', '00000000', 'JONATHAN SEIJAS', 'N/A', 'N/A', 'N/A', 'JONATHAN SEIJAS', 1, 79, NULL, NULL),
(1372, 'PRO-1372', 'Natural', '17719915', 'NENA MORA', '04243468481', 'CAPITOLIO', 'andreatgf84@hotmail.com', 'ANDREA GONZALEZ', 1, 13, NULL, NULL),
(1373, 'PRO-1373', 'Natural', '16545083', 'david rios', '0000000000', 'PORLAMAR', NULL, NULL, 1, 1, NULL, NULL),
(1374, 'PRO-1374', 'Juridico', '1111111', 'ALPHONSO CAR RENTAL', '11111111111111', 'BVI TORTOLA', NULL, NULL, 1, 28, NULL, NULL),
(1375, 'PRO-1375', 'Natural', '12811805', 'LISBETH SILVA', '000000000', '00000000000', NULL, NULL, 1, 2, NULL, NULL),
(1376, 'PRO-1376', 'Juridico', '312319810', 'CRUZ SALUD', '000000000', '000000000000', '0000000', '00000000000', 1, 5, NULL, NULL),
(1377, 'PRO-1377', 'Juridico', '295999143', 'CORPORACION COMINDCA', '04265127444', 'BELLO MONTE', 'N/A', 'PABLO COLMENARES', 1, 115, NULL, NULL),
(1378, 'PRO-1378', 'Natural', '4172803', 'OMAR SALGADO', '04143160507', 'CHACAO', NULL, NULL, 1, 2, NULL, NULL),
(1379, 'PRO-1379', 'Natural', '13865989', 'Jesus Oliveros', '000000000', '00000000000', NULL, NULL, 1, 2, NULL, NULL),
(1380, 'PRO-1380', 'Natural', '11314092', 'JOSE MARI', '04126254557', 'MERCADO LIBRE', 'N/A', 'JOSE MARI', 1, 9, NULL, NULL),
(1381, 'PRO-1381', 'Natural', '16030628', 'andreina rodriguez ', '00000000000000000000', 'N_A', NULL, NULL, 1, 21, NULL, NULL),
(1382, 'PRO-1382', 'Juridico', '314051474', 'MBEV41, C.A.', 'N/A', 'multicentro empresarial del este', 'N/A', 'n/a', 1, 41, NULL, NULL),
(1383, 'PRO-1383', 'Natural', '1111111111111', 'TRS RENTELCOM', '8008747123', 'mexico', 'bert.rojas@trs-rentelco.com', 'bert rojas', 1, 94, NULL, NULL),
(1384, 'PRO-1384', 'Juridico', '410251212', 'CORPORACION AZUJIM 2017, C.A', '02124760240', 'CALLE REAL DE LOS CANGILONES DE LA VEGA', 'CORPORACIONAZUJIM2017@GMAIL.COM', 'JOSE JIMENEZ', 1, 13, NULL, NULL),
(1385, 'PRO-1385', 'Natural', '17960757', 'RUDY CORRO', '04149165968', 'VARGAS', 'MONASTERIOLAU@GMAIL.COM', 'RUDY CORRO', 1, 21, NULL, NULL),
(1386, 'PRO-1386', 'Natural', '15505618', 'Deysi Moncayo', '04129627070', 'N/A', 'bjc@softprint.com.ve ', 'Deysi Moncayo', 1, 13, NULL, NULL),
(1387, 'PRO-1387', 'Natural', '17144275', 'Verónica Farías ', '04149020308', 'N/A', 'vfarias85@gmail.com', 'Verónica Farías ', 1, 13, NULL, NULL),
(1388, 'PRO-1388', 'Natural', '20755418', 'YUBIRY RAVELO', '04123905413', 'N/A', 'N/A', 'mercado libre', 1, 13, NULL, NULL),
(1389, 'PRO-1389', 'Natural', '16598366', 'ROGER DOKMAJI', '02124612176', 'EL PARAISO', 'N/A', 'ROGER DOKMAJI', 1, 21, NULL, NULL),
(1390, 'PRO-1390', 'Natural', '12785040', 'JENNY MOGOLLON', '04145405020', 'RUIZ PINEDA', 'N/A', 'JENNY MOGOLLON', 1, 21, NULL, NULL),
(1391, 'PRO-1391', 'Natural', '16284737', 'Vilcy Bravo', '0412-9974564', 'Caracas ', 'vilcy.bravo@jhcpconstruccion.com', 'Magda Rodriguez', 1, 1, NULL, NULL),
(1392, 'PRO-1392', 'Natural', '19998836', 'CLAUDIA DOKMAJI', '02124612176', 'EL PARAISO', 'N/A', 'CLAUDIA DOKMAJI', 1, 81, NULL, NULL),
(1393, 'PRO-1393', 'Natural', '18404181', 'Rubens Romero', '04241862080', 'Guarenas', 'rubens.romero@jhcpconstruccion.com', 'Magda Rodriguez', 1, 1, NULL, NULL),
(1394, 'PRO-1394', 'Natural', '11431316', 'DOMINGO ABREU', '0000000000000', '0000000000000', '000000000000', '0000000000', 1, 1, NULL, NULL),
(1395, 'PRO-1395', 'Juridico', '296215073', 'FREMOR TECHNOLOGY C.A.', '0000000000000', '00000000000', NULL, NULL, 1, 15, NULL, NULL),
(1396, 'PRO-1396', 'Natural', '19486180', 'Diana Rivas ', '0414-0367832', 'Ruiz pineda', 'diana.rivas@jhcpconstruccion.com', 'Magda Rodriguez', 1, 1, NULL, NULL),
(1397, 'PRO-1397', 'Natural', '18112670', 'Danny Alfonzo', '0414-2107847', 'Mamera', 'danny.alfonzo@jhcpconstruccio.com', 'Magda Rodriguez', 1, 1, NULL, NULL),
(1398, 'PRO-1398', 'Natural', '14891385', 'edwin figueras', '04265148841', 'el valle', NULL, NULL, 1, 1, NULL, NULL),
(1399, 'PRO-1399', 'Natural', '14809381', 'melinda betancurt', 'n-a', 'n-a', NULL, NULL, 1, 17, NULL, NULL),
(1400, 'PRO-1400', 'Natural', '13223477', 'francagelo tuise', '02126930362', 'plaza venezuela', 'automotriznovivelia117@gmail.com', NULL, 1, 60, NULL, NULL),
(1401, 'PRO-1401', 'Natural', '15000112', 'SAIMIR BORGES', '04144273290', 'VALENCIA', 'N/A', 'GERMAN GONZALEZ', 1, 21, NULL, NULL),
(1402, 'PRO-1402', 'Juridico', '405123974', 'INVERSIONES LEMUSCARS, C.A', '04241501886', 'AV CASANOVA', 'N/A', 'mercado libre', 1, 21, NULL, NULL),
(1403, 'PRO-1403', 'Natural', '6366603', 'Jesus Salazar', '0000000000000000', '00000000000000', NULL, NULL, 1, 1, NULL, NULL),
(1404, 'PRO-1404', 'Natural', '16345777', 'ANDREA GONZALEZ', '04243468481', 'Maracay', 'andreatgf84@hotmail.com', 'ANDREA GONZALEZ', 1, 13, NULL, NULL),
(1405, 'PRO-1405', 'Juridico', '307682370', 'Inversiones 5876, C.A', '02122383920', 'los chorros', 'Drywall Montecristo <ventas@drywall.com.ve>', NULL, 1, 13, NULL, NULL),
(1406, 'PRO-1406', 'Juridico', '312528583', 'Digital Printco CA', '04120278743', 'Caracas', NULL, NULL, 1, 5, NULL, NULL),
(1407, 'PRO-1407', 'Natural', '20678040', 'KELVIN GONZALEZ', 'N/A', 'VARGAS', 'N/A', 'KELVIN GONZALEZ', 1, 2, NULL, NULL),
(1408, 'PRO-1408', 'Natural', '12835299', 'yeferry albornoz', '04242958548', '23 de enero', NULL, 'alexander perez', 1, 5, NULL, NULL),
(1409, 'PRO-1409', 'Natural', '18486017', 'PERLA ROMERO', 'N/A', 'CATIA', 'N/A', 'PERLA ROMERO', 1, 13, NULL, NULL),
(1410, 'PRO-1410', 'Natural', '11928402', 'FATIMA DE GOUVEIA RODRIGUEZ', 'N/A', 'CATIA', 'N/A', 'FATIMA RODRIGUEZ', 1, 13, NULL, NULL),
(1411, 'PRO-1411', 'Juridico', '404122141', 'INVERSIONES FERINCA 0523 C.A', 'N/A', 'CATIA', 'N/A', 'FERRETERIA', 1, 13, NULL, NULL),
(1412, 'PRO-1412', 'Juridico', '409932664', 'INVERSIONES 1992 W.E.C, C.A', 'N/A', 'lidice', 'N/A', 'JOVANY CONTRERAS', 1, 13, NULL, NULL),
(1413, 'PRO-1413', 'Natural', '23616165', 'marina pardo', '0', 'las mayas', NULL, NULL, 1, 116, NULL, NULL),
(1414, 'PRO-1414', 'Juridico', '408872579', 'inversiones editoruim,c.a', '02127511553', 'bello monte', 'pionero_vb@hotmail.com', 'silvia', 1, 77, NULL, NULL),
(1415, 'PRO-1415', 'Natural', '22040803', 'Hernan Silva', '04141725163', 'petare', 'materialeshs20@gmail.com', 'Hernan Silva', 1, 13, NULL, NULL),
(1416, 'PRO-1416', 'Natural', '82137650', 'ABEL SILVA', '04141725163', 'PETARE', 'materialeshs20@gmail.com', 'HERNAN SILVA', 1, 13, NULL, NULL),
(1417, 'PRO-1417', 'Natural', '16542684', 'yasmith orozco', '04126249449', 'las palmas', 'N/A', 'jorge arango', 1, 13, NULL, NULL),
(1418, 'PRO-1418', 'Juridico', '404902996', 'AUTOMOTRIZ NOVI VELIA 117 C.A', '02126931898', 'los chaguaramos', 'MARIA ANGELICA YEPEZ JASPE <automotriznovivelia117@gmail.com>', 'maria yepez', 1, 17, NULL, NULL),
(1419, 'PRO-1419', 'Natural', '5966433', 'DANIEL TROSEL', '02128720173', 'AV. FUERZAS ARMADAS NORTE, CALLE ESTE 15 CON NORTE 9', 'N/A', 'DANIEL TROSEL', 1, 13, NULL, NULL),
(1420, 'PRO-1420', 'Juridico', '403018677', 'MARMOLES Y GRANITOS VENECOLL, C.A.', '04142882716', 'mariperez', 'venecollgranitos@gmail.com', NULL, 1, 13, NULL, NULL),
(1421, 'PRO-1421', 'Juridico', '295033770', 'COLOR CENTRAL,C.A', '02446619022', 'turmero', 'colorcentral@hotmail.com', 'ZULAY DELGADO', 1, 13, NULL, NULL),
(1422, 'PRO-1422', 'Juridico', '302376572', 'CERAMICAS PARA EL HOGAR, C.A.', '02123104783', 'caurimare', 'josema@ceramihogar.com.ve', 'Sr. Jose Marchan', 1, 13, NULL, NULL),
(1423, 'PRO-1423', 'Natural', '14034103', 'ROSARIO LOPEZ', '04242474664', 'PRADOS DEL ESTE', 'MERCADO LIBRE', 'ROSARIO LOPEZ', 1, 86, NULL, NULL),
(1424, 'PRO-1424', 'Juridico', '313452521', 'DISTRIBUIDORA  UNIFORVEN', '02123254020', 'BOLEITA CARAXAA', NULL, NULL, 1, 19, NULL, NULL),
(1425, 'PRO-1425', 'Juridico', '314093347', 'CENTRAL 19 DISTRIBUIDORA C.A', '0424-2226241', 'Caracas', 'saulllinasabdul8@hotmail.com', NULL, 1, 19, NULL, NULL),
(1426, 'PRO-1426', 'Juridico', '310112355', 'INVERSIONES GUATCA', '0212 3261122', 'San Antonio de los Altos', 'ventas.inversionesguatca@gmail.com', 'Juan Kempes', 1, 19, NULL, NULL),
(1427, 'PRO-1427', 'Natural', '403068275', 'BIA INSUMOS Y SEGURIDAD,CA.', '0212-4341252 ', 'EL PARAISO CARACAS', 'biainsumosyseguridad@gmail.com', NULL, 1, 19, NULL, NULL),
(1428, 'PRO-1428', 'Natural', '297136967', 'INVERSIONES INDUSTRIALES LINARES, C.A.', '04140311110', 'TURMERO', 'N/A', 'ALFONSO LINARES', 1, 13, NULL, NULL),
(1429, 'PRO-1429', 'Natural', '20564690', 'OWIN REINOZA', '04129639830', 'CATIA', 'OWINREINOZA91@GMAIL.COM', 'OWIN REINOZA', 1, 13, NULL, NULL),
(1430, 'PRO-1430', 'Natural', '19247984', 'MARCOS RASETTI', '04243479319', 'Maracay', 'N/A', 'SUSAN HERNANDEZ', 1, 13, NULL, NULL),
(1431, 'PRO-1431', 'Natural', '13657950', 'NELSON QUEVEDO', '0', 'caracas', '0', '0', 1, 72, NULL, NULL),
(1432, 'PRO-1432', 'Juridico', '6133979', 'JUAN VERA', '0', 'CAGUA', NULL, NULL, 1, 57, NULL, NULL),
(1433, 'PRO-1433', 'Natural', '24173119', 'JOSMAR JOSE PACHECO RODRIGUEZ', '04144582850 / 04120377504', 'CAGUA', NULL, NULL, 1, 5, NULL, NULL),
(1434, 'PRO-1434', 'Natural', '14060148', 'JOHNNY ALBERTO MARTINEZ ALVAREZ', '4162308670', 'CAGUA', NULL, NULL, 1, 5, NULL, NULL),
(1435, 'PRO-1435', 'Natural', '8097712', 'ALVARO RAMIREZ', '4165485032', 'CAGUA', NULL, NULL, 1, 5, NULL, NULL),
(1436, 'PRO-1436', 'Natural', '17954471', 'ANGEL LUIS BARCO BARRIOS', '4162382444', 'CAGUA', NULL, NULL, 1, 5, NULL, NULL),
(1437, 'PRO-1437', 'Natural', '26681534', 'ELVIS ALEJANDRO ZOTO CASTILLO', '4168402329', 'CAGUA', NULL, NULL, 1, 5, NULL, NULL),
(1438, 'PRO-1438', 'Natural', '26151588', 'AXEL ALBERTO OJEDA ARAGORT ', '423153649', 'CAGUA', NULL, NULL, 1, 5, NULL, NULL),
(1439, 'PRO-1439', 'Natural', '17246724', 'GREDYS ANTONIO ORTIZ SANGRONIS ', '01340033450333068222', 'CAGUA', NULL, NULL, 1, 5, NULL, NULL),
(1440, 'PRO-1440', 'Natural', '13969246', 'CRISTIAN DURAN', 'N/A', 'CATIA', 'N/A', 'CRISTIAN DURAN', 1, 13, NULL, NULL),
(1441, 'PRO-1441', 'Natural', '9646909', 'Lucas Caballero ', '0', 'CAGUA', NULL, NULL, 1, 5, NULL, NULL),
(1442, 'PRO-1442', 'Natural', '6559707', 'LAURA SCHETTINI', '04141400410', 'Caracas', NULL, NULL, 1, 1, NULL, NULL),
(1443, 'PRO-1443', 'Natural', '24389472', 'ALEXANDER BLANCO', '0', 'CAGUA', NULL, NULL, 1, 5, NULL, NULL),
(1444, 'PRO-1444', 'Juridico', '408268280', 'SERVIMAQUINARIA LFB 2016, C.A.', '0424-2032191', 'servimaquinarialfb2016ca@gmail.com', 'FERNANDO BERMUDEZ <servimaquinarialfb2016ca@gmail.com', 'Sr. Frank Guerra ', 1, 3, NULL, NULL),
(1445, 'PRO-1445', 'Natural', '6865233', 'Martin Martinez', '04166273743', 'caracas venezuela', NULL, 'ismarlin', 1, 2, NULL, NULL),
(1446, 'PRO-1446', 'Natural', '8705555', 'JOSE OMAR GUILLEN', '04267818282', 'PETARE', NULL, 'JOSE OMAR', 1, 2, NULL, NULL),
(1447, 'PRO-1447', 'Natural', '9119015', 'LIZBETH OLVIERI', '04142397779', 'SAN ANTONIO', NULL, 'NICOLAS NUNEZ', 1, 2, NULL, NULL),
(1448, 'PRO-1448', 'Natural', '18910708', 'JACOB BENZAQUEN', '0', '0', NULL, NULL, 1, 5, NULL, NULL),
(1449, 'PRO-1449', 'Natural', '26734566', 'EUDIS NOGUERA', '0', '0', NULL, NULL, 1, 5, NULL, NULL),
(1450, 'PRO-1450', 'Juridico', '313765520', 'Diesel Proyeccion Maximo', '02512659029', 'Barquisimeto', NULL, NULL, 1, 17, NULL, NULL),
(1451, 'PRO-1451', 'Natural', '17034479', 'Douglas Chuello', '04143533189', 'barquisimeto', NULL, 'william betancour', 1, 17, NULL, NULL),
(1452, 'PRO-1452', 'Natural', '12420522', 'Maria Abreu', '04141532213', 'Caracas', NULL, 'Pedro Peña', 1, 2, NULL, NULL),
(1453, 'PRO-1453', 'Natural', '19124523', 'ISMAR LOPEZ', '04122633378', 'BARUTA', NULL, 'NIUMAR', 1, 42, NULL, NULL),
(1454, 'PRO-1454', 'Natural', '19131315', 'Yoleidy Santana ', '04128977938', 'Cagua', NULL, 'Vilcy.', 1, 2, NULL, NULL),
(1455, 'PRO-1455', 'Natural', '13910507', 'EDUARDO NUÑEZ', '04241091362', 'SAN ANTONIO', NULL, 'EDUARDO (EL CHINO)', 1, 82, NULL, NULL),
(1456, 'PRO-1456', 'Natural', '7469523', 'lina marquez', '0', 'CAGUA', NULL, NULL, 1, 5, NULL, NULL),
(1457, 'PRO-1457', 'Natural', '16542174', 'SERGIO HERNANDEZ', '0', 'AV LOS SAMANES', NULL, NULL, 1, 1, NULL, NULL),
(1458, 'PRO-1458', 'Natural', '20561615', 'ANTHONY  CADENAS', '0', '0', '0', NULL, 1, 5, NULL, NULL),
(1459, 'PRO-1459', 'Natural', '26519877', 'KAREN RUMBO', '0', '0', NULL, NULL, 1, 5, NULL, NULL),
(1460, 'PRO-1460', 'Juridico', '20604712', 'ricardo moncada', '041691224144', 'catia', NULL, NULL, 1, 2, NULL, NULL),
(1461, 'PRO-1461', 'Natural', '11690894', 'YELITZA GIL', '04141111232', 'VARGAS', NULL, 'IRWIN', 1, 2, NULL, NULL),
(1462, 'PRO-1462', 'Natural', '18542361', 'YORMAN HERNANDEZ', '04168092735', 'MACARAO', NULL, 'YORMAN', 1, 2, NULL, NULL),
(1463, 'PRO-1463', 'Natural', '12738919', 'Marlene Elisa', '04128545287', 'Villa de Cura ', NULL, 'ismarlin', 1, 13, NULL, NULL),
(1464, 'PRO-1464', 'Natural', '15302480', 'LENIS AREVALO', '04129974564', 'CAGUA', 'JOHANAMI@HOTMAIL.COM', 'LENIS', 1, 86, NULL, NULL),
(1465, 'PRO-1465', 'Juridico', '295245890', 'MULTISERVICIOS BRIPÉZ 33, C.A', '02129459290', 'baruta', NULL, NULL, 1, 17, NULL, NULL),
(1466, 'PRO-1466', 'Natural', '14037200', 'juan sarmiento', 'n-a', 'n-a', NULL, NULL, 1, 81, NULL, NULL),
(1467, 'PRO-1467', 'Natural', '18352695', 'Luis Miguel Rondon', '0', 'Propatria', NULL, NULL, 1, 1, NULL, NULL),
(1468, 'PRO-1468', 'Natural', '293821150', 'ELECTRO INDUSTRIAL JC 3000, C.A', '02122679743', 'Calle sucre, edif Galeria, PB, local b chacao', 'electroindustrialjc@gmail.com', 'ROMINA', 1, 85, NULL, NULL),
(1469, 'PRO-1469', 'Juridico', '403759634', 'MATERIALES ELECTRICOS EL OASIS DE CHACAO, C.A.', 'N/A', 'chacao', 'N/A', 'hidalgo', 1, 85, NULL, NULL),
(1470, 'PRO-1470', 'Juridico', '00102744', 'zoom international services,c.a', '0800zoom00', 'los teques', NULL, NULL, 1, 41, NULL, NULL),
(1471, 'PRO-1471', 'Natural', '16557727', 'ROBERT ALFONZO RINCONES', '0', 'CARACAS SAN MARTIN', NULL, NULL, 1, 5, NULL, NULL),
(1472, 'PRO-1472', 'Natural', '19318533', 'Juan Carlos Vasquez', '0', '0', 'jcvelasquez87@gmail.com', 'Juan Carlos Velazquez', 1, 58, NULL, NULL),
(1473, 'PRO-1473', 'Natural', '20492923', 'JOSUE RONDON', '04242576367', 'LA CALIFORNIA', 'N/A', 'mercado libre', 1, 86, NULL, NULL),
(1474, 'PRO-1474', 'Natural', '14298885', 'Robert Melendez', '04248581056', 'caracas', NULL, 'Darwin Urdaneta', 1, 85, NULL, NULL),
(1475, 'PRO-1475', 'Natural', NULL, 'YEFERRY ALBORNOZ', '04242958548', '23 ENERO', NULL, 'ALEXANDER', 1, 13, NULL, NULL),
(1476, 'PRO-1476', 'Juridico', '403704449', 'Bordados Herrera Ojeda C.A', '(0414).161.26.61', 'Caracas', 'bordadosherrera.ojeda@gmail.com', 'Herrera Ojeda', 1, 19, NULL, NULL),
(1477, 'PRO-1477', 'Natural', '22002921', 'GIOVANY POVEDA ', '04148568128', 'CAGUA ', 'tiaragual@yahoo.es', 'Antoiner ', 1, 2, NULL, NULL),
(1478, 'PRO-1478', 'Natural', '18164884', 'Miraydis Marin ', '0', 'San Antonio de los Altos', NULL, NULL, 1, 6, NULL, NULL),
(1479, 'PRO-1479', 'Natural', '18011821', 'Daniel Maldonado', '0', 'Caracas', NULL, NULL, 1, 5, NULL, NULL),
(1480, 'PRO-1480', 'Natural', '12146484', 'Vladimir Mujica', '0', 'Caracas', NULL, NULL, 1, 15, NULL, NULL),
(1481, 'PRO-1481', 'Natural', '13190501', 'JAVIER COLL', '00426596069', 'MARGARITA', NULL, NULL, 1, 93, NULL, NULL),
(1482, 'PRO-1482', 'Natural', '9487784', 'MARIELA LIRA', '0', 'CARACAS', NULL, NULL, 1, 2, NULL, NULL),
(1483, 'PRO-1483', 'Juridico', '000074488', 'comercial pariata c.a', '04261051806', 'caracas', NULL, 'gandica', 1, 117, NULL, NULL),
(1484, 'PRO-1484', 'Natural', '22761593', 'Darwi Urdaneta', '04121188203', 'caracas', NULL, NULL, 1, 21, NULL, NULL),
(1485, 'PRO-1485', 'Juridico', '002711442', 'FERRETERÍA EPA', '0241-8560000', 'VALENCIA', NULL, NULL, 1, 11, NULL, NULL),
(1486, 'PRO-1486', 'Juridico', '307845961', 'SILICE VENEZUELA', '0243-554-9406', 'MARACAY', NULL, NULL, 1, 11, NULL, NULL),
(1487, 'PRO-1487', 'Natural', '10823465', 'Yidgar Novoa', '04141561869', 'caracas', NULL, NULL, 1, 85, NULL, NULL),
(1488, 'PRO-1488', 'Juridico', '31403651', 'Servicios Automotrices JJ', '02122569989', 'Caracas', 'serviauto3000@gmail.com', NULL, 1, 73, NULL, NULL),
(1489, 'PRO-1489', 'Natural', '16285206', 'MARTHA JIMENEZ ', '02122569989', 'CARACAS', 'serviauto3000@gmail.com', NULL, 1, 73, NULL, NULL),
(1490, 'PRO-1490', 'Natural', '10118274', 'Daniel Tovar Aponcio', '04127343136', 'Caracas', NULL, NULL, 1, 2, NULL, NULL),
(1491, 'PRO-1491', 'Natural', '15504939', 'RELVIS ALBERTO ANZOLA SANCHES', '02124717470', 'CARACAS', NULL, 'RELVIS', 1, 118, NULL, NULL),
(1492, 'PRO-1492', 'Natural', '25751980', 'JOSE MIGUEL CAMPOS MENDEZ', '0', 'CARACAS', NULL, NULL, 1, 119, NULL, NULL),
(1493, 'PRO-1493', 'Natural', '6948905', 'OMAR CAMPOS', '0', 'CARACAS', NULL, NULL, 1, 120, NULL, NULL),
(1494, 'PRO-1494', 'Natural', '19194709', 'JESUS CAMPOS MENDEZ', '0', 'CARACAS', NULL, NULL, 1, 119, NULL, NULL),
(1495, 'PRO-1495', 'Natural', '10780445', 'JESUS CAMPOS REQUEZ', '0', 'CARACAS', NULL, NULL, 1, 120, NULL, NULL),
(1496, 'PRO-1496', 'Natural', '17132115', 'DENISSE A CORRALES Q', '04145663345', 'CARACAS', 'DENISSE.CORRALES@JHCPCONSTRUCCION.COM|', 'DENISSE CORRALES', 1, 121, NULL, NULL),
(1497, 'PRO-1497', 'Natural', '21344606', 'IVANNA PARRICELLI - ANDAMIOS CANOSA', '0212461.4897 ', 'Calle D, Edif. Pauliselli, Ofic. 1, El Paraiso, Caracas', NULL, 'IVANNA PAULLICELI', 1, 40, NULL, NULL),
(1498, 'PRO-1498', 'Juridico', '303943535', 'Ferretería Castellana Plaza I', '02122642224  02122634986', 'Calle Jose Felix Ribas entre Av principal y calle Miranda Urb La Castellana Caracas', 'retencionescastellanaplaza@hotmail.com', 'Gregory Salcedo', 1, 94, NULL, NULL),
(1499, 'PRO-1499', 'Juridico', '309801694', 'Centro Clinico Coromoto', '0247-3420891', 'Edo. Apure,Ciudad San Fernando De Apure, Cl. Negro Primero, Edificio Ctro. Clínico Coromoto, Piso Pb, Local 1, Sector Centro', 'cccoromoto_1@hotmail.com', 'Lcdo. Cherry Godoy', 1, 5, NULL, NULL),
(1500, 'PRO-1500', 'Natural', '11367102', 'Jesus Infante', '00000000', '00000000', NULL, NULL, 1, 73, NULL, NULL),
(1501, 'PRO-1501', 'Natural', '20872888', 'Daniela Ortuño', '0', 'Caracas', NULL, NULL, 1, 12, NULL, NULL),
(1502, 'PRO-1502', 'Natural', '20744931', 'MARIA YERALDIN FLORES', '04127075508', 'Caracas', NULL, NULL, 1, 5, NULL, NULL),
(1503, 'PRO-1503', 'Natural', '12904631', 'Trina Mendez', '04144747411', 'San Fernando de Apure', 'trinamendez@mail.com', 'Dra Trina Mendez', 1, 5, NULL, NULL),
(1504, 'PRO-1504', 'Natural', '8551575', 'MARIELA BIAGGI', '04268889648', 'CARACAS ', 'mariela_biaggi@hotmail.com', NULL, 1, 28, NULL, NULL),
(1505, 'PRO-1505', 'Juridico', '410791705', 'GRUPO ALTLA C.A.', '04142116010', 'Av. Montevideo, Sector Plaza Venezuela Urb. Los Caobos Qta. America Nro. 30. Caracas Distrito Capital, Zona postal 1050.', 'GRUPOALTLA.ING@GMAIL.COM', 'ING- FREDERIC JAIMES', 1, 122, NULL, NULL),
(1506, 'PRO-1506', 'Juridico', '312481897', 'Mancoselma, c.a', '02127926035', 'mariperez', 'mancoselma@gmail.com', 'gandica', 1, 81, NULL, NULL),
(1507, 'PRO-1507', 'Natural', '21379652', 'SOLANGER CAMPO', '0', 'CARACAS', 'solangercampo@hotmail.com', 'solanger campo', 1, 123, NULL, NULL),
(1508, 'PRO-1508', 'Natural', '22951320', 'FRANCISCO JAVIER GARCIA ', '0', 'CARACAS', NULL, 'FRANCISCO JAVIER GARCIA', 1, 119, NULL, NULL),
(1509, 'PRO-1509', 'Natural', '19195628', 'PEDRO JOSE HERNANDEZ', '0', 'SAN CASIMIRO', NULL, NULL, 1, 119, NULL, NULL),
(1510, 'PRO-1510', 'Natural', '11950626', 'Francis Ponce', '0', 'dabajuro coro', NULL, NULL, 1, 32, NULL, NULL),
(1511, 'PRO-1511', 'Juridico', '301784626', 'ARENERA INDUSTRIAL RIO CRISTALINO 1 C.A.', '02128877897', 'MACARAO', NULL, NULL, 1, 124, NULL, NULL),
(1512, 'PRO-1512', 'Natural', '13292855', 'Rafael Arturo Perez', '0', '>Caracas', 'rafaelarturop@hotmail.com', NULL, 1, 73, NULL, NULL),
(1513, 'PRO-1513', 'Natural', '046793834', 'Alex Fermín Sanabria González', '04167154986/04242211272', 'Av Juan Manuel Cajigal con San Andrés casa Nro° 42 Urb San Andrés, Caracas ', NULL, 'Alex Sanabria', 1, 50, NULL, NULL),
(1514, 'PRO-1514', 'Juridico', '310989265', 'HIDROMATICOS BOLEITA C.A.', '0', '0', NULL, NULL, 1, 73, NULL, NULL),
(1515, 'PRO-1515', 'Natural', '18967788', 'Felix Rigaud', '04241366459', 'El Paraiso, Caracas', 'felixrc25@hotmail.com', 'Felix Rigaud', 1, 71, NULL, NULL),
(1516, 'PRO-1516', 'Juridico', '401045553', 'Famedical Services', '(0261)616.6373', 'Av. 22A, con Calle 67, Qta. Yaya, Local Nº. 67-72 (Detrás de Udimagen), Indio Mara, Maracaibo', 'famedicalservices@gmail.com', NULL, 1, 5, NULL, NULL),
(1517, 'PRO-1517', 'Natural', '17147256', 'ALFONZO QUINTERO', '04242485728', 'CARACAS', NULL, 'ALFONZO QUINTERO', 1, 39, NULL, NULL),
(1518, 'PRO-1518', 'Natural', '13944611', 'MARIA LOURDES RIVAS', '0', 'MACARAO', NULL, NULL, 1, 125, NULL, NULL),
(1519, 'PRO-1519', 'Natural', '10174719', 'Zuly Vergara', '04166259026', 'santa monica', NULL, 'victor gandica', 1, 21, NULL, NULL),
(1520, 'PRO-1520', 'Natural', '23642058', 'Anderson Piña', '0', '0', NULL, NULL, 1, 1, NULL, NULL),
(1521, 'PRO-1521', 'Natural', '12383115', 'ALAND LUIS LOPEZ MOYA', '0', 'Caracas', NULL, NULL, 1, 6, NULL, NULL),
(1522, 'PRO-1522', 'Natural', '8844353', 'Walter Mejia', '04262506024', 'Maracaibo', '0', '0', 1, 2, NULL, NULL),
(1523, 'PRO-1523', 'Natural', '13580790', 'NIUMAR LÓPEZ', '04122633378', 'BARUTA', NULL, 'NIUMAR LÓPEZ 04261121444', 1, 42, NULL, NULL),
(1524, 'PRO-1524', 'Natural', '15821765', 'ALBERT JAVIER RIVAS FLORES', '0', 'MACARAO', NULL, NULL, 1, 118, NULL, NULL),
(1525, 'PRO-1525', 'Natural', '23616103', 'Juan Pardo', '04125627219', 'caracas', NULL, 'victor gandica', 1, 126, NULL, NULL),
(1526, 'PRO-1526', 'Natural', '19351535', 'Neilyn Mercie', '04242268292', 'Caracas', 'neilyn.mercie@gmail.com', NULL, 1, 1, NULL, NULL),
(1527, 'PRO-1527', 'Natural', '9419476', 'ADRIAN ALI FONSECA BOSQUET', '0', 'CARACAS', NULL, NULL, 1, 120, NULL, NULL),
(1528, 'PRO-1528', 'Natural', '10119665', 'JOSE ALEXANDER ROJAS LOPEZ', '04242674013', 'CARACAS', NULL, NULL, 1, 120, NULL, NULL),
(1529, 'PRO-1529', 'Natural', '17123979', 'HENDERSON ALVAREZ', '04241763747', 'CARACAS', NULL, 'HENDERSON ALVAREZ', 1, 86, NULL, NULL),
(1530, 'PRO-1530', 'Natural', '19932548', 'LEIDY PEREZ ', '04128240482', 'HOYO DE LA PUERTA BOTE DE ESCOMBROS', NULL, 'LEIDY PEREZ', 1, 127, NULL, NULL),
(1531, 'PRO-1531', 'Natural', '7148476', 'ANTONIO TEXEIRA ', '04142776561', 'MACARAO', 'antefre71@hotmail.com', 'ANTONIO TEXEIRA', 1, 128, NULL, NULL),
(1532, 'PRO-1532', 'Natural', '21376522', 'JENNIFER MARIN', '04242797112', 'CARACAS', 'jennifermarin@.com', 'FREDDY CASTRO', 1, 118, NULL, NULL),
(1533, 'PRO-1533', 'Natural', '14609183', 'SAIDA ROMERO', '04142385216', 'PETARE', NULL, NULL, 1, 1, NULL, NULL),
(1534, 'PRO-1534', 'Natural', '405871350', 'Multiservicios K.O 19, C.A', '04125875856', 'Caracas', '0', '0', 1, 5, NULL, NULL),
(1535, 'PRO-1535', 'Juridico', '407942719', 'ELECTRIVENKA,C.A.', '02122645377', 'Calle Sucre, edf. Montecarlo PB, Urb. Chacao.', NULL, 'Cesar Verde', 1, 129, NULL, NULL),
(1536, 'PRO-1536', 'Natural', '15792803', 'KARINA VALERA', '0', 'CARACAS', NULL, 'KARINA VALERA', 1, 21, NULL, NULL),
(1537, 'PRO-1537', 'Juridico', '000704139', 'ELECTROCABLE BOLEITA,C.A', '02122381133', 'CARACAS', 'MAYERLYNG.BALZA@ELECABO.COM.VE', 'MAYERLING BALZA', 1, 129, NULL, NULL),
(1538, 'PRO-1538', 'Natural', '12778941', 'Liliana Rivas', '0212-2679013', 'Chacao', NULL, NULL, 1, 1, NULL, NULL),
(1539, 'PRO-1539', 'Natural', '27789016', 'JAIDER JUNIOR CASTEJON NIETO', '0', 'CARACAS', NULL, NULL, 1, 118, NULL, NULL),
(1540, 'PRO-1540', 'Juridico', '301429192', 'Inversiones Mack, C.A.', '02812763929', 'EDO. Anzoategui, Barcelona, Av. Argimiro Gabaldon, CCV via alterna nivel 1, sector el retorno de barrio sucre', 'ventas@inversionesmack.com', 'Alberto Rodriguez', 1, 21, NULL, NULL),
(1541, 'PRO-1541', 'Natural', '13140140', 'jimmy spema', '02126328259', 'Av. rooselvelt, edf. Sancor, Local 2 Caracas Venezuela', NULL, NULL, 1, 17, NULL, NULL),
(1542, 'PRO-1542', 'Juridico', '299379107', 'Servicios Fumiklym, C.A.', '04143060849', 'vista alegre, piso 2 Edf. belveder piso 2 apto 9', 'servicios_fumiklym@hotmail.com', 'Walter Marquez', 1, 132, NULL, NULL),
(1543, 'PRO-1543', 'Natural', '2689128', 'Jose Paulini', '04123715771', 'caracas', NULL, 'victor gandica', 1, 85, NULL, NULL),
(1544, 'PRO-1544', 'Natural', '24886920', 'GER GOMEZ', '04128207773', 'BARUTA 04125846977', NULL, 'GER GOMEZ', 1, 42, NULL, NULL),
(1545, 'PRO-1545', 'Natural', '24312409', 'JANDI IGLESIAS', '0', 'CARACAS', NULL, NULL, 1, 118, NULL, NULL),
(1546, 'PRO-1546', 'Natural', '10782835', 'JESUS IDROGO', '0', 'CARACAS', NULL, NULL, 1, 118, NULL, NULL),
(1547, 'PRO-1547', 'Natural', '19499412', 'JESUS TRAVIESO', '04143287858', 'CARACAS', NULL, 'OMAR MORALES', 1, 73, NULL, NULL),
(1548, 'PRO-1548', 'Natural', '13422330', 'juan muñoz', '04128207773', 'baruta', NULL, 'GER GOMEZ', 1, 42, NULL, NULL),
(1549, 'PRO-1549', 'Juridico', '000260311', 'MOTA SANCHEZ Y CIA, .C.A.', '02122350372', 'Boleita Norte, Edo Miranda Municipio Sucre', 'ventas.ccs@motasa.com.ve ', 'JOHAN', 1, 13, NULL, NULL),
(1550, 'PRO-1550', 'Juridico', '408208164', 'inversiones Andero, C.A.', '04241676118', 'caracas - venezuela', 'inversionesandero@gmail.com', 'Sr. Genaro', 1, 134, NULL, NULL),
(1551, 'PRO-1551', 'Juridico', '297139176', 'construcciones jes and 2009', '04160602829', 'caracas', NULL, 'carlos ', 1, 135, NULL, NULL),
(1552, 'PRO-1552', 'Natural', '15861663', 'Dra Katherine Castro', '(0245)5642351', 'Urb Loma Linda, Calle D, Casa Nro A-326, Guacara, Edo. Carabobo', 'consultorioocupacional46@gmail.com', 'Dra Katherine Castro', 1, 5, NULL, NULL),
(1553, 'PRO-1553', 'Juridico', '000244693', 'materiales Brasil, C.A.', '02125625500', 'ESQ, DESAMPARADO, LA CANDELARIA,  CARACAS', 'materialesbrasil@gmail.com', 'Jorge Gonzalez', 1, 11, NULL, NULL),
(1554, 'PRO-1554', 'Natural', '13617462', 'PARCCY GABRIELA DIAZ PACHECO', '04265107168', 'caracas', NULL, 'parcy diaz', 0, 2, NULL, NULL),
(1555, 'PRO-1555', 'Juridico', '309721860', 'Diploelca, .C.A', '02122341367', 'Caracas, boleita norte ', 'ventas@diploelca.com.ve ', 'Luis Manuel', 1, 136, NULL, NULL),
(1556, 'PRO-1556', 'Natural', '15049593', 'TOMAS GUERRERO', '0', 'porlamar', NULL, NULL, 1, 1, NULL, NULL),
(1557, 'PRO-1557', 'Juridico', '307078618', 'TUBO CENTER DC, C.A.', '02123376066', 'caracas - los dos caminos eo. miranda', 'ventas.hidromateriales@gmail.com', 'Jesus', 1, 136, NULL, NULL),
(1558, 'PRO-1558', 'Juridico', '303423965', 'CNSTRUCTORA 3000,C.A.', '02129780006', 'Los Jabillos Baruta', 'distribuidoradehierro@gmail.com', 'Alejandro ', 1, 133, NULL, NULL),
(1559, 'PRO-1559', 'Natural', '12506700', 'Luis Manuel Narváez', '0', 'Porlamar', NULL, NULL, 1, 5, NULL, NULL),
(1560, 'PRO-1560', 'Natural', '15880621', 'jhon parada', '04265107168', 'caracas', NULL, 'jhon parada', 1, 2, NULL, NULL),
(1561, 'PRO-1561', 'Juridico', '406747866', 'distribuidora feval,c.a.', '02418591480', 'CALLE GIRARDOT VALENCIA  CARABOBO', 'ventas1.feval@gmail.com', 'VENTAS', 1, 13, NULL, NULL),
(1562, 'PRO-1562', 'Natural', '16952106', 'GRISEL TREJO', '04241171801', 'MACARO', 'KATERIN_C1417@HOTMAIL.COM', 'GRISEL TREJO', 1, 118, NULL, NULL),
(1563, 'PRO-1563', 'Juridico', '403153205', 'Alquiherramientas 2112, c.a.', '04140123660', 'caracas', 'alquiherramientas2112@gmail.com', 'Patricia Trenard', 1, 94, NULL, NULL),
(1564, 'PRO-1564', 'Natural', '26217885', 'ALBANY PADRON', '0', 'Macaracuay', 'anany.padron@gmail.com', 'Albany  Padrón', 1, 3, NULL, NULL),
(1565, 'PRO-1565', 'Natural', '4512582', 'Freddy Carreño', '0', '0', NULL, NULL, 1, 5, NULL, NULL),
(1566, 'PRO-1566', 'Natural', '6935498', 'LUZMILA CORDOVA', '04244992286', 'SAN JOAQUIN', NULL, 'MARYERY DURAN', 1, 137, NULL, NULL),
(1567, 'PRO-1567', 'Juridico', '002354798', 'Ramiro Caracas ', '02122371173', 'caracas urb boleita norte', 'ramirocaracascia@gmail.com ', 'ventas', 1, 136, NULL, NULL),
(1568, 'PRO-1568', 'Natural', '12959010', 'Willian Angarita', '04143375914', 'caracas ', NULL, 'willian', 1, 86, NULL, NULL),
(1569, 'PRO-1569', 'Juridico', '304989270', 'ferreteria SDS', '02125501024', 'CARACAS SAN BERNARDINO', 'ferreteriasds@hotmail.com', 'ventas', 1, 86, NULL, NULL),
(1570, 'PRO-1570', 'Natural', '10580805', 'MARCO SERRANO', '0', 'MARACAY', NULL, 'MARCO SERRANO O MARCO LONGO', 1, 118, NULL, NULL),
(1571, 'PRO-1571', 'Juridico', '407597396', 'corporacion trueimport c.a', '04141017202', 'caracas', 'ferregroup2015@gmail.com', 'Maria Balza', 1, 11, NULL, NULL),
(1572, 'PRO-1572', 'Natural', '12809821', 'Wilfredo Borges', '02122675198', 'chacao caracas', NULL, 'andres carrion', 1, 12, NULL, NULL),
(1573, 'PRO-1573', 'Juridico', '406486787', 'Sybelab Laboratorios c,a.', '04123641491', 'El Rosal, Caracas', 'sybelabca@gmail.com', 'Lic. Veronica Araujo', 1, 5, NULL, NULL),
(1574, 'PRO-1574', 'Natural', '21465724', 'Maryery Nohely Duran', '0416-3481394 / 04124242187', 'san joaquin, Edo, Carabobo', 'maryeri15@hotmail.com', 'Maryery Nohely Duran', 1, 71, NULL, NULL),
(1575, 'PRO-1575', 'Juridico', '404907149', 'SUPLIFERMECA , C.A.', '0424-4670942', 'URB. La Floresta Manzana P. Casa nro. 23 Guacara - EDO. CARABOBO', 'fabrimet2016@gmail.com', 'Marynel Barrada', 1, 133, NULL, NULL),
(1576, 'PRO-1576', 'Juridico', '317466322', 'Ferreconstructora L.F.M, C.A ', '04142953906', 'CARACAS ', NULL, 'MARCOS SERRANO ', 1, 118, NULL, NULL),
(1577, 'PRO-1577', 'Juridico', '075763807', 'FERRETERÍA LA TURMEREÑA, C.A.', '02446631362', 'CALLE MIRANDA, EDIFICIO, VERRELLI CENTRO, Nº 60 TURMERO EDO. ARAGUA', 'FERRETERIA LA TURMEREÑA CA <ferreterialaturmerena@hotmail.com>', 'ventas', 1, 11, NULL, NULL),
(1578, 'PRO-1578', 'Natural', '15586690', 'Brian Leif Nino Adrianza', '04149103702', 'caracas- chacao', NULL, 'Lianella', 1, 11, NULL, NULL),
(1579, 'PRO-1579', 'Natural', '15397365', 'Javier Martinez', '04144069618', 'valencia', NULL, 'javier Martinez', 1, 2, NULL, NULL),
(1580, 'PRO-1580', 'Natural', '17449588', 'Laurible Jimenez', '04144805495', 'valencia- venezuela', 'lauribel-011@hotmail.com', 'OSCAR PEREZ', 1, 2, NULL, NULL),
(1581, 'PRO-1581', 'Juridico', '405333367', 'Inversiones Flores Garcia C.A.', '04244253142', 'Valencia', NULL, NULL, 1, 68, NULL, NULL),
(1582, 'PRO-1582', 'Juridico', '401086659', 'Distribuidora y suministros A&H, C.A.', '04128091973', 'Edo. Miranda los teques', 'suministrosayh@gmail.com', 'yorbelis', 1, 86, NULL, NULL),
(1583, 'PRO-1583', 'Juridico', '406982385', 'Distribuidora originales GM Valencia, C.A.', '04245378797', 'Calle rangel, valencia- venezuela', NULL, 'edwin castellanos', 1, 21, NULL, NULL),
(1584, 'PRO-1584', 'Natural', '5682862', 'Francisco Ordoñez', '04129276602', 'caracas av. urdaneta', NULL, 'Francisco Ordoñez', 1, 141, NULL, NULL),
(1585, 'PRO-1585', 'Natural', '12140817', 'Maritza Matute ', '04143481099', 'VALENCIA - VENEZUELA', NULL, 'MAYERLIS SHA', 1, 94, NULL, NULL),
(1586, 'PRO-1586', 'Natural', '16672965', 'Ronald Guerrero', '02122679013', 'PORLAMAR', NULL, 'Ronald Guerrero', 1, 120, NULL, NULL),
(1587, 'PRO-1587', 'Natural', '16552416', 'Fernando Jesus Martinez Tovar', '04140531282', 'valencia- venezuela', NULL, 'Fernando Jesus Martinez Tovar', 1, 2, NULL, NULL),
(1588, 'PRO-1588', 'Natural', '18232655', 'CARLOS CHIRINOS', '0', 'MARACAY ', NULL, 'MARCOS SERRANO', 1, 118, NULL, NULL),
(1589, 'PRO-1589', 'Natural', '20499318', 'MARCOS JESUS SERRANO GUERRERO', '01750347240061720680', 'MARACAY', NULL, 'MARCO SERRANO O MARCO LONGO', 1, 118, NULL, NULL),
(1590, 'PRO-1590', 'Natural', '21101326', 'MANUEL ALBURGUE', '0', 'MARACAY', NULL, 'MARCO SERRANO O MARCO LONGO', 1, 118, NULL, NULL),
(1591, 'PRO-1591', 'Natural', '16474097', 'AXCEL COLMENAREZ', '0', 'CARACAS', NULL, 'AXCEL COLMENAREZ', 1, 118, NULL, NULL),
(1592, 'PRO-1592', 'Natural', '27116358', 'Rosanny Daniela Adrinza', '04126693734', 'Mataruca - edo. falcon', NULL, 'rosanny Adrinza', 1, 8, NULL, NULL),
(1593, 'PRO-1593', 'Natural', '9965855', 'Francisco Álvarez', '04261123589', 'Cumarebo - edo. Falcon', NULL, 'Edward Guiza', 1, 8, NULL, NULL),
(1594, 'PRO-1594', 'Natural', '16872436', 'CARLOS JOSE MUJICA', '04126479511', 'VALENCIA', 'CARLOSJOSEMUJICA5@GMAIL.COM', 'CARLOS MUJICA', 1, 132, NULL, NULL),
(1595, 'PRO-1595', 'Natural', '15574628', 'MANUEL ALBERTO RONDON LILA', '04261058868', 'EL VALLE', NULL, 'MANUEL ALBERTO RONDON', 1, 60, NULL, NULL),
(1596, 'PRO-1596', 'Juridico', '002443731', 'DHL EXPRESS ADUANAS VENEZUELA C.A. ', '02126201085', 'LA GUAIRA', 'edward.Torres2@dhl.com', 'Edward Torres', 1, 41, NULL, NULL),
(1597, 'PRO-1597', 'Juridico', '317152875', 'Inversiones DIGIMOVE,C.A.', '2671163', 'Sambil, Caracas', 'mmcaires@gmail.com', 'Rosman ', 1, 99, NULL, NULL),
(1598, 'PRO-1598', 'Juridico', '308933783', 'Capital repuestos 90, C.A.', '02418533902', 'valencia- venezuela', NULL, 'ventas', 1, 21, NULL, NULL),
(1599, 'PRO-1599', 'Natural', '15048843', 'ROSMAN GONZALEZ', '0', 'CARACAS', NULL, NULL, 1, 1, NULL, NULL),
(1600, 'PRO-1600', 'Natural', '24750890', 'NEYKER JIMENEZ', '0', 'CARACAS', NULL, NULL, 1, 1, NULL, NULL),
(1601, 'PRO-1601', 'Natural', '10109735', 'JOSE PEÑA', '0', '0', NULL, NULL, 1, 1, NULL, NULL),
(1602, 'PRO-1602', 'Natural', '24074750', 'Reggi Vaamonde', '04263046115', 'Carretera vieja de Baruta, sector el placer de María. Caracas', NULL, 'Reggi Vaamonde', 1, 73, NULL, NULL),
(1603, 'PRO-1603', 'Juridico', '002251875', 'Electro materiales Disosa, C.A.', '02122577245', 'av. milan, edf. Diez, PB, los ruices sur, Caracas', 'a.anderbolivar@hotmail.com', 'Anderson Bolivar', 1, 129, NULL, NULL),
(1604, 'PRO-1604', 'Natural', '6020103', 'Eduardo Martinez', '04165323507', 'Caracas municipio chacao, a una cuadra del cc san Ignacio, frente a la PTJ ,  local Alfombra la Moderna ', NULL, 'Eduardo Martinez', 1, 78, NULL, NULL),
(1605, 'PRO-1605', 'Natural', '20097849', 'Hatold Barre', '0', '0', NULL, NULL, 1, 5, NULL, NULL),
(1606, 'PRO-1606', 'Juridico', '003257176', 'Ferretotal caracas, ca', '02122031332', 'caracas', NULL, NULL, 1, 11, NULL, NULL),
(1607, 'PRO-1607', 'Natural', '17321432', 'jose de sousa', '04142155768', 'caracas sabana grande', NULL, 'jose de sousa o isabel de los angeles', 1, 11, NULL, NULL),
(1608, 'PRO-1608', 'Natural', '23178598', 'Victor Pardo', '04162082182', 'caracas', NULL, 'Victor Gandica', 1, 126, NULL, NULL),
(1609, 'PRO-1609', 'Juridico', '302860083', 'VPS Refrigeracion Industrial', '02122639718', 'chacao caracas', 'vpsrefrigeracion@hotmail.com', 'ANA MONTAÑO', 1, 143, NULL, NULL),
(1610, 'PRO-1610', 'Natural', '15420971', 'Ricardo ramos', '04141535172', 'caracas ', NULL, 'ricardo ramos', 1, 81, NULL, NULL),
(1611, 'PRO-1611', 'Juridico', '400067235', ' Inversiones Beracy', '04242104512', 'la trinidad baruta caracas', NULL, 'yosman cantillo', 1, 143, NULL, NULL),
(1612, 'PRO-1612', 'Juridico', '400540151', 'Consultoria quimica JGGIP, C.A.', '02125727565', 'La candelaria caracas', NULL, 'consultoria quimica', 1, 86, NULL, NULL),
(1613, 'PRO-1613', 'Natural', '17575978', 'Daniel Cortez', '04121390000', 'Caracas plaza venezuela', 'Venetechimport@gmail.com', 'daniel cortez', 1, 86, NULL, NULL),
(1614, 'PRO-1614', 'Natural', '11975815', 'Freddy Ramirez', '04263377634', 'La Yaguara, Mata de Coco, Los Galpones', NULL, 'Freddy Ramirez', 1, 42, NULL, NULL),
(1615, 'PRO-1615', 'Natural', '11226311', 'Carlos Alvarez Conde', '0', 'Puente Hierro', NULL, NULL, 1, 73, NULL, NULL),
(1616, 'PRO-1616', 'Natural', '12877967', 'Jhony Veramendi', '04165262811', 'Sabana Grande', NULL, NULL, 1, 6, NULL, NULL),
(1617, 'PRO-1617', 'Juridico', NULL, 'Materiales Electricos el Oaisis chacao c.a', '02122650045', 'calle sucre Chacao', NULL, NULL, 1, 129, NULL, NULL),
(1618, 'PRO-1618', 'Juridico', '303956343', 'Andamios San Celestino c.a', '02812670833', 'puerto la cruz', NULL, 'Victor Gandica', 1, 40, NULL, NULL),
(1619, 'PRO-1619', 'Natural', '7951795', 'Jose Gregorio Pacheco', '0', 'Caracas', NULL, NULL, 1, 42, NULL, NULL),
(1620, 'PRO-1620', 'Natural', '10521510', 'EDGAR CASTRO', '04143248355', 'Caracas', 'edgarcastro92@gmail.com', NULL, 1, 13, NULL, NULL),
(1621, 'PRO-1621', 'Natural', '16021739', 'NOEL RODRIGUEZ', '0', '0', NULL, NULL, 1, 1, NULL, NULL),
(1622, 'PRO-1622', 'Natural', '23480208', 'SORELIS SARMIENTO', '04241312169', 'LAS MERCEDES', NULL, NULL, 1, 31, NULL, NULL),
(1623, 'PRO-1623', 'Juridico', '314267744', 'INVERSIONES CORDSER, C.A.', '04143318444', 'AV LIBERTADOR MULTICENTRO EMPRESARIAL DEL ESTE , PISO 12 OFIC 121-B  CHACAO', NULL, NULL, 1, 23, NULL, NULL),
(1624, 'PRO-1624', 'Juridico', '300288641', 'INVERSIONES AM2432, C.A', '0412-3266266', 'AV LIBERTADOR  EDIF MULTICENTRO EMPRESARIAL DEL ESTE  NUCLE B PISO 13 CHACAO', NULL, NULL, 1, 23, NULL, NULL),
(1625, 'PRO-1625', 'Juridico', '297215492', 'Inversiones Ferre Terc, C.A', '04142397039', 'Calle la Joya, entre Av. Francisco de Miranda y Libertador', 'tomasr911@yahoo.com', 'Tomas Rodriguez Cruz', 1, 11, NULL, NULL),
(1626, 'PRO-1626', 'Natural', '10111579', 'Borda Click Diseños CA', '0', 'La California', NULL, NULL, 1, 19, NULL, NULL),
(1627, 'PRO-1627', 'Natural', '8510517', 'Angel Espinoza', '0', 'Caracas', NULL, NULL, 1, 5, NULL, NULL),
(1628, 'PRO-1628', 'Natural', '20595436', 'KEVIN MIJARES', '04242392908', 'CHACAO', 'mackdaniel3030@gmail.com', 'KEVIN MIJARES', 1, 13, NULL, NULL),
(1629, 'PRO-1629', 'Natural', '13687050', 'Ferreteria Paraiso', '04143282664', 'el paraiso', NULL, 'victor gandica', 1, 13, NULL, NULL),
(1630, 'PRO-1630', 'Natural', '12428222', 'Miguel Villahermosa', '04262443028', 'Caracas', NULL, NULL, 1, 5, NULL, NULL),
(1631, 'PRO-1631', 'Natural', '14991427', 'Lubricantes BRAVA', '04125688925', 'CHACAO', NULL, NULL, 1, 17, NULL, NULL),
(1632, 'PRO-1632', 'Natural', '2933230', 'JOSE MANUEL LANDER', '0', '0', NULL, NULL, 1, 1, NULL, NULL),
(1633, 'PRO-1633', 'Natural', '12590486', 'ALEXANDER RAMOS', '0', 'PAGOS NESTLÉ', NULL, NULL, 1, 1, NULL, NULL),
(1634, 'PRO-1634', 'Juridico', '000057400', 'Casa Gaby', '02127620008', 'sabasna grande calle negrin', 'cuentasporcobrarcasagaby@gmail.com', 'victor gandica', 1, 136, NULL, NULL),
(1635, 'PRO-1635', 'Natural', '13986897', 'Antonio Gallup', '04165437060', 'maracay', NULL, 'victor gandica', 1, 136, NULL, NULL),
(1636, 'PRO-1636', 'Juridico', '299032212', 'INMOBILIARIA ISLA VERDE, C.A.', '0', 'Caracas', NULL, NULL, 1, 7, NULL, NULL),
(1637, 'PRO-1637', 'Juridico', '404703055', 'Inversiones Ragogna C.A', '04241389050', 'san diego Carabobo', NULL, 'victor gandica', 1, 9, NULL, NULL),
(1638, 'PRO-1638', 'Juridico', '298641282', 'Centro Salud Laboral', '(0243)2344867', 'C.C. Parque San Jacinto P-22 Urb. San Jacinto, Maracay Edo. Aragua', 'info@centrosaludlaboral.com', 'DR. FABIO ECHEVERRY', 1, 5, NULL, NULL),
(1639, 'PRO-1639', 'Juridico', '405834960', 'Inversiones Induservicebp c.a', '04144853012', 'valencia', NULL, 'Amelie Acosta', 1, 128, NULL, NULL),
(1640, 'PRO-1640', 'Natural', '20415592', 'Florelis Jaimes ', '0', '0', NULL, NULL, 1, 5, NULL, NULL),
(1641, 'PRO-1641', 'Natural', '15588185', 'MALAQUIAS NUÑEZ', '0', '0', NULL, NULL, 1, 5, NULL, NULL),
(1642, 'PRO-1642', 'Natural', '20604397', 'Carlos Barreto', '04241301607', 'caracas', NULL, 'Edward Guiza', 1, 36, NULL, NULL),
(1643, 'PRO-1643', 'Natural', '22339215', 'Yovanni Arraez', '04243496585', 'turmero', NULL, 'victor gandica', 1, 94, NULL, NULL),
(1644, 'PRO-1644', 'Juridico', '403887810', 'Concretera Nuevo Sol C.A', '02433001359', 'maracay', NULL, 'victor gandica', 1, 13, NULL, NULL),
(1645, 'PRO-1645', 'Natural', '20056158', 'YORBELYS ALEJANDRA CORTEZ VANEZCA', '(0412) 0490077 / (0412) 1585743', 'Urb. Rafael Urdaneta, sector 1, c/10, vda 14, nro 2, Cagua- Edo-Aragua', 'yorbe_a@hotmail.com', 'YORBELYS ALEJANDRA CORTEZ VANEZCA', 1, 5, NULL, NULL),
(1646, 'PRO-1646', 'Natural', '11842926', 'RAMON JOSE PAEZ BELISARIO', '0412-2733407 / 0424-2449858', 'Urb. Base Sucre, calle 16, casa Nro 121, Maracay Estado Aragua ', 'ramon.paez@jhcpconstruccion.com', 'RAMON JOSE PAEZ BELISARIO', 1, 5, NULL, NULL),
(1647, 'PRO-1647', 'Natural', '10692742', 'GISBAL JOSE QUIJADA DELFIN', '0414-4694324', 'Calle. Florida casa N° 25 planta baja, sector la Pica, Parroquia San Martin dePorres , Municipio Libertador, Estado Aragua', 'quijadadelfin@gmail.com', 'ISBAL JOSE QUIJADA DELFIN', 1, 5, NULL, NULL),
(1648, 'PRO-1648', 'Natural', '12617299', 'Yelitza Castro', '04142383951', 'caracas', NULL, 'victor gandica', 1, 57, NULL, NULL),
(1649, 'PRO-1649', 'Natural', '6161031', 'Vincenzo Spena', '04241371035', 'caracas', NULL, 'Edward Guiza', 1, 60, NULL, NULL),
(1650, 'PRO-1650', 'Juridico', '309515292', 'Inversiones Segucon C.A', '04241071784', 'cementerio', NULL, 'victor gandica', 1, 13, NULL, NULL),
(1651, 'PRO-1651', 'Juridico', '000394083', 'FTM C.A', '04241758323', 'caracas', NULL, 'victor gandica', 1, 86, NULL, NULL),
(1652, 'PRO-1652', 'Juridico', '406164313', 'Muebles para &agras', '04128432433', 'carretera nacional ', NULL, 'magda rodriguez', 1, 86, NULL, NULL),
(1653, 'PRO-1653', 'Natural', '19548738', 'Terry alvarez', '04143005934', 'CARACAS', NULL, 'EDWARD GUIZA', 1, 81, NULL, NULL),
(1654, 'PRO-1654', 'Natural', '12926769', 'Willians Parra', '04128432433', 'mafgdaleno', NULL, 'magda rodriguez', 1, 86, NULL, NULL),
(1655, 'PRO-1655', 'Juridico', '400164265', 'inversiones creole tolos 2015 C.A', '02127531660', 'caracas', NULL, 'victor gandica', 1, 11, NULL, NULL),
(1656, 'PRO-1656', 'Natural', '7660217', 'Manuel De Lima', '04126168781', 'caracas', NULL, 'victor gandica', 1, 11, NULL, NULL),
(1657, 'PRO-1657', 'Juridico', '297567097', 'construcciones y suministros estruktura 1242', '02129619671', 'caracas', NULL, 'victor gandica', 1, 11, NULL, NULL),
(1658, 'PRO-1658', 'Natural', '19513204', 'Ana Fabiola Ramirez', '04163101730', 'caracas', NULL, 'victor gandica', 1, 86, NULL, NULL),
(1659, 'PRO-1659', 'Juridico', '410980656', 'Inversiones y proyectos jm 2050 c.a', '04161047099', 'caracas', NULL, 'victor gandica', 1, 86, NULL, NULL),
(1660, 'PRO-1660', 'Natural', '307539895', 'Maquinaria Rental Services C.A', '02432690761', 'maracay', NULL, 'victor gandica', 1, 3, NULL, NULL),
(1661, 'PRO-1661', 'Juridico', '306195130', 'Ferre yumbo san juda tadeo C.A', '04243766465', 'maracay', NULL, 'victor gandica', 1, 13, NULL, NULL),
(1662, 'PRO-1662', 'Natural', '19515863', 'RICARDO CHACON ', '0', 'CAGUA', NULL, NULL, 1, 5, NULL, NULL),
(1663, 'PRO-1663', 'Natural', '15314884', 'Deisy Cristina Jraiche', '02124628860', 'El Paraiso', 'megamotriz@hotmail.com', 'Deisy Jraiche', 1, 81, NULL, NULL),
(1664, 'PRO-1664', 'Natural', '9595642', 'JOSE PADRON', '0', 'CARACAS', NULL, NULL, 1, 1, NULL, NULL),
(1665, 'PRO-1665', 'Natural', '19277039', 'GLAYBERTH AVILES', '0', '0', NULL, NULL, 1, 5, NULL, NULL),
(1666, 'PRO-1666', 'Natural', '11305354', 'Lidemar Gonzalez', '0', '0', 'jhcp@jhcp.com', NULL, 1, 6, NULL, NULL),
(1667, 'PRO-1667', 'Juridico', '407949373', 'Distribuciones Orientales, C.A', '0', '0', NULL, NULL, 1, 2, NULL, NULL),
(1668, 'PRO-1668', 'Natural', '3184854', 'Cristian Petersen', '0', 'Caracas', 'josselyn.del.valle@gmail.com', NULL, 1, 3, NULL, NULL),
(1669, 'PRO-1669', 'Juridico', '075922867', 'P&V INVERSIONES, C. A.', '04144107454', 'san dieego edo carabobo', 'pvinversiones@gmail.com', 'victor gandica', 1, 94, NULL, NULL),
(1670, 'PRO-1670', 'Natural', '10869327', 'Vlada Carolina Villasana', '04142506252', 'caracas', NULL, 'Victror Gandica', 1, 13, NULL, NULL),
(1671, 'PRO-1671', 'Juridico', '301', 'Corpocaf C.A', '04144171113', 'aragua', NULL, 'Victor Gandica', 1, 57, NULL, NULL),
(1672, 'PRO-1672', 'Natural', '20695182', 'Jose Viloria', '04124456068', 'aragua', NULL, 'Victor Gandica', 1, 13, NULL, NULL),
(1673, 'PRO-1673', 'Natural', '10870206', 'Jose Raul Peraza Jimenez', '04141443465', 'caracas', NULL, 'Victor Gandica', 1, 13, NULL, NULL),
(1674, 'PRO-1674', 'Natural', '3321737', 'Jose Raul Peraza Armao', '04141443465', 'caracas', NULL, 'Victor Gandica', 1, 13, NULL, NULL),
(1675, 'PRO-1675', 'Juridico', '401197337', 'Agropecuaria los campos', '02435545491', 'maracay', NULL, 'Victor Gandica', 1, 13, NULL, NULL),
(1676, 'PRO-1676', 'Natural', '15102457', 'Taide Carolina Parra', '04244911828', 'guacara', NULL, 'Victor Gandica', 1, 86, NULL, NULL),
(1677, 'PRO-1677', 'Natural', '10534293', 'Marleni Ramos', '04149160047', 'caracas', NULL, 'Victor Gandica', 1, 86, NULL, NULL);
INSERT INTO `proveedor` (`id`, `proveedor_codigo`, `proveedor_tipo`, `proveedor_rif`, `proveedor_nombre`, `proveedor_telefono`, `proveedor_direccion`, `proveedor_correo`, `proveedor_contacto`, `proveedor_estado`, `suministro_id`, `created_at`, `updated_at`) VALUES
(1678, 'PRO-1678', 'Natural', '16953819', 'Jenny Sevilla', '0', 'Caracas', NULL, NULL, 1, 17, NULL, NULL),
(1679, 'PRO-1679', 'Natural', '19132750', 'WILMARA JOSEFINA PÉREZ MACÍAS', '0', 'CAGUA', NULL, NULL, 1, 5, NULL, NULL),
(1680, 'PRO-1680', 'Natural', '16764274', 'ROSMERY SALINAS', '0', 'SANTA CRUZ', NULL, NULL, 1, 5, NULL, NULL),
(1681, 'PRO-1681', 'Natural', '22147901', 'MANUEL RAMOS', '0', '0', NULL, NULL, 1, 3, NULL, NULL),
(1682, 'PRO-1682', 'Natural', '3573798', 'Guillermo Guedez', '04141488815', 'valencia', NULL, 'Guillermo Guedez', 1, 40, NULL, NULL),
(1683, 'PRO-1683', 'Natural', '7263825', 'Henrry Rondon', '04128880592', 'Maracay palo negro', NULL, NULL, 1, 57, NULL, NULL),
(1684, 'PRO-1684', 'Juridico', '405964812', 'Distribuidora Igmacar, C.A', '04141076795', 'CHACAO', NULL, NULL, 1, 99, NULL, NULL),
(1685, 'PRO-1685', 'Natural', '18830518', 'Luis Requena Toro', '0', 'Caracas', NULL, NULL, 1, 24, NULL, NULL),
(1686, 'PRO-1686', 'Natural', '10457491', 'Edgar Armada', '04242374328', 'cagua', NULL, 'Edgar Armada', 1, 13, NULL, NULL),
(1687, 'PRO-1687', 'Natural', '20896995', 'Juan Jose Ferreira', '04144612496', 'maracay', NULL, 'JuanJose Ferreira', 1, 94, NULL, NULL),
(1688, 'PRO-1688', 'Natural', '8552506', 'Maria Rengifo de Mata', '04241327895', 'Caracaa', 'DATALAING@GMAIL.COM', NULL, 1, 24, NULL, NULL),
(1689, 'PRO-1689', 'Natural', '24636628', 'GABRIEL LOPEZ', '04241327895', 'Caracas', 'josselyn.del.valle@gmail.com', NULL, 1, 5, NULL, NULL),
(1690, 'PRO-1690', 'Juridico', '2981485586', 'Distribuidora Valferco', '04144974198', 'valencia', NULL, 'Amelie Acosta', 1, 13, NULL, NULL),
(1691, 'PRO-1691', 'Juridico', '407045172', 'Construc pinturas C.A', '04144422130', 'valencia', NULL, 'Magda Rodriguez', 1, 39, NULL, NULL),
(1692, 'PRO-1692', 'Natural', '11679700', 'Lesbia Linares', '04141330812', 'caracas', NULL, 'Lesbia Linares', 1, 13, NULL, NULL),
(1693, 'PRO-1693', 'Natural', '18693415', 'Albert Guerrero', '04142946165', 'aragua', NULL, 'Albert Guerrero', 1, 13, NULL, NULL),
(1694, 'PRO-1694', 'Juridico', '407259954', 'Puntales y Andamios de Venezuela C.A', '04244320685', 'guacara', NULL, 'Amelie Acosta', 1, 13, NULL, NULL),
(1695, 'PRO-1695', 'Natural', '6533066', 'Angel Rangel', '04140218085', 'aragua', NULL, 'Magda Rodriguez', 1, 13, NULL, NULL),
(1696, 'PRO-1696', 'Natural', '16085835', 'Carolina Agreda', '0', 'Caracas', NULL, NULL, 1, 1, NULL, NULL),
(1697, 'PRO-1697', 'Natural', '20550235', 'Carlos Santo', '04122949976', 'caracas', NULL, 'Carlos Santo', 1, 13, NULL, NULL),
(1698, 'PRO-1698', 'Natural', '15204718', 'Freddy Gonzalez Mesia', '0', 'Caracas', NULL, NULL, 1, 5, NULL, NULL),
(1699, 'PRO-1699', 'Juridico', '412365592', 'Distribuidora Sagilca C.A', '04128825593', 'turmero', NULL, 'Magda Rodriguez', 1, 13, NULL, NULL),
(1700, 'PRO-1700', 'Natural', '15087163', 'Yetsi Quintero', '0', 'Caracas', NULL, NULL, 1, 1, NULL, NULL),
(1701, 'PRO-1701', 'Natural', '24460359', 'Jose Carreño', '0', '0', NULL, NULL, 1, 47, NULL, NULL),
(1702, 'PRO-1702', 'Juridico', '312491914', 'Hiper Ferreteria XXI C.A', '04243315794', 'turmero', NULL, 'Magda Rodriguez', 1, 13, NULL, NULL),
(1703, 'PRO-1703', 'Juridico', '317593332', 'RESPUESTO PMR', '0212', 'chacao', NULL, NULL, 1, 131, NULL, NULL),
(1704, 'PRO-1704', 'Natural', '10755708', 'Luis Reinaldo Gonzalez', '04145978683', 'maracay', NULL, 'Luis Reinaldo Gonzalez', 1, 129, NULL, NULL),
(1705, 'PRO-1705', 'Natural', '12159262', 'JAROMITH DIAZ', '04241327895', 'Caracaa', 'josselyn.del.valle@gmail.com', NULL, 1, 1, NULL, NULL),
(1706, 'PRO-1706', 'Natural', '15714982', 'Luis maldonado', '0', '0', NULL, NULL, 1, 2, NULL, NULL),
(1707, 'PRO-1707', 'Juridico', '085071172', 'Tuboacero C.A', '04142820436', 'caracas', NULL, 'Tuboacero', 1, 9, NULL, NULL),
(1708, 'PRO-1708', 'Natural', '8631287', 'Julio Rodriguez', '04164436101', 'maracay', NULL, 'Julio Rodriguez', 1, 11, NULL, NULL),
(1709, 'PRO-1709', 'Natural', '16432022', 'Zulhey Rivas', '04242120638', 'caracas', NULL, 'Fabian Rivas', 1, 86, NULL, NULL),
(1710, 'PRO-1710', 'Juridico', '312956496', 'Hyper Electricos Aragua C.A', '04140392199', 'maracay', NULL, 'Fernando', 1, 129, NULL, NULL),
(1711, 'PRO-1711', 'Juridico', '002035161', 'TOSTADAS Y RESTAURANT EL SOLAR DE LA CASTELLANA', '0', 'CARACAS', NULL, 'PAGO', 1, 1, NULL, NULL),
(1712, 'PRO-1712', 'Juridico', '297185879', 'Ferretodo el Rey RL', '04243796178', 'maracay', NULL, 'Marco Longo', 1, 57, NULL, NULL),
(1713, 'PRO-1713', 'Natural', '13953360', 'Monica Moya', '04145978683', 'maracay', NULL, 'Monica Moya', 1, 15, NULL, NULL),
(1714, 'PRO-1714', 'Natural', '6137185', 'Jesus Gomez', '04127525132', 'turmero', NULL, 'Amelie Acosta', 1, 144, NULL, NULL),
(1715, 'PRO-1715', 'Juridico', '000596891', 'Graveuca', '02122562822', 'caracas', NULL, 'Amelie Acosta', 1, 128, NULL, NULL),
(1716, 'PRO-1716', 'Juridico', '001798170', 'Clinica  Avilab', '58 212 2761264', 'Los Palos Grandes', 'resultados@avilab.com.ve', NULL, 1, 38, NULL, NULL),
(1717, 'PRO-1717', 'Natural', '7040294', 'Addua Royero', '0', 'Caracas', NULL, NULL, 1, 5, NULL, NULL),
(1718, 'PRO-1718', 'Natural', '71502747', 'El Budare de Ña Carmen N. Ordaz', '0', 'Puerto Cabello', NULL, NULL, 1, 56, NULL, NULL),
(1719, 'PRO-1719', 'Juridico', '407443054', 'TRANSPORTE LOGISTICA Y SERVICIOS SANTIAGO', '04144721887', 'Puerto Cabello', 'tiscasantiago@gmail.com', NULL, 1, 2, NULL, NULL),
(1720, 'PRO-1720', 'Juridico', '000359148', 'Taurel & CIa Sucrs. CA', '0', '0', NULL, NULL, 1, 53, NULL, NULL),
(1721, 'PRO-1721', 'Natural', '6898240', 'Héctor Pérez', '04142574621', 'Caracas', NULL, NULL, 1, 2, NULL, NULL),
(1722, 'PRO-1722', 'Natural', '18257026', 'DARWIN GARCIA', '0', '0', NULL, NULL, 1, 5, NULL, NULL),
(1723, 'PRO-1723', 'Natural', '16095219', 'Jesus Palma', '04142989401', 'caracas', NULL, NULL, 1, 39, NULL, NULL),
(1724, 'PRO-1724', 'Natural', '17587753', 'Juan Carrera', '04141153166', 'chacao', NULL, NULL, 1, 39, NULL, NULL),
(1725, 'PRO-1725', 'Juridico', '298783206', 'comercial titanic center', '04242810062', 'charallave', NULL, NULL, 1, 129, NULL, NULL),
(1726, 'PRO-1726', 'Juridico', '401059899', 'grupo vilore c.a', '04244240358', 'valencia', NULL, NULL, 1, 11, NULL, NULL),
(1727, 'PRO-1727', 'Juridico', '301006437', 'Inv Arte y Juego', '0', 'Caracas', NULL, NULL, 1, 115, NULL, NULL),
(1728, 'PRO-1728', 'Natural', '10721049', 'Andres Ovidio Rojas', '04245951068', 'valencia', NULL, NULL, 1, 13, NULL, NULL),
(1729, 'PRO-1729', 'Natural', '405652617', 'PIERA TOURS', '04241211494', 'FERRY ', NULL, NULL, 1, 2, NULL, NULL),
(1730, 'PRO-1730', 'Natural', '19588304', 'Sasha Ramil', '04244401085', 'valencia', NULL, NULL, 1, 13, NULL, NULL),
(1731, 'PRO-1731', 'Natural', '15597216', 'Cleidy Lopez', '04144411676', 'valencia', NULL, NULL, 1, 86, NULL, NULL),
(1732, 'PRO-1732', 'Natural', '3573389', 'Giorgio Clinaz', '04140441604', 'valencia', NULL, NULL, 1, 13, NULL, NULL),
(1733, 'PRO-1733', 'Juridico', '311166432', 'todo en fregadero c.a', '04140409738', 'valencia', NULL, NULL, 1, 136, NULL, NULL),
(1734, 'PRO-1734', 'Natural', '18435627', 'Celenia Vegas', '04145952217', 'valencia', NULL, NULL, 1, 86, NULL, NULL),
(1735, 'PRO-1735', 'Natural', '17615007', 'Angel Meneses', '04244508207', 'valencia', NULL, NULL, 1, 13, NULL, NULL),
(1736, 'PRO-1736', 'Natural', '17282865', 'Diego Graterol', '04124834826', 'valencia', NULL, NULL, 1, 39, NULL, NULL),
(1737, 'PRO-1737', 'Natural', '13749380', 'Daniel Carrillo', '04242405804', 'caracas', NULL, NULL, 1, 15, NULL, NULL),
(1738, 'PRO-1738', 'Natural', '11091912', 'Indira Cañizales Castellano', '0', 'Caracas', NULL, NULL, 1, 5, NULL, NULL),
(1739, 'PRO-1739', 'Natural', '7565129', 'Francisco Vargas', '04120218728', 'caracas', NULL, 'Francisco Vargas', 1, 145, NULL, NULL),
(1740, 'PRO-1740', 'Natural', '19994174', 'Joselyn Mendoza', '04120218728', 'caracas', NULL, 'Joselyn Mendoza', 1, 145, NULL, NULL),
(1741, 'PRO-1741', 'Natural', '11738599', 'Alexi Zerpa', '04166149408', 'chacao', NULL, 'Alexi Zerpa', 1, 15, NULL, NULL),
(1742, 'PRO-1742', 'Natural', '12687215', 'Gustavo Garcia', '04242699941', 'caracas', NULL, 'Gustavo Garcia', 1, 3, NULL, NULL),
(1743, 'PRO-1743', 'Juridico', '000998256', 'Ferreteria Unica C.A', '02125712191', 'caracas', NULL, 'ferreteria unica', 1, 86, NULL, NULL),
(1744, 'PRO-1744', 'Natural', '83557318', 'Clemente Quiñones', '04169072019', 'caracas', NULL, 'Clemente Quiñones', 1, 118, NULL, NULL),
(1745, 'PRO-1745', 'Natural', '9960644', 'CESAR CORTEZ', '0', '0', NULL, NULL, 1, 5, NULL, NULL),
(1746, 'PRO-1746', 'Natural', '15801565', 'Giovanni Nuñez', '04261363811', 'caracas', NULL, 'Giovanni Nuñez', 1, 118, NULL, NULL),
(1747, 'PRO-1747', 'Natural', '26683061', 'Yaninoski Serpa', '04142193486', 'catia', NULL, 'Yaninoski Serpa', 1, 13, NULL, NULL),
(1748, 'PRO-1748', 'Natural', '25225960', 'Eduardo Valdes', '04242945301', 'caracas', NULL, 'Eduardo Valdes', 1, 13, NULL, NULL),
(1749, 'PRO-1749', 'Juridico', '294182534', 'Ekyductos', '04140142503', 'caracas', NULL, 'Daniela Gonzalez', 1, 129, NULL, NULL),
(1750, 'PRO-1750', 'Juridico', '313959588', 'Licores Mundiales  C.A.', '0', 'Las mercedes', 'ventas@licoresmundiales.com', NULL, 1, 29, NULL, NULL),
(1751, 'PRO-1751', 'Natural', '14788059', 'Alberto Barrios', '04242606720', 'caracas', NULL, 'Alberto Barrios', 1, 132, NULL, NULL),
(1752, 'PRO-1752', 'Juridico', '306856498', 'Corporacion Plomer C.A', '04142489618', 'caracas', NULL, 'Lean Villa', 1, 136, NULL, NULL),
(1753, 'PRO-1753', 'Juridico', '312820411', 'Productos Arquitectonicos proarca C.A', '04241521902', 'la california sur', NULL, 'proarca', 1, 9, NULL, NULL),
(1754, 'PRO-1754', 'Natural', '5220086', 'Jose Luis Benitez Jimenez', '04123156957', 'caracas', NULL, 'jose luis benites', 1, 146, NULL, NULL),
(1755, 'PRO-1755', 'Juridico', '403763895', 'Pinturas Lebrun vps c.a', '04241019585', 'caracas', NULL, 'Amelie Acosta', 1, 39, NULL, NULL),
(1756, 'PRO-1756', 'Juridico', '003368792', 'INMUEBLE MILEMAR C A', '0212-2657810', 'CHACAO', NULL, 'OLGA', 1, 8, NULL, NULL),
(1757, 'PRO-1757', 'Natural', '16905392', 'Kleimer Buitriago', '04142107329', 'caracas', NULL, 'Kleimer Buitriago', 1, 72, NULL, NULL),
(1758, 'PRO-1758', 'Juridico', '500074174', 'Collet Roosevelt', '04143909020', 'caracas', NULL, 'Amelie Acosta', 1, 39, NULL, NULL),
(1759, 'PRO-1759', 'Juridico', '314874160', 'Ferreteria Tereluz 2006 C.A', '02125761027', 'caracas', NULL, 'ferreteria tereluz', 1, 13, NULL, NULL),
(1760, 'PRO-1760', 'Natural', '10932971', 'ROBERTO KROHN', '04120960316', 'Porlamar', NULL, NULL, 1, 13, NULL, NULL),
(1761, 'PRO-1761', 'Juridico', '002560762', 'ITALCAMBIO AGENCIA DE VIAJES C.A.', '0', '0', NULL, NULL, 1, 58, NULL, NULL),
(1762, 'PRO-1762', 'Juridico', '317422848', 'autopartes jr cars c.a', '04144128877', 'valencia', NULL, 'autopartes jr cars', 1, 86, NULL, NULL),
(1763, 'PRO-1763', 'Juridico', '402296444', 'Distrimport Venezuela C.A', '04144877311', 'maracay', NULL, 'Distrimport Venezuela', 1, 129, NULL, NULL),
(1764, 'PRO-1764', 'Natural', '6492614', 'Richard Fuentes', '04143200627', 'caracas', NULL, 'Amelie Acosta', 1, 85, NULL, NULL),
(1765, 'PRO-1765', 'Natural', '11157544', 'Taidys Alvarez', '0', '0', NULL, NULL, 1, 5, NULL, NULL),
(1766, 'PRO-1766', 'Juridico', '402838280', 'backup soluciones tecnologicas c.a', '04265467864', 'caracas', NULL, 'backup ', 1, 129, NULL, NULL),
(1767, 'PRO-1767', 'Juridico', '413221730', 'Ultra Led CCS C.A', '04248771431', 'caracas', NULL, 'ultra led ccs', 1, 129, NULL, NULL),
(1768, 'PRO-1768', 'Natural', '6216583', 'Jose Luis Galvan', '04140265978', 'caracas', NULL, 'Jose luis Galvan', 1, 118, NULL, NULL),
(1769, 'PRO-1769', 'Natural', '001991271', 'ferreteria chapellin c.a', '02127309734', 'caracas', NULL, 'ferreteria chapellin', 1, 86, NULL, NULL),
(1770, 'PRO-1770', 'Juridico', '305255113', 'Decoraciones Cristo Rey C.A', '02125713162', 'caracas', NULL, 'cristo rey', 1, 146, NULL, NULL),
(1771, 'PRO-1771', 'Juridico', '298432934', 'Grupo Mapoca c.a', ' 02129596115 ', 'caracas', NULL, 'grupo mapoca', 1, 13, NULL, NULL),
(1772, 'PRO-1772', 'Juridico', '405933100', 'BUNKER SECURITY, C.A  ', '0212-6210437', 'caracas', NULL, 'Guillermo de Castro ', 1, 147, NULL, NULL),
(1773, 'PRO-1773', 'Juridico', '304827393', 'El Palacio de las Pinturas', '02129539849', 'caracasd', NULL, 'Adrian Vivas', 1, 39, NULL, NULL),
(1774, 'PRO-1774', 'Juridico', '297327002', 'INVERSIONES ABASOLUCIONES 1220, C.A.', '02126180908', 'caracas', NULL, 'Adrian Vivas', 1, 15, NULL, NULL),
(1775, 'PRO-1775', 'Natural', '27835142', 'Kenimyr Rodríguez', '0', '0', NULL, NULL, 1, 5, NULL, NULL),
(1776, 'PRO-1776', 'Juridico', '408772094', 'Grupo PCP Delivery', '0', 'Caracas', NULL, NULL, 1, 26, NULL, NULL),
(1777, 'PRO-1777', 'Juridico', '000629609', 'FERRETERÍA MORELOS C.A', ' 0212 5713097', 'caracas', NULL, 'Adrian Vivas', 1, 11, NULL, NULL),
(1778, 'PRO-1778', 'Natural', '15964837', 'José Luis Tovar', '04164276135', 'Caracas', NULL, 'José Luis Tovar', 1, 118, NULL, NULL),
(1779, 'PRO-1779', 'Juridico', '409611752', 'ISNIGIAN C.A', '02122444443', 'Urb. La Urbina Caracas (Petare) Miranda Zona Postal 1073 ', 'isnigianca@gmail.com', 'Fernando', 1, 39, NULL, NULL),
(1780, 'PRO-1780', 'Natural', '120173568', 'Lissette Fornerino', '04143982417', 'Av. Río Orinoco Cumbres de Curumo, Caracas', NULL, 'Lissette Fornerino', 1, 68, NULL, NULL),
(1781, 'PRO-1781', 'Juridico', '314098918', 'DISTRIBUIDORA DE AGUA PATIÑO & SANCHEZ, C.A.', '02125774857', 'Av. Principal de Maripérez, Edif. Samar, Piso 5, Apto. 55-C Sector Maripérez, Caracas', NULL, 'Arsenio Patiño', 1, 148, NULL, NULL),
(1782, 'PRO-1782', 'Juridico', '000244995', 'MAPLOCA CA', '02122390911', 'Av. Principal Los Cortijos de Lourdes Edif. Maploca II, Caracas 1071, Distrito Capital', NULL, 'JESSICA VARELLA', 1, 133, NULL, NULL),
(1783, 'PRO-1783', 'Juridico', '317655303', 'MULTISILLAS TODO USO 3000, C.A', '0212-2345258', 'Calle 4ta transversal de Boleíta Sur, Local N°14-29, Caracas, Zona Postal 1070', 'pantrysdelesteoficial@gmail.com', 'Valerie Rodriguez', 1, 149, NULL, NULL),
(1784, 'PRO-1784', 'Natural', '18186650', 'AGUA VIDA', '02122637416', 'Chacao', NULL, 'Carolina Silva ', 1, 148, NULL, NULL),
(1785, 'PRO-1785', 'Natural', '10279397', 'Jesus Alvarez', '04120226076', 'cariizal', NULL, 'Jesus Alvarez', 1, 39, NULL, NULL),
(1786, 'PRO-1786', 'Natural', '18706733', 'JUAN RAMÓN MONTAÑA', '04242609504', 'Caricuao, Ruiz Pineda', NULL, 'Juan Montaña', 1, 150, NULL, NULL),
(1787, 'PRO-1787', 'Juridico', '314442406', 'Corporación Ferremore, C.A', '0212 6933945', 'Av. Bellas Artes Edif. Bellas  Artes Piso PB Local PB Urb. Los Chaguaramos, Caracas', NULL, 'José', 1, 11, NULL, NULL),
(1788, 'PRO-1788', 'Juridico', '307931094', 'RESTAURANT PIDA POLLO C.A', '02125711835', 'Av. Este 2 Sur 23. La Candelaria ', NULL, 'Cesar', 1, 115, NULL, NULL),
(1789, 'PRO-1789', 'Natural', '23250545', 'Adrian Vivas', '04242003717', 'Sabana Grande, Libertador, Caracas', 'adrian.vivas@jhcpconstruccion.com', 'Jesús Fornerino', 1, 1, NULL, NULL),
(1790, 'PRO-1790', 'Natural', '11664649', 'Reinaldo Canesa mas que papel', '02122621614', 'Multi Centro Empresarial del Este Mezzanina', NULL, NULL, 1, 1, NULL, NULL),
(1791, 'PRO-1791', 'Juridico', '000786887', 'CRISTALERÍA NAPOLI SRL ', '0412-6106868', 'Av. Ávila con Don Bosco, Resd. La Florida', 'cristalerianapoli@gmail.com', 'JOSE ANTONIO LLOVERA', 1, 151, NULL, NULL),
(1792, 'PRO-1792', 'Juridico', '297059210', 'CRISTALERÍA INRA, C.A', '0414-2615522', 'El Llanito , Petare Zona Industrial La Tinaja', 'cristaleria.inra@gmail.com', 'Salma Alchaarani', 1, 151, NULL, NULL),
(1793, 'PRO-1793', 'Juridico', '002628120', 'Ferretería Ferroluna, C.A', '0212-7530451', 'Colinas de Bello Monte, Av. Neveri, Edif. 365, Local B Caracas', 'ferreteriaferroluna@cantv.net', 'ORLA1', 1, 11, NULL, NULL),
(1794, 'PRO-1794', 'Juridico', '309965735', 'Colegio de Contadores Publicos', '(212) 274-8500', 'aracas, Distrito Capital, Venezuela  Avenida Mohedano, Caracas 1060, Miranda, Venezuela', 'Atencion al Agremiado Ccpem <atencion.ccpem@gmail.com>', 'Yuleisy Materano', 1, 152, NULL, NULL),
(1795, 'PRO-1795', 'Natural', '17686923', 'Anyelina Emperatriz Castro Paredes', '0412-3683476', 'Sabana Grande, Libertador, Caracas', 'anyelina.castro@jhcp.com', 'Pierre S', 1, 1, NULL, NULL),
(1796, 'PRO-1796', 'Juridico', '001621490', 'CONSTR. COEING C.A (aire acond)', '04242180788', 'El Hatillo', NULL, 'Eugenio Baffi', 1, 57, NULL, NULL);

-- --------------------------------------------------------

--
-- Estructura de tabla para la tabla `suministro`
--

CREATE TABLE `suministro` (
  `id` bigint(20) UNSIGNED NOT NULL,
  `suministro_codigo` varchar(25) COLLATE utf8mb4_unicode_ci NOT NULL,
  `suministro_nombre` varchar(100) COLLATE utf8mb4_unicode_ci NOT NULL,
  `suministro_estado` tinyint(1) NOT NULL DEFAULT '1',
  `created_at` timestamp NULL DEFAULT NULL,
  `updated_at` timestamp NULL DEFAULT NULL
) ENGINE=InnoDB DEFAULT CHARSET=utf8mb4 COLLATE=utf8mb4_unicode_ci;

--
-- Volcado de datos para la tabla `suministro`
--

INSERT INTO `suministro` (`id`, `suministro_codigo`, `suministro_nombre`, `suministro_estado`, `created_at`, `updated_at`) VALUES
(1, 'SUM-1', 'Personal de la Empresa', 1, NULL, NULL),
(2, 'SUM-2', 'Servicio de Transporte', 1, NULL, NULL),
(3, 'SUM-3', 'Alquiler de Maquinaria', 1, NULL, NULL),
(4, 'SUM-4', 'Venta de Marcos y Tapas', 1, NULL, NULL),
(5, 'SUM-5', 'Personal Subcontratado', 1, NULL, NULL),
(6, 'SUM-6', 'Venta de Herramientas Eléctricas', 1, NULL, NULL),
(7, 'SUM-7', 'Planos de Ingeniería', 1, NULL, NULL),
(8, 'SUM-8', 'Alquiler de Deposito', 1, NULL, NULL),
(9, 'SUM-9', 'Venta de Laminas', 1, NULL, NULL),
(10, 'SUM-10', 'Venta de Tubería Eléctrica', 1, NULL, NULL),
(11, 'SUM-11', 'Ferretería', 1, NULL, NULL),
(12, 'SUM-12', 'Alquiler de Grúa', 1, NULL, NULL),
(13, 'SUM-13', 'Materiales de Construcción', 1, NULL, NULL),
(14, 'SUM-14', 'Venta de máquinas y equipos para la construcción', 1, NULL, NULL),
(15, 'SUM-15', 'Insumos Eléctricos ', 1, NULL, NULL),
(16, 'SUM-16', 'Servicio de Ambulancia', 1, NULL, NULL),
(17, 'SUM-17', 'Taller Mecanico', 1, NULL, NULL),
(18, 'SUM-18', 'Venta de Ángulos', 1, NULL, NULL),
(19, 'SUM-19', 'Venta de Equipo de Protección Personal', 1, NULL, NULL),
(20, 'SUM-20', 'Venta de Tuberías PEAD y PVC', 1, NULL, NULL),
(21, 'SUM-21', 'Repuestos', 1, NULL, NULL),
(22, 'SUM-22', 'Tornillería ', 1, NULL, NULL),
(23, 'SUM-23', 'Administradora ', 1, NULL, NULL),
(24, 'SUM-24', 'Insumos de Oficina', 1, NULL, NULL),
(25, 'SUM-25', 'Parte Relacionada', 1, NULL, NULL),
(26, 'SUM-26', 'Mejoramiento Profesional ', 1, NULL, NULL),
(27, 'SUM-27', 'Sindicato', 1, NULL, NULL),
(28, 'SUM-28', 'Alquiler de Vehículos', 1, NULL, NULL),
(29, 'SUM-29', 'Entretenimiento', 1, NULL, NULL),
(30, 'SUM-30', 'Reclutamiento del Personal', 1, NULL, NULL),
(31, 'SUM-31', 'Aseguradora ', 1, NULL, NULL),
(32, 'SUM-32', 'Servicios Públicos', 1, NULL, NULL),
(33, 'SUM-33', 'Sistemas Operativos', 1, NULL, NULL),
(34, 'SUM-34', 'Concretera', 1, NULL, NULL),
(35, 'SUM-35', 'Uniformes de Trabajo e Industriales', 1, NULL, NULL),
(36, 'SUM-36', 'Comercio Electrónico', 1, NULL, NULL),
(37, 'SUM-37', 'Constructora', 1, NULL, NULL),
(38, 'SUM-38', 'Contratista', 1, NULL, NULL),
(39, 'SUM-39', 'Suministro de Pinturas', 1, NULL, NULL),
(40, 'SUM-40', 'Fabricación y Alquiler de Andamio', 1, NULL, NULL),
(41, 'SUM-41', 'Servicio de Encomienda', 1, NULL, NULL),
(42, 'SUM-42', 'Estacionamiento', 1, NULL, NULL),
(43, 'SUM-43', 'Reparación de Computadoras', 1, NULL, NULL),
(44, 'SUM-44', 'Proyectos Arquitectonicos', 1, NULL, NULL),
(45, 'SUM-45', 'Guardería ', 1, NULL, NULL),
(46, 'SUM-46', 'Venta de Piezas de Goma', 1, NULL, NULL),
(47, 'SUM-47', 'Mantenimiento de Maquinarias', 1, NULL, NULL),
(48, 'SUM-48', 'Bienes Raices', 1, NULL, NULL),
(49, 'SUM-49', 'Proyectos de Telecom', 1, NULL, NULL),
(50, 'SUM-50', 'Persona Natural', 1, NULL, NULL),
(51, 'SUM-51', 'Joyería', 1, NULL, NULL),
(52, 'SUM-52', 'Rastreo Satelital', 1, NULL, NULL),
(53, 'SUM-53', 'Agente Aduanal', 1, NULL, NULL),
(54, 'SUM-54', 'Baños Portatiles', 1, NULL, NULL),
(55, 'SUM-55', 'Material POP', 1, NULL, NULL),
(56, 'SUM-56', 'Tickets de Alimentación', 1, NULL, NULL),
(57, 'SUM-57', 'Servicio Técnico', 1, NULL, NULL),
(58, 'SUM-58', 'Agencia de Viaje', 1, NULL, NULL),
(59, 'SUM-59', 'Tarjeta de Credito', 1, NULL, NULL),
(60, 'SUM-60', 'Mecanico', 1, NULL, NULL),
(61, 'SUM-61', 'Impuestos de alcaldia', 1, NULL, NULL),
(62, 'SUM-62', 'Cisterna', 1, NULL, NULL),
(63, 'SUM-63', 'Manguito termoencogible 40mm', 1, NULL, NULL),
(64, 'SUM-64', 'Perfil o Riel Unistrut 1 1/2 x 3/4 x 2.40', 1, NULL, NULL),
(65, 'SUM-65', 'ventilador tipo torre', 1, NULL, NULL),
(66, 'SUM-66', 'Detección', 1, NULL, NULL),
(67, 'SUM-67', 'Cerrajería ', 1, NULL, NULL),
(68, 'SUM-68', 'Materiales de Limpieza', 1, NULL, NULL),
(69, 'SUM-69', 'Celular ', 1, NULL, NULL),
(70, 'SUM-70', 'Servicio de Escolta', 1, NULL, NULL),
(71, 'SUM-71', 'HONORARIOS PROFESIONALES', 1, NULL, NULL),
(72, 'SUM-72', 'Suministro de viveres', 1, NULL, NULL),
(73, 'SUM-73', 'Reparación de Vehiculos', 1, NULL, NULL),
(74, 'SUM-74', 'GPS Garmin ETREX 10', 1, NULL, NULL),
(75, 'SUM-75', 'Cauchos', 1, NULL, NULL),
(76, 'SUM-76', 'Transporte de Escombros', 1, NULL, NULL),
(77, 'SUM-77', 'Centro de Copiado', 1, NULL, NULL),
(78, 'SUM-78', 'Alfombra de piso', 1, NULL, NULL),
(79, 'SUM-79', 'GESTION DE PERMISOS', 1, NULL, NULL),
(81, 'SUM-81', 'Venta de repuestos', 1, NULL, NULL),
(82, 'SUM-82', 'Traslado de materiales', 1, NULL, NULL),
(83, 'SUM-83', 'Homologación de candados', 1, NULL, NULL),
(84, 'SUM-84', 'Cuota de Seguro', 1, NULL, NULL),
(85, 'SUM-85', 'AIRES ACONDICIONADO', 1, NULL, NULL),
(86, 'SUM-86', 'MATERIALES EN GENERAL', 1, NULL, NULL),
(87, 'SUM-87', 'confección de uniforme', 1, NULL, NULL),
(88, 'SUM-88', 'Suministro de Mangas', 1, NULL, NULL),
(89, 'SUM-89', 'Soldador', 1, NULL, NULL),
(90, 'SUM-90', 'moto taxi', 1, NULL, NULL),
(91, 'SUM-91', 'caleteo', 1, NULL, NULL),
(92, 'SUM-92', 'ACTUALIZACIÓN DE MAPREX', 1, NULL, NULL),
(93, 'SUM-93', 'suministro de tecnologia', 1, NULL, NULL),
(94, 'SUM-94', 'ALQUILER DE EQUIPOS', 1, NULL, NULL),
(95, 'SUM-95', 'descensores para trabajos en alturas', 1, NULL, NULL),
(96, 'SUM-96', 'traduccion de documentos', 1, NULL, NULL),
(97, 'SUM-97', 'traduccion certificada de antecedentes penales', 1, NULL, NULL),
(98, 'SUM-98', 'traductor publico', 1, NULL, NULL),
(99, 'SUM-99', 'ventas de equipos', 1, NULL, NULL),
(100, 'SUM-100', 'paquete de pan', 1, NULL, NULL),
(101, 'SUM-101', 'jamon', 1, NULL, NULL),
(102, 'SUM-102', 'queso', 1, NULL, NULL),
(103, 'SUM-103', 'bolsas hermeticas', 1, NULL, NULL),
(104, 'SUM-104', 'bandejas de animes', 1, NULL, NULL),
(105, 'SUM-105', 'servilletas', 1, NULL, NULL),
(106, 'SUM-106', 'papel toalet', 1, NULL, NULL),
(107, 'SUM-107', 'bolsas negras', 1, NULL, NULL),
(108, 'SUM-108', 'bolsas para vomitos', 1, NULL, NULL),
(109, 'SUM-109', 'mandarina', 1, NULL, NULL),
(110, 'SUM-110', 'cambur', 1, NULL, NULL),
(111, 'SUM-111', 'jugos', 1, NULL, NULL),
(112, 'SUM-112', 'te', 1, NULL, NULL),
(113, 'SUM-113', 'galletas', 1, NULL, NULL),
(114, 'SUM-114', 'snack', 1, NULL, NULL),
(115, 'SUM-115', 'comida', 1, NULL, NULL),
(116, 'SUM-116', 'Bote de Escombros', 1, NULL, NULL),
(117, 'SUM-117', 'gas nitrogeno por mts cubicos', 1, NULL, NULL),
(118, 'SUM-118', 'MANO DE OBRA', 1, NULL, NULL),
(119, 'SUM-119', 'AYUDANTE DE ALBAÑILERIA', 1, NULL, NULL),
(120, 'SUM-120', 'ALBAÑIL', 1, NULL, NULL),
(121, 'SUM-121', 'INSPECCIÓN DE OBRA', 1, NULL, NULL),
(122, 'SUM-122', 'LEVANTAMIENTO ELÉCTRICO Y SCI', 1, NULL, NULL),
(123, 'SUM-123', 'MANUAL DE CONFIGURACION', 1, NULL, NULL),
(124, 'SUM-124', 'AGREGADOS', 1, NULL, NULL),
(125, 'SUM-125', 'TRANSPORTE DE AGREGADOS', 1, NULL, NULL),
(126, 'SUM-126', 'servicio de torno', 1, NULL, NULL),
(127, 'SUM-127', 'BOTE HOYO DE LA PUERTA', 1, NULL, NULL),
(128, 'SUM-128', 'BLOQUE DE CONCRETO', 1, NULL, NULL),
(129, 'SUM-129', 'Materiales eléctricos en general', 1, NULL, NULL),
(130, 'SUM-130', 'GRADUADORES', 1, NULL, NULL),
(131, 'SUM-131', 'Generico', 1, NULL, NULL),
(132, 'SUM-132', 'SERVICIO DE PLOMERIA', 1, NULL, NULL),
(133, 'SUM-133', 'Materiales de Hierro', 1, NULL, NULL),
(134, 'SUM-134', 'VENTA DE PARTES, PIEZAS Y ACCESORIOS DE VEHICULOS AUTOMOTORES ', 1, NULL, NULL),
(135, 'SUM-135', 'cemento', 1, NULL, NULL),
(136, 'SUM-136', 'materiales de plomeria', 1, NULL, NULL),
(137, 'SUM-137', 'CERTIFICADO DE SALUD CARABOBO', 1, NULL, NULL),
(138, 'SUM-138', 'hospedaje', 1, NULL, NULL),
(139, 'SUM-139', 'arena lavada', 1, NULL, NULL),
(140, 'SUM-140', 'silenciador completo', 1, NULL, NULL),
(141, 'SUM-141', 'botas de segruidad', 1, NULL, NULL),
(142, 'SUM-142', 'GASTOS DE CAJA CHICA', 1, NULL, NULL),
(143, 'SUM-143', 'MATERIALES DE REFRIGERACION', 1, NULL, NULL),
(144, 'SUM-144', 'Venta de Vidrio', 1, NULL, NULL),
(145, 'SUM-145', 'Bolsas de escombro', 1, NULL, NULL),
(146, 'SUM-146', 'instalacion de tabiquerias', 1, NULL, NULL),
(147, 'SUM-147', 'instalacion de papel aumado', 1, NULL, NULL),
(148, 'SUM-148', 'AGUA POTABLE (BOTELLON)', 1, NULL, NULL),
(149, 'SUM-149', 'SILLAS Y MESAS P/EXTERIORES', 1, NULL, NULL),
(150, 'SUM-150', 'SERVICIO DE EMPLOMADO DE PISOS', 1, NULL, NULL),
(151, 'SUM-151', 'Cristalería', 1, NULL, NULL),
(152, 'SUM-152', 'Tramites Legales', 1, NULL, '2021-11-26 21:45:59'),
(154, 'SUM-153', 'zapatos para el personal', 0, '2021-11-26 02:53:08', '2021-11-26 21:31:27'),
(155, 'SUM-154', 'Paredes de Drywall', 0, '2021-11-26 03:27:51', '2021-11-26 21:31:19'),
(156, 'SUM-155', 'ha sido editado', 0, '2021-11-26 20:56:54', '2021-11-26 20:58:36');

-- --------------------------------------------------------

--
-- Estructura de tabla para la tabla `tipo`
--

CREATE TABLE `tipo` (
  `id` bigint(20) UNSIGNED NOT NULL,
  `tipo_codigo` varchar(25) COLLATE utf8mb4_unicode_ci NOT NULL,
  `tipo_nombre` varchar(100) COLLATE utf8mb4_unicode_ci NOT NULL,
  `tipo_estado` tinyint(4) NOT NULL,
  `created_at` timestamp NULL DEFAULT NULL,
  `updated_at` timestamp NULL DEFAULT NULL
) ENGINE=InnoDB DEFAULT CHARSET=utf8mb4 COLLATE=utf8mb4_unicode_ci;

--
-- Volcado de datos para la tabla `tipo`
--

INSERT INTO `tipo` (`id`, `tipo_codigo`, `tipo_nombre`, `tipo_estado`, `created_at`, `updated_at`) VALUES
(1, 'TIP-1', 'Ingeniería de Detalle', 1, NULL, NULL),
(2, 'TIP-2', 'Factibilidad', 1, NULL, NULL),
(3, 'TIP-3', 'Mantenimiento', 1, NULL, NULL),
(4, 'TIP-4', 'Servicios', 1, NULL, NULL),
(5, 'TIP-5', 'Procura', 1, NULL, NULL),
(6, 'TIP-6', 'Instalaciones Sanitarias', 1, NULL, NULL),
(7, 'TIP-7', 'Instalación eléctrica', 1, NULL, NULL),
(8, 'TIP-8', 'Civil', 1, NULL, NULL),
(9, 'TIP-9', 'Supervisión', 1, NULL, NULL),
(10, 'TIP-10', 'Albañileria', 1, NULL, NULL),
(11, 'TIP-11', 'Telecomunicaciones', 1, NULL, NULL),
(12, 'TIP-12', 'Hidraulica', 1, NULL, NULL),
(13, 'TIP-13', 'Vialidad', 1, NULL, NULL),
(14, 'TIP-14', 'Herrería', 1, NULL, NULL),
(15, 'TIP-15', 'Ventas', 1, NULL, NULL),
(16, 'TIP-16', 'Suministros', 1, NULL, NULL),
(17, 'TIP-17', 'REEMBOLSO PRESTAMO', 1, NULL, NULL),
(18, 'TIP-18', 'FIANZAS', 1, NULL, NULL),
(19, 'TIP-19', 'Administración (Junta Directiva)', 1, NULL, NULL);

-- --------------------------------------------------------

--
-- Estructura de tabla para la tabla `users`
--

CREATE TABLE `users` (
  `id` bigint(20) UNSIGNED NOT NULL,
  `user_login` varchar(60) COLLATE utf8mb4_unicode_ci NOT NULL,
  `user_name` varchar(60) COLLATE utf8mb4_unicode_ci NOT NULL,
  `email` varchar(100) COLLATE utf8mb4_unicode_ci NOT NULL,
  `email_verified_at` timestamp NULL DEFAULT NULL,
  `password` varchar(70) COLLATE utf8mb4_unicode_ci NOT NULL,
  `permiso_id` bigint(20) UNSIGNED DEFAULT NULL,
  `status` tinyint(1) NOT NULL DEFAULT '1',
  `remember_token` varchar(100) COLLATE utf8mb4_unicode_ci DEFAULT NULL,
  `created_at` timestamp NULL DEFAULT NULL,
  `updated_at` timestamp NULL DEFAULT NULL
) ENGINE=InnoDB DEFAULT CHARSET=utf8mb4 COLLATE=utf8mb4_unicode_ci;

--
-- Volcado de datos para la tabla `users`
--

INSERT INTO `users` (`id`, `user_login`, `user_name`, `email`, `email_verified_at`, `password`, `permiso_id`, `status`, `remember_token`, `created_at`, `updated_at`) VALUES
(2, 'vandaniel4', 'Daniel Antoyma', 'daniel.antoyma@jhcpconstruccion.com', NULL, '$2y$10$Em9yziu6/MijQegPYcjfDuyy6HeZLWOzsXlDbMs89sUcO8sIaJhVG', 1, 0, NULL, NULL, NULL),
(7, 'forne', 'Jesus Fornerino', 'jesus.fornerino@jhcpconstruccion.com', NULL, '$2y$10$Em9yziu6/MijQegPYcjfDuyy6HeZLWOzsXlDbMs89sUcO8sIaJhVG', 2, 1, NULL, NULL, NULL),
(8, 'piersar', 'Pierre Sarcinelli', 'pierre@jhcpconstruccion.com', NULL, '$2y$10$Em9yziu6/MijQegPYcjfDuyy6HeZLWOzsXlDbMs89sUcO8sIaJhVG', 3, 1, NULL, NULL, NULL),
(18, 'fredy.altuve', 'Fredy Altuve', 'fredy@jhcpconstruccion.com', NULL, '$2y$10$Em9yziu6/MijQegPYcjfDuyy6HeZLWOzsXlDbMs89sUcO8sIaJhVG', 1, 0, NULL, NULL, NULL),
(19, 'yeli.sanchez', 'Yelineth Sanchez', 'yeli.sanchez@jhcpconstruccion.com', NULL, '$2y$10$Em9yziu6/MijQegPYcjfDuyy6HeZLWOzsXlDbMs89sUcO8sIaJhVG', 1, 0, NULL, NULL, NULL),
(20, 'daniel.belisario', 'Daniel Belisario', 'daniel.belisario@jhcpconstruccion.com', NULL, '$2y$10$Em9yziu6/MijQegPYcjfDuyy6HeZLWOzsXlDbMs89sUcO8sIaJhVG', 1, 0, NULL, NULL, NULL),
(21, 'vgandica', 'Victor Gandica', 'victor.gandica@jhcpconstruccion.com', NULL, '$2y$10$Em9yziu6/MijQegPYcjfDuyy6HeZLWOzsXlDbMs89sUcO8sIaJhVG', 1, 1, NULL, NULL, NULL),
(22, 'mirna', 'Mirna Osuna', 'mirna.osuna@jhcpconstruccion.com', NULL, '123', 1, 0, NULL, NULL, NULL),
(23, 'mayer', 'Mayerling Paez', 'mayerling.paez@jhcpconstruccion.com', NULL, '123', 1, 0, NULL, NULL, NULL),
(24, 'andre', 'Antoine Yabichino', 'ayabichino@jhcpconstruccion.com', NULL, '123', 7, 0, NULL, NULL, NULL),
(25, 'eduardo.gomez', 'Eduardo Gomez', 'eduardo.gomez@jhcpconstruccion.com', NULL, '123', 1, 0, NULL, NULL, NULL),
(26, 'joe', 'Joelis Blanco', 'joelis.blanco@jhcpconstruccion.com', NULL, '123', 1, 0, NULL, NULL, NULL),
(27, 'anto', 'Antonella Gagliardi', 'antonella.gagliardi2@jhcpconstruccion.com', NULL, '123', 2, 0, NULL, NULL, NULL),
(28, 'antonella', 'Antonella Gagliardi', 'antonella.gagliardi@jhcpconstruccion.com', NULL, '123', 4, 0, NULL, NULL, NULL),
(29, 'anacas', 'Ana Castaño', 'ana.castano@jhcpconstruccion.com', NULL, '123', 1, 0, NULL, NULL, NULL),
(30, 'orle', 'Orleimny Sequini', 'orle.sequini@jhcpconstruccion.com', NULL, '123', 6, 0, NULL, NULL, NULL),
(31, 'francia.avila', 'Francia Aular', 'francia.aular@jhcpconstruccion.com', NULL, '123', 1, 0, NULL, NULL, NULL),
(32, 'jordy', 'Jordy Colmenares', 'jordy@jhcpconstruccion.com', NULL, 'jc13', 4, 0, NULL, NULL, NULL),
(33, 'carlitos.ayala', 'Carlos Ayala', 'carlos.ayala@jhcpconstruccion.com', NULL, '123', 1, 0, NULL, NULL, NULL),
(34, 'hector', 'Hector Rodriguez', 'hector@jhcpconstruccion.com', NULL, 'hector0811', 3, 1, NULL, NULL, NULL),
(35, 'mirian', 'Mirian Acuña', 'mirian@jhcpconstruccion.com', NULL, '123', 1, 0, NULL, NULL, NULL),
(36, 'edwin.blanco', 'Edwin Blanco', 'edwin.blanco@jhcpconstruccion.com', NULL, '123', 1, 0, NULL, NULL, NULL),
(37, 'alejandro.ojeda', 'Alejandro Ojeda', 'alejandro.ojeda@jhcpconstruccion.com', NULL, '123', 1, 0, NULL, NULL, NULL),
(38, 'lorena.arria', 'Lorena Arria', 'lorena.arria@jhcpconstruccion.com', NULL, '123', 1, 0, NULL, NULL, NULL),
(39, 'luis_rodriguez1', 'Luis Rodriguez', 'luis.rodriguez@jhcpconstruccion.com', NULL, '123', 1, 0, NULL, NULL, NULL),
(40, 'risales', 'Omar Risales', 'omar.risales@jhcpconstruccion.com', NULL, '123', 1, 0, NULL, NULL, NULL),
(41, 'dmardeni_1', 'Daniel Mardeni', 'daniel.mardeni@jhcpconstruccion.com', NULL, '123', 1, 0, NULL, NULL, NULL),
(42, 'jriobueno_1', 'Junior Riobueno', 'junior@jhcpconstruccion.com', NULL, '123', 1, 0, NULL, NULL, NULL),
(43, 'javier.moreno', 'Javier Moreno', 'javier.moreno@jhcpconstruccion.com', NULL, '123', 1, 0, NULL, NULL, NULL),
(44, 'abello', 'Arianna Bello', 'abello@jhcpconstruccion.com', NULL, '123', 1, 0, NULL, NULL, NULL),
(45, 'compras', 'Compras', 'compras@jhcpconstruccion.com', NULL, '123', 6, 0, NULL, NULL, NULL),
(46, 'oswa', 'Oswaldo Estevez', 'oswaldo.estevez@jhcpconstruccion.com', NULL, '123', 1, 0, NULL, NULL, NULL),
(47, 'joss', 'Josselyn Tovar', 'josselyn.tovar@jhcp.com', NULL, 'joss_16', 7, 0, NULL, NULL, NULL),
(48, 'roiz', 'Juan Roiz', 'juan.roiz@jhcp.com', NULL, '12345', 1, 0, NULL, NULL, NULL),
(49, 'niurka', 'Niurka Morales', 'niurka.morales@jhcp.com', NULL, '12345', 4, 0, NULL, NULL, NULL),
(50, 'fnunezan', 'Francisco Nunez', 'francisco.nunez@jhcpconstruccion.com', NULL, '123', 1, 0, NULL, NULL, NULL),
(51, 'murbaneja', 'miriusca urbaneja', 'mariuscar.urbaneja@jhcpconstruccion.com', NULL, '123', 1, 0, NULL, NULL, NULL),
(52, 'katiuska', 'katiuska antelo', 'katiuska.antelo@jhcpconstruccion.com', NULL, '123', 1, 0, NULL, NULL, NULL),
(53, 'rada', 'luis rada', 'luis.rada@jhcpconstruccion.com', NULL, '123', 4, 0, NULL, NULL, NULL),
(54, 'omaira', 'omaira quero', 'omaira.quero@jhcp.com', NULL, '123', 8, 0, NULL, NULL, NULL),
(55, 'melina', 'melina padilla', 'melina.padilla@jhcpconstruccion.com', NULL, 'Zulia.2017', 8, 0, NULL, NULL, NULL),
(56, 'randolf', 'randolf ramirez', 'randolf.ramirez@jhcpconstruccion.com', NULL, '123', 1, 0, NULL, NULL, NULL),
(57, 'Niorkys', 'Niorkys Moreno', 'niorkys.moreno@jhcpconstruccion.com', NULL, '123', 10, 0, NULL, NULL, NULL),
(58, 'jesus', 'jesus ramirez', 'jesus.ramirez@jhcp.com', NULL, '123', 7, 0, NULL, NULL, NULL),
(59, 'laura', 'laura ochoa', 'laura.ochoa@jhcpconstruccion.com', NULL, '123', 1, 0, NULL, NULL, NULL),
(60, 'acarrion', 'Andres Carrion', 'acarrion@jhcpconstruccion.com', NULL, 'Venezuela2016', 1, 0, NULL, NULL, NULL),
(61, 'douglas', 'douglas villarroel', 'douglas.villarroel@jhcpconstruccion.com', NULL, '123', 1, 0, NULL, NULL, NULL),
(62, 'marciel', 'Marciel Dasilva', 'marciel.dasilva@jhcpconstruccion.com', NULL, '123', 1, 0, NULL, NULL, NULL),
(63, 'emily', 'emilyjin gonzalez', 'emilyjin.gonzalez@jhcpconstruccion.com', NULL, '123', 11, 0, NULL, NULL, NULL),
(64, 'franklin', 'franklin fernandez', 'franklin.fernandez@jhcpconstruccion.com', NULL, '123', 1, 0, NULL, NULL, NULL),
(65, 'juan', 'Juan Borrego', 'juan.borrego@jhcpconstruccion.com', NULL, 'Venezuela2017', 6, 0, NULL, NULL, NULL),
(66, 'paola', 'paola diaz', 'paola.diaz@jhcp.com', NULL, '123', 1, 0, NULL, NULL, NULL),
(67, 'betzi', 'betzibeth balza', 'betzibeth.balza@jhcp.com', NULL, '123', 4, 0, NULL, NULL, NULL),
(68, 'ivan', 'Ivan Salas', 'ivan.salas@jhcpconstruccion.com', NULL, 'Venezuela2017', 10, 0, NULL, NULL, NULL),
(69, 'ana', 'Ana Lopez', 'ana.lopez@jhcpconstruccion.com', NULL, 'Ana21346829.', 1, 0, NULL, NULL, NULL),
(70, 'FVIELMA', 'FRANCISCO VIELMA', 'francisco.vielma@jhcpconstruccion.com', NULL, 'Fernando.2005', 1, 0, NULL, NULL, NULL),
(71, 'Isbella ', 'Isbella Cavalieri', 'isbella.cavalieri@jhcp.com', NULL, '1709', 1, 0, NULL, NULL, NULL),
(72, 'Johely', 'Johely Campos', 'johely.campos@jhcpconstruccion.com', NULL, '123', 1, 1, NULL, NULL, NULL),
(73, 'Abranny', 'Abranny Garcia', 'abranny.garcia@jhcpconstruccion.com', NULL, 'Ginas1405', 8, 0, NULL, NULL, NULL),
(74, 'Estefanny ', 'Estefanny Quintero ', 'estefanny.quintero@jhcpconstruccion.com', NULL, 'caracas.02', 6, 0, NULL, NULL, NULL),
(75, 'Alexa', 'Alexa Guzman', 'Alexa.guzman@jhcp.com', NULL, '0603', 1, 0, NULL, NULL, NULL),
(76, 'Ismarlin', 'Ismarlin Pumero', 'ismarlin.pumero@jhcpconstruccion.com', NULL, '2126', 1, 0, NULL, NULL, NULL),
(77, 'IPUMERO', 'ISMARLIN PUMERO', 'ismarlin.pumero2@jhcpconstruccion.com', NULL, 'IPUMERO2017', 1, 0, NULL, NULL, NULL),
(78, 'Andres', 'Norrito', 'andres.norrito@jhcpconstruccion.com', NULL, 'norrito.2017', 10, 1, NULL, NULL, NULL),
(79, 'Sami', 'Sami Souki', 'sami.souki@jhcp.com', NULL, 'souki.2017', 1, 0, NULL, NULL, NULL),
(80, 'Magda', 'Magda Rodriguez', 'magda.rodriguez@jhcpconstruccion.com', NULL, 'maocan19', 1, 0, NULL, NULL, NULL),
(81, 'IVES', 'IVES BASTIDAS', 'ives.bastidas@jhcpconstruccion.com', NULL, 'GRAT1121', 1, 0, NULL, NULL, NULL),
(82, 'JESUSS', 'JESUS SALAZAR', 'jesus.salazar@jhcpconstruccion.com', NULL, 'jesusesb33', 1, 0, NULL, NULL, NULL),
(83, 'VBRAVO', 'VILCY BRAVO', 'vilcy.bravo@jhcpconstruccion.com', NULL, 'VBJHCP', 1, 0, NULL, NULL, NULL),
(84, 'DENISSE', 'DENISSE ALEJANDRA CORRALES', 'DENISSE.CORRALES@JHCPCONSTRUCCION.COM', NULL, 'ALE17132115', 1, 0, NULL, NULL, NULL),
(85, 'Neilyn', 'Neilyn Mercie', 'neilyn.mercie@jhcpconstruccion.com', NULL, '123', 6, 0, NULL, NULL, NULL),
(86, 'Alexa G', 'ALEXA GUZMAN', 'alexa.guzman2@jhcp.com', NULL, '0603', 7, 0, NULL, NULL, NULL),
(87, 'Amelie', 'Amelie Acosta', 'amelie.acosta@jhcpconstruccion.com', NULL, 'LUIGIACOSTA', 7, 1, NULL, NULL, NULL),
(88, 'Avivas', 'Adrian Vivas', 'adrian.vivas@jhcpconstruccion.com', NULL, 'Avivas', 1, 1, NULL, NULL, NULL),
(90, 'administrador', 'administrador', 'admin@admin', '2021-10-21 04:00:00', '$2y$10$zVlULuwVzMCw8Y3pew6QXeW4M3NwbZz.XpcJWwjn0mc9/AhGniR7q', 1, 1, NULL, NULL, NULL),
(100, 'NombrUsuario', 'salu falso monsanto', 'admin@admin2', NULL, '$2y$10$fn6hU7g87ve9mGn7GId3FeK4uAYiCVXDNLnU7rvOZ6PMUSw/71TXG', 1, 1, NULL, '2021-10-29 10:42:16', '2021-10-29 10:42:16'),
(101, 'altamirana', 'altamirano anibal', 'admin@admin1111111', NULL, '$2y$10$eIPyhSJ2Pv8VgyhbETr1P.I50Dfn3ZlatsdvI2kXPdJJfEhlfwQNG', 14, 1, NULL, '2021-11-02 10:14:35', '2021-11-02 15:55:35'),
(102, 'arepa2', 'arepa', 'arepa@arepaarepa', NULL, '$2y$10$Gn65l5nzr2K6aRZ3p9MbH.lpofva0dpArfE7ukq4ff7MDoiDnrSSW', 14, 0, NULL, '2021-11-03 09:37:01', '2021-11-03 10:11:46');

--
-- Índices para tablas volcadas
--

--
-- Indices de la tabla `banco`
--
ALTER TABLE `banco`
  ADD PRIMARY KEY (`id`);

--
-- Indices de la tabla `banco_proveedor`
--
ALTER TABLE `banco_proveedor`
  ADD PRIMARY KEY (`id`),
  ADD KEY `banco_proveedor_banco_id_foreign` (`banco_id`),
  ADD KEY `banco_proveedor_proveedor_id_foreign` (`proveedor_id`);

--
-- Indices de la tabla `cliente`
--
ALTER TABLE `cliente`
  ADD PRIMARY KEY (`id`);

--
-- Indices de la tabla `codventa`
--
ALTER TABLE `codventa`
  ADD PRIMARY KEY (`id`);

--
-- Indices de la tabla `failed_jobs`
--
ALTER TABLE `failed_jobs`
  ADD PRIMARY KEY (`id`),
  ADD UNIQUE KEY `failed_jobs_uuid_unique` (`uuid`);

--
-- Indices de la tabla `material`
--
ALTER TABLE `material`
  ADD PRIMARY KEY (`id`);

--
-- Indices de la tabla `migrations`
--
ALTER TABLE `migrations`
  ADD PRIMARY KEY (`id`);

--
-- Indices de la tabla `obra`
--
ALTER TABLE `obra`
  ADD PRIMARY KEY (`id`),
  ADD KEY `obra_cliente_id_foreign` (`cliente_id`),
  ADD KEY `obra_tipo_id_foreign` (`tipo_id`);

--
-- Indices de la tabla `obra_personal`
--
ALTER TABLE `obra_personal`
  ADD PRIMARY KEY (`id`),
  ADD KEY `obra_personal_obra_id_foreign` (`obra_id`),
  ADD KEY `obra_personal_personal_id_foreign` (`personal_id`);

--
-- Indices de la tabla `password_resets`
--
ALTER TABLE `password_resets`
  ADD KEY `password_resets_email_index` (`email`);

--
-- Indices de la tabla `permisos`
--
ALTER TABLE `permisos`
  ADD PRIMARY KEY (`id`);

--
-- Indices de la tabla `personal`
--
ALTER TABLE `personal`
  ADD PRIMARY KEY (`id`);

--
-- Indices de la tabla `personal_access_tokens`
--
ALTER TABLE `personal_access_tokens`
  ADD PRIMARY KEY (`id`),
  ADD UNIQUE KEY `personal_access_tokens_token_unique` (`token`);

--
-- Indices de la tabla `proveedor`
--
ALTER TABLE `proveedor`
  ADD PRIMARY KEY (`id`),
  ADD KEY `proveedor_suministro_id_foreign` (`suministro_id`);

--
-- Indices de la tabla `suministro`
--
ALTER TABLE `suministro`
  ADD PRIMARY KEY (`id`);

--
-- Indices de la tabla `tipo`
--
ALTER TABLE `tipo`
  ADD PRIMARY KEY (`id`);

--
-- Indices de la tabla `users`
--
ALTER TABLE `users`
  ADD PRIMARY KEY (`id`),
  ADD UNIQUE KEY `users_email_unique` (`email`),
  ADD KEY `users_permiso_id_foreign` (`permiso_id`);

--
-- AUTO_INCREMENT de las tablas volcadas
--

--
-- AUTO_INCREMENT de la tabla `banco`
--
ALTER TABLE `banco`
  MODIFY `id` bigint(20) UNSIGNED NOT NULL AUTO_INCREMENT, AUTO_INCREMENT=23;

--
-- AUTO_INCREMENT de la tabla `banco_proveedor`
--
ALTER TABLE `banco_proveedor`
  MODIFY `id` bigint(20) UNSIGNED NOT NULL AUTO_INCREMENT, AUTO_INCREMENT=1733;

--
-- AUTO_INCREMENT de la tabla `cliente`
--
ALTER TABLE `cliente`
  MODIFY `id` bigint(20) UNSIGNED NOT NULL AUTO_INCREMENT, AUTO_INCREMENT=33;

--
-- AUTO_INCREMENT de la tabla `codventa`
--
ALTER TABLE `codventa`
  MODIFY `id` bigint(20) UNSIGNED NOT NULL AUTO_INCREMENT, AUTO_INCREMENT=207;

--
-- AUTO_INCREMENT de la tabla `failed_jobs`
--
ALTER TABLE `failed_jobs`
  MODIFY `id` bigint(20) UNSIGNED NOT NULL AUTO_INCREMENT;

--
-- AUTO_INCREMENT de la tabla `material`
--
ALTER TABLE `material`
  MODIFY `id` bigint(20) UNSIGNED NOT NULL AUTO_INCREMENT;

--
-- AUTO_INCREMENT de la tabla `migrations`
--
ALTER TABLE `migrations`
  MODIFY `id` int(10) UNSIGNED NOT NULL AUTO_INCREMENT, AUTO_INCREMENT=142;

--
-- AUTO_INCREMENT de la tabla `obra`
--
ALTER TABLE `obra`
  MODIFY `id` bigint(20) UNSIGNED NOT NULL AUTO_INCREMENT, AUTO_INCREMENT=282;

--
-- AUTO_INCREMENT de la tabla `obra_personal`
--
ALTER TABLE `obra_personal`
  MODIFY `id` bigint(20) UNSIGNED NOT NULL AUTO_INCREMENT, AUTO_INCREMENT=248;

--
-- AUTO_INCREMENT de la tabla `permisos`
--
ALTER TABLE `permisos`
  MODIFY `id` bigint(20) UNSIGNED NOT NULL AUTO_INCREMENT, AUTO_INCREMENT=21;

--
-- AUTO_INCREMENT de la tabla `personal`
--
ALTER TABLE `personal`
  MODIFY `id` bigint(20) UNSIGNED NOT NULL AUTO_INCREMENT, AUTO_INCREMENT=34;

--
-- AUTO_INCREMENT de la tabla `personal_access_tokens`
--
ALTER TABLE `personal_access_tokens`
  MODIFY `id` bigint(20) UNSIGNED NOT NULL AUTO_INCREMENT;

--
-- AUTO_INCREMENT de la tabla `proveedor`
--
ALTER TABLE `proveedor`
  MODIFY `id` bigint(20) UNSIGNED NOT NULL AUTO_INCREMENT, AUTO_INCREMENT=1797;

--
-- AUTO_INCREMENT de la tabla `suministro`
--
ALTER TABLE `suministro`
  MODIFY `id` bigint(20) UNSIGNED NOT NULL AUTO_INCREMENT, AUTO_INCREMENT=157;

--
-- AUTO_INCREMENT de la tabla `tipo`
--
ALTER TABLE `tipo`
  MODIFY `id` bigint(20) UNSIGNED NOT NULL AUTO_INCREMENT, AUTO_INCREMENT=20;

--
-- AUTO_INCREMENT de la tabla `users`
--
ALTER TABLE `users`
  MODIFY `id` bigint(20) UNSIGNED NOT NULL AUTO_INCREMENT, AUTO_INCREMENT=103;

--
-- Restricciones para tablas volcadas
--

--
-- Filtros para la tabla `banco_proveedor`
--
ALTER TABLE `banco_proveedor`
  ADD CONSTRAINT `banco_proveedor_banco_id_foreign` FOREIGN KEY (`banco_id`) REFERENCES `banco` (`id`),
  ADD CONSTRAINT `banco_proveedor_proveedor_id_foreign` FOREIGN KEY (`proveedor_id`) REFERENCES `proveedor` (`id`);

--
-- Filtros para la tabla `obra`
--
ALTER TABLE `obra`
  ADD CONSTRAINT `obra_cliente_id_foreign` FOREIGN KEY (`cliente_id`) REFERENCES `cliente` (`id`),
  ADD CONSTRAINT `obra_tipo_id_foreign` FOREIGN KEY (`tipo_id`) REFERENCES `tipo` (`id`);

--
-- Filtros para la tabla `obra_personal`
--
ALTER TABLE `obra_personal`
  ADD CONSTRAINT `obra_personal_obra_id_foreign` FOREIGN KEY (`obra_id`) REFERENCES `obra` (`id`),
  ADD CONSTRAINT `obra_personal_personal_id_foreign` FOREIGN KEY (`personal_id`) REFERENCES `personal` (`id`);

--
-- Filtros para la tabla `proveedor`
--
ALTER TABLE `proveedor`
  ADD CONSTRAINT `proveedor_suministro_id_foreign` FOREIGN KEY (`suministro_id`) REFERENCES `suministro` (`id`);

--
-- Filtros para la tabla `users`
--
ALTER TABLE `users`
  ADD CONSTRAINT `users_permiso_id_foreign` FOREIGN KEY (`permiso_id`) REFERENCES `permisos` (`id`);
COMMIT;

/*!40101 SET CHARACTER_SET_CLIENT=@OLD_CHARACTER_SET_CLIENT */;
/*!40101 SET CHARACTER_SET_RESULTS=@OLD_CHARACTER_SET_RESULTS */;
/*!40101 SET COLLATION_CONNECTION=@OLD_COLLATION_CONNECTION */;
